Brand,Product,Variant Scope,Affected Variants,Current Category,Current Weight(s),Corrected Ship Class,Rec L,Rec W,Rec H,Recommended Site Weight,Delta Min,Delta Max,Match Source,Confidence,Action,Reason
⚡ Tesla,ETi Tesla Model 3 Dry Carbon Spoiler,All variants,1,Spoiler/Wing,17,Standard Spoiler / Wing,133.0,43.0,26.0,30.0,13.0,13.0,Cleaned category P75,High,UPDATE SITE,Generic standard-wing fallback; exact vehicle evidence preferred. Representative carton: A-DE5-RS-AR2& / OD-0022319. Representative carton: B-YARISGR-RS-GV / OD-0027494.
⚪ Other,R32 GTR Carbon Fiber Cooling Panel,All variants,4,Small Panel,15,Cooling Panel,133.0,35.0,13.0,13.0,-2.0,-2.0,Exact vehicle + part P75,Medium,UPDATE SITE,Matched R32-CP cleaned historical cartons.
⚪ Other,R32 GTR TBO Style Front Lip,All variants,4,Front Lip,46,Front Lip / Splitter,171.0,64.0,12.0,27.0,-19.0,-19.0,Exact vehicle + part P75,High,UPDATE SITE,Matched R32-FL cleaned historical cartons.
⚪ Other,R33 GTR GTS OEM Style Rear Spoiler Blade R33 GTR GTS,All variants,5,Spoiler/Wing,30,Standard Spoiler / Wing,130.0,32.0,16.0,14.0,-16.0,-16.0,Exact vehicle + part P75,High,UPDATE SITE,Matched R33-RS cleaned historical cartons.
⚪ Other,R33 GTR JUN Style Front Lip,All variants,4,Front Lip,46,Front Lip / Splitter,192.0,78.0,21.0,63.0,17.0,17.0,Exact vehicle + part P75,Medium,UPDATE SITE,Matched R33-FL cleaned historical cartons.
⚪ Other,R33 GTR OEM GTS GTR-Style Rear Trunk Spoiler Wing,All variants,4,Trunk/Boot,88,Standard Spoiler / Wing,130.0,32.0,16.0,14.0,-74.0,-74.0,Exact vehicle + part P75,High,UPDATE SITE,Matched R33-RS cleaned historical cartons.
⚪ Other,R33 GTS/GTR Nismo 400R Style Wheel Arches 6pcs,All variants,5,Accessory,62,Fender Flare / Arch,102.0,42.0,16.0,14.0,-48.0,-48.0,Exact vehicle + part P75,Medium,UPDATE SITE,Matched R33-ARCH cleaned historical cartons.
⚪ Other,R33 Skyline GTR GTS GTT Rear Roof Spoiler Wing Lip,All variants,4,Roof Panel,72,Duckbill / Small Spoiler,130.0,32.0,16.0,14.0,-58.0,-58.0,Exact vehicle + part P75,High,UPDATE SITE,Matched R33-RS cleaned historical cartons.
⚪ Other,R34 GTR NI Z-Tune Style Side Skirt Extensions,All variants,5,Side Skirts,37,Side Skirts,205.0,28.0,17.0,20.0,-17.0,-17.0,Exact vehicle + part P75,High,UPDATE SITE,Matched R34-SS cleaned historical cartons.
⚪ Other,R34 GTR Nismo Style Carbon Fiber Side Skirt Extension (189cm),All variants,5,Side Skirts,37,Side Skirts,205.0,28.0,17.0,20.0,-17.0,-17.0,Exact vehicle + part P75,High,UPDATE SITE,Matched R34-SS cleaned historical cartons.
⚪ Other,R34 GTR Nismo Style Rear Spats,All variants,4,Accessory,5,Spats / Extensions,73.0,31.0,25.0,12.0,7.0,7.0,Exact vehicle + part P75,Medium,UPDATE SITE,Matched R34-SPAT cleaned historical cartons.
⚪ Other,R34 GTR OEM Style Rear Spoiler (Fits: R32 R33 R34 GTR GTS G35),All variants,5,Spoiler/Wing,30,Standard Spoiler / Wing,130.0,32.0,16.0,14.0,-16.0,-16.0,Exact vehicle + part P75,High,UPDATE SITE,Matched R33-RS cleaned historical cartons.
⚪ Other,R34 GTR Z-Tune Style Rear Bumper Spats,All variants,4,Bumper,170,Spats / Extensions,73.0,31.0,25.0,12.0,-158.0,-158.0,Exact vehicle + part P75,Medium,UPDATE SITE,Matched R34-SPAT cleaned historical cartons.
⚪ Other,R34 GTR Z-Tune Style Side Skirts,All variants,5,Side Skirts,37,Side Skirts,205.0,28.0,17.0,20.0,-17.0,-17.0,Exact vehicle + part P75,High,UPDATE SITE,Matched R34-SS cleaned historical cartons.
⚪ Other,R34 GTT GTR-Style Rear Fender,All variants,5,Rear Fender,62,Rear Fender,140.0,62.0,19.0,33.0,-29.0,-29.0,Exact vehicle + part P75,Medium,UPDATE SITE,Matched R34-RF cleaned historical cartons.
⚪ Other,R34 GTT Z-Tune Rear Bumper Caps / Skyline R34 GTT 2D GTR Conversion Rear Bumper Spats (ONLY Fit GTR-Style Bumper),All variants,4,Bumper,170,Spats / Extensions,73.0,31.0,25.0,12.0,-158.0,-158.0,Exact vehicle + part P75,Medium,UPDATE SITE,Matched R34-SPAT cleaned historical cartons.
⚪ Other,R34 GTT Z-Tune Rear Diffuser 5pcs 1999-2000 Skyline R34 GTT 2D GTR Conversion East Bear Style,All variants,4,Rear Diffuser,48,Rear Diffuser,148.0,71.0,15.0,32.0,-16.0,-16.0,Exact vehicle + part P75,Medium,UPDATE SITE,Matched R34-DIF cleaned historical cartons.
⚪ Other,R34 GTT Z-Tune Side Skirt Extensions / Skyline R34 GTT 2D GTR Conversion Side Skirt Extensions (2pcs),All variants,5,Side Skirts,37,Side Skirts,205.0,28.0,17.0,20.0,-17.0,-17.0,Exact vehicle + part P75,High,UPDATE SITE,Matched R34-SS cleaned historical cartons.
⚪ Other,R35 GTR B Style Exhaust Surround Shroud Heat Shield 2pcs,All variants,5,Small Panel,15,Heatshield,41.0,26.0,12.0,3.0,-12.0,-12.0,Cleaned category P75,High,UPDATE SITE,Cleaned P75 of small heatshield cartons. Representative carton: A-MX5-HEAT-NA / OD-0020315.
⚪ Other,Skyline R34 GTT Z-Tune Side Skirt Extensions / Skyline R34 GTT 2D GTR Conversion Side Skirt Extensions (2pcs),All variants,5,Side Skirts,37,Side Skirts,205.0,28.0,17.0,20.0,-17.0,-17.0,Exact vehicle + part P75,High,UPDATE SITE,Matched R34-SS cleaned historical cartons.
🌊 Subaru,Subaru Impreza 98-00 Hood Scoop,All variants,1,Hood,74,Hood Vent / Scoop,45.0,33.0,18.0,6.0,-68.0,-68.0,Cleaned category P75,Medium,UPDATE SITE,Standalone vent/scoop only. Representative carton: A-EP82-HV-OE / OD-0026027.
🏎️ BMW,BMW 4 Series F32 Trunk Wing,All variants,1,Trunk/Boot,67,Standard Spoiler / Wing,133.0,43.0,26.0,30.0,-37.0,-37.0,Cleaned category P75,High,UPDATE SITE,Generic standard-wing fallback; exact vehicle evidence preferred. Representative carton: A-DE5-RS-AR2& / OD-0022319. Representative carton: B-YARISGR-RS-GV / OD-0027494.
🏎️ BMW,BMW M2 Front Bumper Lip,All variants,4,Bumper,140,Front Lip / Splitter,177.0,57.0,17.0,35.0,-105.0,-105.0,Cleaned category P75,Medium,UPDATE SITE,Cleaned P75 of actual single-unit cartons. Representative carton: B-R34-FL-HSM / OD-0027251.
🏎️ BMW,BMW M2 Rear Wing,All variants,4,Spoiler/Wing,17,Standard Spoiler / Wing,133.0,43.0,26.0,30.0,13.0,13.0,Cleaned category P75,High,UPDATE SITE,Generic standard-wing fallback; exact vehicle evidence preferred. Representative carton: A-DE5-RS-AR2& / OD-0022319. Representative carton: B-YARISGR-RS-GV / OD-0027494.
🏎️ BMW,BMW M2 Side Skirt Extension,All variants,2,Side Skirts,28,Side Skirts,171.0,31.0,20.0,22.0,-6.0,-6.0,Cleaned category P75,Medium,UPDATE SITE,Cleaned P75; full side-skirt cartons. Representative carton: B-MX5-SS-ND-ESQ / OD-0021733.
🏎️ BMW,BMW M3 E92-E93 Front Bumper Lip,All variants,4,Bumper,140,Front Lip / Splitter,177.0,57.0,17.0,35.0,-105.0,-105.0,Cleaned category P75,Medium,UPDATE SITE,Cleaned P75 of actual single-unit cartons. Representative carton: B-R34-FL-HSM / OD-0027251.
🏎️ BMW,ETi BMW E46 Front Bumper Canards – Carbon Fiber / Dry Carbon,All variants,2,Bumper,140,Canards,66.0,24.0,22.0,7.0,-133.0,-133.0,Cleaned category P75,Medium,UPDATE SITE,Cleaned P75; prevents full-bumper inheritance. Representative carton: A-G70-CANA-EPA / OD-0018524.
🏎️ BMW,ETi BMW E46 Front Bumper Lip – Carbon Fiber / Dry Carbon,All variants,2,Bumper,140,Front Lip / Splitter,177.0,57.0,17.0,35.0,-105.0,-105.0,Cleaned category P75,Medium,UPDATE SITE,Cleaned P75 of actual single-unit cartons. Representative carton: B-R34-FL-HSM / OD-0027251.
🏎️ BMW,ETi BMW F10-G30 Duckbill Trunk Spoiler,All variants,5,Trunk/Boot,67,Duckbill / Small Spoiler,133.0,41.0,14.0,16.0,-51.0,-51.0,Cleaned category P75,High,UPDATE SITE,Small spoiler class uses RS cartons at or below 20 volumetric kg. Representative carton: A-DE5-RS-AR2& / OD-0022319. Representative carton: A-G70-RS-EPA2 / OD-0027297.
🏎️ BMW,ETi BMW M3 E92-E93 Front Fender Vents,All variants,5,Front Fender,66,Fender Vent / Add-on,66.0,22.0,13.0,4.0,-62.0,-62.0,Cleaned category P75,Medium,UPDATE SITE,Cleaned P75 of small fender add-ons. Representative carton: B-FK8-FFAV-EPA / OD-0026319.
🔱 Mercedes-Benz,Mercedes-Benz W 140 2DOOR FAB DESIGN Body Kit,Side Skirt / Fiberglass (FRP); Side Skirt / Forged Carbon; Side Skirt / Gloss Carbon; Side Skirt / Kevlar; Side Skirt / Matte Carbon,5,Side Skirts,28,Side Skirts,171.0,31.0,20.0,22.0,-6.0,-6.0,Cleaned category P75,Medium,UPDATE SITE,Cleaned P75; full side-skirt cartons. Representative carton: B-MX5-SS-ND-ESQ / OD-0021733.
🔱 Mercedes-Benz,Mercedes-Benz W220 WALD Body Kit,Side Skirt / Fiberglass (FRP); Side Skirt / Forged Carbon; Side Skirt / Gloss Carbon; Side Skirt / Kevlar; Side Skirt / Matte Carbon,5,Side Skirts,28,Side Skirts,171.0,31.0,20.0,22.0,-6.0,-6.0,Cleaned category P75,Medium,UPDATE SITE,Cleaned P75; full side-skirt cartons. Representative carton: B-MX5-SS-ND-ESQ / OD-0021733.
🔱 Mercedes-Benz,Mercedes-Benz W220 WALD Body Kit,Rear Spoiler / Fiberglass (FRP); Rear Spoiler / Forged Carbon; Rear Spoiler / Gloss Carbon; Rear Spoiler / Kevlar; Rear Spoiler / Matte Carbon,5,Spoiler/Wing,17,Standard Spoiler / Wing,133.0,43.0,26.0,30.0,13.0,13.0,Cleaned category P75,High,UPDATE SITE,Generic standard-wing fallback; exact vehicle evidence preferred. Representative carton: A-DE5-RS-AR2& / OD-0022319. Representative carton: B-YARISGR-RS-GV / OD-0027494.
🔴 Mitsubishi,ETi Evo 8 VS-Style Carbon Fiber Air Duct & Oil Cooler Guide (3-Piece Kit),All variants,5,Accessory,5,Duct / Guide,43.0,31.0,27.0,8.0,3.0,3.0,Cleaned category P75,High,UPDATE SITE,Cleaned P75 of ducts and guides. Representative carton: A-NSX-SDUCT-OE / OD-0024874.
🔴 Mitsubishi,ETi Evo 8/9 Carbon Fiber Vented Headlight Air Duct LHD,All variants,5,Accessory,5,Duct / Guide,43.0,31.0,27.0,8.0,3.0,3.0,Cleaned category P75,High,UPDATE SITE,Cleaned P75 of ducts and guides. Representative carton: A-NSX-SDUCT-OE / OD-0024874.
🔴 Mitsubishi,ETi Evo 8/9 Time Attack Voltex Front Fenders,All variants,1,Front Fender,66,Front Fender,119.0,84.0,36.0,72.0,6.0,6.0,Exact vehicle + part P75,Medium,UPDATE SITE,Matched EVO8-FF cleaned historical cartons.
🔴 Mitsubishi,ETi Evo 8/9 Time Attack Voltex Rear Fender Flare,All variants,1,Rear Fender,41,Fender Flare / Arch,86.0,44.0,12.0,10.0,-31.0,-31.0,Exact vehicle + part P75,Medium,UPDATE SITE,Matched EVO8-ARCH cleaned historical cartons.
🔴 Mitsubishi,ETi Evo 8/9 Time Attack Voltex Side Skirt,All variants,1,Side Skirts,28,Side Skirts,171.0,31.0,20.0,22.0,-6.0,-6.0,Cleaned category P75,Medium,UPDATE SITE,Cleaned P75; full side-skirt cartons. Representative carton: B-MX5-SS-ND-ESQ / OD-0021733.
🔴 Mitsubishi,ETi Evo 8/9 USDM OEM-Style Rear Bumper Exhaust Heatshield,All variants,5,Bumper,140,Heatshield,41.0,26.0,12.0,3.0,-137.0,-137.0,Cleaned category P75,High,UPDATE SITE,Cleaned P75 of small heatshield cartons. Representative carton: A-MX5-HEAT-NA / OD-0020315.
🔴 Mitsubishi,ETi Evo 8/9 VS-Style Carbon Fiber Exhaust Heatshield,All variants,5,Accessory,5,Heatshield,41.0,26.0,12.0,3.0,-2.0,-2.0,Cleaned category P75,High,UPDATE SITE,Cleaned P75 of small heatshield cartons. Representative carton: A-MX5-HEAT-NA / OD-0020315.
🔴 Mitsubishi,ETi Evo 9 RA-Style Front Bumper Oil Cooler Guide & Air Duct,All variants,5,Bumper,140,Duct / Guide,43.0,31.0,27.0,8.0,-132.0,-132.0,Cleaned category P75,High,UPDATE SITE,Cleaned P75 of ducts and guides. Representative carton: A-NSX-SDUCT-OE / OD-0024874.
🔴 Mitsubishi,ETi Evolution 8/9 Carbon Fiber Cooling Panel,All variants,4,Small Panel,10,Cooling Panel,133.0,35.0,13.0,13.0,3.0,3.0,Cleaned category P75,Medium,UPDATE SITE,Cleaned P75 after removing a clear oversized outlier. Representative carton: B-R34-CP-GARA / OD-0027441.
🔴 Mitsubishi,ETi Evolution 8/9 Carbon Fiber Duckbill Spoiler,All variants,5,Spoiler/Wing,17,Duckbill / Small Spoiler,133.0,41.0,14.0,16.0,-1.0,-1.0,Cleaned category P75,High,UPDATE SITE,Small spoiler class uses RS cartons at or below 20 volumetric kg. Representative carton: A-DE5-RS-AR2& / OD-0022319. Representative carton: A-G70-RS-EPA2 / OD-0027297.
🔴 Mitsubishi,ETi Evolution 8/9 Carbon Fiber Side Skirt Add-On Spats,All variants,4,Side Skirts,28,Spats / Extensions,202.0,17.0,13.0,9.0,-19.0,-19.0,Exact vehicle + part P75,Medium,UPDATE SITE,Matched EVO8-SSX cleaned historical cartons.
🔴 Mitsubishi,ETi Evolution 8/9 Type-5 Carbon Fiber GT Wing,All variants,3,GT Wing,52,GT Wing,141.0,57.0,30.0,49.0,-3.0,-3.0,Cleaned category P75,High,UPDATE SITE,Large wing class; exact vehicle evidence preferred. Representative carton: A-DE5-RS-AR2& / OD-0022319. Representative carton: A-YARISGR-RS-EPA3 / OD-0027721.
🔴 Mitsubishi,ETi Evolution 8/9 Varis Style Front Fender Add-On,All variants,5,Front Fender,66,Fender Vent / Add-on,66.0,22.0,13.0,4.0,-62.0,-62.0,Cleaned category P75,Medium,UPDATE SITE,Cleaned P75 of small fender add-ons. Representative carton: B-FK8-FFAV-EPA / OD-0026319.
🔴 Mitsubishi,ETi Evolution 9 Rear Bumper Extensions,All variants,5,Bumper,140,Spats / Extensions,208.0,20.0,15.0,13.0,-127.0,-127.0,Cleaned category P75,Medium,UPDATE SITE,Cleaned P75 of single-unit extension cartons. Representative carton: B-R34-SSX-OE-CON / OD-0026518.
🔴 Mitsubishi,ETi Mitsubishi EVO 6 OEM Carbon Fiber Spoiler,All variants,4,Spoiler/Wing,17,Standard Spoiler / Wing,133.0,43.0,26.0,30.0,13.0,13.0,Cleaned category P75,High,UPDATE SITE,Generic standard-wing fallback; exact vehicle evidence preferred. Representative carton: A-DE5-RS-AR2& / OD-0022319. Representative carton: B-YARISGR-RS-GV / OD-0027494.
🔴 Mitsubishi,ETi Mitsubishi Evo 9 MR SE-Style Front Lip,All variants,4,Front Lip,32,Front Lip / Splitter,177.0,57.0,17.0,35.0,3.0,3.0,Cleaned category P75,Medium,UPDATE SITE,Cleaned P75 of actual single-unit cartons. Representative carton: B-R34-FL-HSM / OD-0027251.
🔴 Mitsubishi,EVO HKS Widebody Front Bumper Canards CF,All variants,1,Bumper,140,Canards,66.0,24.0,22.0,7.0,-133.0,-133.0,Cleaned category P75,Medium,UPDATE SITE,Cleaned P75; prevents full-bumper inheritance. Representative carton: A-G70-CANA-EPA / OD-0018524.
🔴 Mitsubishi,EVO HKS Widebody Front Bumper Lip CF,All variants,1,Bumper,140,Front Lip / Splitter,177.0,57.0,17.0,35.0,-105.0,-105.0,Cleaned category P75,Medium,UPDATE SITE,Cleaned P75 of actual single-unit cartons. Representative carton: B-R34-FL-HSM / OD-0027251.
🔴 Mitsubishi,EVO HKS Widebody Side Skirt,All variants,2,Side Skirts,28,Side Skirts,171.0,31.0,20.0,22.0,-6.0,-6.0,Cleaned category P75,Medium,UPDATE SITE,Cleaned P75; full side-skirt cartons. Representative carton: B-MX5-SS-ND-ESQ / OD-0021733.
🔴 Mitsubishi,EVO HKS Widebody Spoiler Wing,All variants,2,Spoiler/Wing,17,Standard Spoiler / Wing,133.0,43.0,26.0,30.0,13.0,13.0,Cleaned category P75,High,UPDATE SITE,Generic standard-wing fallback; exact vehicle evidence preferred. Representative carton: A-DE5-RS-AR2& / OD-0022319. Representative carton: B-YARISGR-RS-GV / OD-0027494.
🔴 Mitsubishi,Mitsubishi Lancer Evolution X Carbon Fiber Front Bumper Lip,All variants,4,Bumper,140,Front Lip / Splitter,177.0,57.0,17.0,35.0,-105.0,-105.0,Cleaned category P75,Medium,UPDATE SITE,Cleaned P75 of actual single-unit cartons. Representative carton: B-R34-FL-HSM / OD-0027251.
🔴 Mitsubishi,Mitsubishi Lancer Evolution X Carbon Fiber Front Bumper Splitter,All variants,4,Bumper,140,Front Lip / Splitter,177.0,57.0,17.0,35.0,-105.0,-105.0,Cleaned category P75,Medium,UPDATE SITE,Cleaned P75 of actual single-unit cartons. Representative carton: B-R34-FL-HSM / OD-0027251.
🔵 Honda,ETi Honda Civic 2006 ETi Carbon Fiber Hood,All variants,4,Hood,55,Hood,170.0,133.0,16.0,73.0,18.0,18.0,Established ETi hood tier,Established,UPDATE SITE,Retain the established ETi standard hood tier.
🔵 Honda,ETi Honda Civic 2006 OEM Carbon Fiber Hood,All variants,4,Hood,55,Hood,170.0,133.0,16.0,73.0,18.0,18.0,Established ETi hood tier,Established,UPDATE SITE,Retain the established ETi standard hood tier.
🔵 Honda,ETi Honda Civic 2012 FB OEM Carbon Fiber Hood,All variants,4,Hood,55,Hood,170.0,133.0,16.0,73.0,18.0,18.0,Established ETi hood tier,Established,UPDATE SITE,Retain the established ETi standard hood tier.
🔵 Honda,ETi Honda Civic 2012 FC/FK ETi Carbon Fiber Hood,All variants,4,Hood,55,Hood,170.0,133.0,16.0,73.0,18.0,18.0,Established ETi hood tier,Established,UPDATE SITE,Retain the established ETi standard hood tier.
🔵 Honda,ETi Honda Civic 2012 FC/FK OEM Carbon Fiber Hood,All variants,4,Hood,55,Hood,170.0,133.0,16.0,73.0,18.0,18.0,Established ETi hood tier,Established,UPDATE SITE,Retain the established ETi standard hood tier.
🔵 Honda,ETi Honda Civic 3D ETi XO Carbon Fiber Hood,All variants,4,Hood,55,Hood,170.0,133.0,16.0,73.0,18.0,18.0,Established ETi hood tier,Established,UPDATE SITE,Retain the established ETi standard hood tier.
🔵 Honda,ETi Honda Civic 3D OEM Carbon Fiber Hood,All variants,4,Hood,55,Hood,170.0,133.0,16.0,73.0,18.0,18.0,Established ETi hood tier,Established,UPDATE SITE,Retain the established ETi standard hood tier.
🔵 Honda,ETi Honda Civic 4D ETi Carbon Fiber Hood,All variants,4,Hood,55,Hood,170.0,133.0,16.0,73.0,18.0,18.0,Established ETi hood tier,Established,UPDATE SITE,Retain the established ETi standard hood tier.
🔵 Honda,ETi Honda Civic EG Carbon Fiber Drag Racing Hood,All variants,4,Hood,55,Hood,170.0,133.0,16.0,73.0,18.0,18.0,Established ETi hood tier,Established,UPDATE SITE,Retain the established ETi standard hood tier.
🔵 Honda,ETi Honda Civic EG Dry Carbon Fiber Drag Racing Front Fender,All variants,5,Front Fender,46,Front Fender,115.0,71.0,30.0,49.0,3.0,3.0,Exact vehicle + part P75,Medium,UPDATE SITE,Matched EG-FF cleaned historical cartons.
🔵 Honda,ETi Honda Civic EG Front Fenders (+20mm),All variants,5,Front Fender,46,Front Fender,115.0,71.0,30.0,49.0,3.0,3.0,Exact vehicle + part P75,Medium,UPDATE SITE,Matched EG-FF cleaned historical cartons.
🔵 Honda,ETi Honda Civic EK 4-Door Drag Stance Carbon Fiber Duckbill Spoiler,All variants,5,Door,40,Duckbill / Small Spoiler,124.0,51.0,17.0,22.0,-18.0,-18.0,Exact vehicle + part P75,Medium,UPDATE SITE,Matched EK-RS cleaned historical cartons.
🔵 Honda,ETi Honda Civic EK Front Fenders,All variants,5,Front Fender,46,Front Fender,112.0,74.0,30.0,50.0,4.0,4.0,Exact vehicle + part P75,Medium,UPDATE SITE,Matched EK-FF cleaned historical cartons.
🔵 Honda,ETi Honda Civic EK OEM Hood,All variants,4,Hood,55,Hood,170.0,133.0,16.0,73.0,18.0,18.0,Established ETi hood tier,Established,UPDATE SITE,Retain the established ETi standard hood tier.
🔵 Honda,ETi Honda Civic EK Racing Wing,All variants,4,Spoiler/Wing,10,Standard Spoiler / Wing,124.0,51.0,17.0,22.0,12.0,12.0,Exact vehicle + part P75,Medium,UPDATE SITE,Matched EK-RS cleaned historical cartons.
🔵 Honda,ETi Honda Civic EK99 ETi V2 Carbon Fiber Hood,All variants,4,Hood,55,Hood,170.0,133.0,16.0,73.0,18.0,18.0,Established ETi hood tier,Established,UPDATE SITE,Retain the established ETi standard hood tier.
🔵 Honda,ETi Honda Civic EK99 OEM Carbon Fiber Hood,All variants,4,Hood,55,Hood,170.0,133.0,16.0,73.0,18.0,18.0,Established ETi hood tier,Established,UPDATE SITE,Retain the established ETi standard hood tier.
🔵 Honda,ETi Honda Civic EP3 Carbon Fiber Spoiler,All variants,4,Spoiler/Wing,10,Standard Spoiler / Wing,125.0,49.0,24.0,30.0,20.0,20.0,Exact vehicle + part P75,High,UPDATE SITE,Matched EP3-RS cleaned historical cartons.
🔵 Honda,ETi Honda Civic EP3 OEM Carbon Fiber Hood,All variants,4,Hood,55,Hood,170.0,133.0,16.0,73.0,18.0,18.0,Established ETi hood tier,Established,UPDATE SITE,Retain the established ETi standard hood tier.
🔵 Honda,ETi Honda Civic FC Vented Hood,All variants,4,Hood,55,Hood,170.0,133.0,16.0,73.0,18.0,18.0,Established ETi hood tier,Established,UPDATE SITE,Retain the established ETi standard hood tier.
🔵 Honda,ETi Honda Civic FC Wing,All variants,4,Spoiler/Wing,10,Standard Spoiler / Wing,133.0,43.0,26.0,30.0,20.0,20.0,Cleaned category P75,High,UPDATE SITE,Generic standard-wing fallback; exact vehicle evidence preferred. Representative carton: A-DE5-RS-AR2& / OD-0022319. Representative carton: B-YARISGR-RS-GV / OD-0027494.
🔵 Honda,ETi Honda Civic GT Wing (Chassis-Mounted),All variants,4,GT Wing,52,GT Wing,141.0,57.0,30.0,49.0,-3.0,-3.0,Cleaned category P75,High,UPDATE SITE,Large wing class; exact vehicle evidence preferred. Representative carton: A-DE5-RS-AR2& / OD-0022319. Representative carton: A-YARISGR-RS-EPA3 / OD-0027721.
🔵 Honda,ETi Honda Civic GT Wing (Trunk Mounted),All variants,4,Trunk/Boot,52,GT Wing,141.0,57.0,30.0,49.0,-3.0,-3.0,Cleaned category P75,High,UPDATE SITE,Large wing class; exact vehicle evidence preferred. Representative carton: A-DE5-RS-AR2& / OD-0022319. Representative carton: A-YARISGR-RS-EPA3 / OD-0027721.
🔵 Honda,ETi Honda Civic OEM Hood,All variants,6,Hood,55,Hood,170.0,133.0,16.0,73.0,18.0,18.0,Established ETi hood tier,Established,UPDATE SITE,Retain the established ETi standard hood tier.
🔵 Honda,ETi Honda EG Mod X Vented Carbon Fiber Hood,All variants,4,Hood,55,Hood,170.0,133.0,16.0,73.0,18.0,18.0,Established ETi hood tier,Established,UPDATE SITE,Retain the established ETi standard hood tier.
🔵 Honda,ETi Honda EG Type J Vented Carbon Fiber Hood,All variants,3,Hood,55,Hood,170.0,133.0,16.0,73.0,18.0,18.0,Established ETi hood tier,Established,UPDATE SITE,Retain the established ETi standard hood tier.
🔵 Honda,ETi Honda EK9 OEM Hood,All variants,10,Hood,55,Hood,170.0,133.0,16.0,73.0,18.0,18.0,Established ETi hood tier,Established,UPDATE SITE,Retain the established ETi standard hood tier.
🔵 Honda,ETi Honda FK Carbon Fiber X Clear Hybrid V3 Hood,All variants,4,Hood,55,Hood,170.0,133.0,16.0,73.0,18.0,18.0,Established ETi hood tier,Established,UPDATE SITE,Retain the established ETi standard hood tier.
🔵 Honda,ETi Honda FK/FC Type RS2 Vented Style Hood,All variants,3,Hood,55,Hood,170.0,133.0,16.0,73.0,18.0,18.0,Established ETi hood tier,Established,UPDATE SITE,Retain the established ETi standard hood tier.
🔵 Honda,ETi Honda Jazz GE 2007 ETi Carbon Fiber Hood,All variants,4,Hood,55,Hood,170.0,133.0,16.0,73.0,18.0,18.0,Established ETi hood tier,Established,UPDATE SITE,Retain the established ETi standard hood tier.
🔵 Honda,ETi Honda Jazz GE 2007 OEM Carbon Fiber Hood,All variants,4,Hood,55,Hood,170.0,133.0,16.0,73.0,18.0,18.0,Established ETi hood tier,Established,UPDATE SITE,Retain the established ETi standard hood tier.
🔵 Honda,ETi Honda Jazz/Fit GD J's Racing Spec Carbon Fiber Hood,All variants,3,Hood,55,Hood,170.0,133.0,16.0,73.0,18.0,18.0,Established ETi hood tier,Established,UPDATE SITE,Retain the established ETi standard hood tier.
🔵 Honda,ETi Honda Jazz/Fit GE Carbon Fiber Hood,All variants,4,Hood,55,Hood,170.0,133.0,16.0,73.0,18.0,18.0,Established ETi hood tier,Established,UPDATE SITE,Retain the established ETi standard hood tier.
🔵 Honda,ETi Honda Jazz/Fit GE OEM Hood,All variants,4,Hood,55,Hood,170.0,133.0,16.0,73.0,18.0,18.0,Established ETi hood tier,Established,UPDATE SITE,Retain the established ETi standard hood tier.
🔵 Honda,ETi Honda Jazz/Fit GK Carbon Fiber Hood,All variants,4,Hood,55,Hood,170.0,133.0,16.0,73.0,18.0,18.0,Established ETi hood tier,Established,UPDATE SITE,Retain the established ETi standard hood tier.
🔵 Honda,ETi Honda Jazz/Fit J's Racing Style Hood,All variants,3,Hood,55,Hood,170.0,133.0,16.0,73.0,18.0,18.0,Established ETi hood tier,Established,UPDATE SITE,Retain the established ETi standard hood tier.
🔵 Honda,Honda Civic 2006 Mugen Style Carbon Fiber Hood,All variants,4,Hood,55,Hood,170.0,133.0,16.0,73.0,18.0,18.0,Established ETi hood tier,Established,UPDATE SITE,Retain the established ETi standard hood tier.
🔵 Honda,Honda Civic 2006 Type R Style Carbon Fiber Hood,All variants,4,Hood,55,Hood,170.0,133.0,16.0,73.0,18.0,18.0,Established ETi hood tier,Established,UPDATE SITE,Retain the established ETi standard hood tier.
🔵 Honda,Honda Civic 2012 FB J's Racing Style Carbon Fiber Hood,All variants,4,Hood,55,Hood,170.0,133.0,16.0,73.0,18.0,18.0,Established ETi hood tier,Established,UPDATE SITE,Retain the established ETi standard hood tier.
🔵 Honda,Honda Civic EK 2/4-Door Drag Stance Carbon Fiber Hood,All variants,3,Hood,55,Hood,170.0,133.0,16.0,73.0,18.0,18.0,Established ETi hood tier,Established,UPDATE SITE,Retain the established ETi standard hood tier.
🔵 Honda,Honda Civic EK J's Racing Style Hood,All variants,4,Hood,55,Hood,170.0,133.0,16.0,73.0,18.0,18.0,Established ETi hood tier,Established,UPDATE SITE,Retain the established ETi standard hood tier.
🔵 Honda,Honda Civic EK M&M Style Hood,All variants,4,Hood,55,Hood,170.0,133.0,16.0,73.0,18.0,18.0,Established ETi hood tier,Established,UPDATE SITE,Retain the established ETi standard hood tier.
🔵 Honda,Honda Civic EK Vented Hood,All variants,3,Hood,55,Hood,170.0,133.0,16.0,73.0,18.0,18.0,Established ETi hood tier,Established,UPDATE SITE,Retain the established ETi standard hood tier.
🔵 Honda,Honda Civic FK Batman Vented Style Hood,All variants,4,Hood,55,Hood,170.0,133.0,16.0,73.0,18.0,18.0,Established ETi hood tier,Established,UPDATE SITE,Retain the established ETi standard hood tier.
🔵 Honda,Honda Civic FK Thunder Vented Style Hood,All variants,4,Hood,55,Hood,170.0,133.0,16.0,73.0,18.0,18.0,Established ETi hood tier,Established,UPDATE SITE,Retain the established ETi standard hood tier.
🔵 Honda,Honda Civic FK Type R Lambo V2 Style Hood,All variants,4,Hood,55,Hood,170.0,133.0,16.0,73.0,18.0,18.0,Established ETi hood tier,Established,UPDATE SITE,Retain the established ETi standard hood tier.
🔵 Honda,Honda Civic FN2 Mugen RR Style Carbon Fiber Hood,All variants,4,Hood,55,Hood,170.0,133.0,16.0,73.0,18.0,18.0,Established ETi hood tier,Established,UPDATE SITE,Retain the established ETi standard hood tier.
🔵 Honda,Honda EG Mod X Hybrid Style Carbon Fiber Hood,All variants,4,Hood,55,Hood,170.0,133.0,16.0,73.0,18.0,18.0,Established ETi hood tier,Established,UPDATE SITE,Retain the established ETi standard hood tier.
🔵 Honda,Honda FC/FK V Shape Vented Style Hood,All variants,4,Hood,55,Hood,170.0,133.0,16.0,73.0,18.0,18.0,Established ETi hood tier,Established,UPDATE SITE,Retain the established ETi standard hood tier.
🔵 Honda,Honda FK Jet V1 Style Hood,All variants,4,Hood,55,Hood,170.0,133.0,16.0,73.0,18.0,18.0,Established ETi hood tier,Established,UPDATE SITE,Retain the established ETi standard hood tier.
🔵 Honda,Honda FK Type R Vented Style Hood,All variants,4,Hood,55,Hood,170.0,133.0,16.0,73.0,18.0,18.0,Established ETi hood tier,Established,UPDATE SITE,Retain the established ETi standard hood tier.
🔵 Honda,Honda Jazz GE 2007 Dynamite Style Carbon Fiber Hood,All variants,4,Hood,55,Hood,170.0,133.0,16.0,73.0,18.0,18.0,Established ETi hood tier,Established,UPDATE SITE,Retain the established ETi standard hood tier.
🔵 Honda,Honda Jazz GE 2007 INGS+1 Style Carbon Fiber Hood,All variants,4,Hood,55,Hood,170.0,133.0,16.0,73.0,18.0,18.0,Established ETi hood tier,Established,UPDATE SITE,Retain the established ETi standard hood tier.
🔵 Honda,Honda Jazz/Fit GD J's Racing Spec Style Carbon Fiber Hood,All variants,4,Hood,55,Hood,170.0,133.0,16.0,73.0,18.0,18.0,Established ETi hood tier,Established,UPDATE SITE,Retain the established ETi standard hood tier.
🔵 Honda,Honda Jazz/Fit GK Vented Style Hood,All variants,4,Hood,55,Hood,170.0,133.0,16.0,73.0,18.0,18.0,Established ETi hood tier,Established,UPDATE SITE,Retain the established ETi standard hood tier.
🟠 Toyota,BRZ ZC6 / Scion FR-S / GT86 / FT86 ZN6 VTX-Style Rear Bumper Spats,All variants,4,Bumper,140,Spats / Extensions,208.0,20.0,15.0,13.0,-127.0,-127.0,Cleaned category P75,Medium,UPDATE SITE,Cleaned P75 of single-unit extension cartons. Representative carton: B-R34-SSX-OE-CON / OD-0026518.
🟠 Toyota,ETi Supra Cooling Panel,All variants,4,Small Panel,15,Cooling Panel,83.0,22.0,11.0,5.0,-10.0,-10.0,Exact vehicle + part P75,High,UPDATE SITE,Matched SUPRA-CP cleaned historical cartons.
🟠 Toyota,ETi Toyota GT86 Front Fenders,All variants,5,Front Fender,66,Front Fender,135.0,82.0,34.0,76.0,10.0,10.0,Exact vehicle + part P75,Medium,UPDATE SITE,Matched FT86-FF cleaned historical cartons.
🟠 Toyota,ETi Toyota MR-S (ZZW30) OEM Hood,All variants,4,Hood,55,Hood,170.0,133.0,16.0,73.0,18.0,18.0,Established ETi hood tier,Established,UPDATE SITE,Retain the established ETi standard hood tier.
🟠 Toyota,ETi Toyota MR-S (ZZW30) Vented Style Hood,All variants,4,Hood,55,Hood,170.0,133.0,16.0,73.0,18.0,18.0,Established ETi hood tier,Established,UPDATE SITE,Retain the established ETi standard hood tier.
🟠 Toyota,ETi Toyota MR2 Carbon Fiber Hood,All variants,4,Hood,55,Hood,170.0,133.0,16.0,73.0,18.0,18.0,Established ETi hood tier,Established,UPDATE SITE,Retain the established ETi standard hood tier.
🟠 Toyota,ETi Toyota MR2 ETi Carbon Fiber Hood,All variants,4,Hood,55,Hood,170.0,133.0,16.0,73.0,18.0,18.0,Established ETi hood tier,Established,UPDATE SITE,Retain the established ETi standard hood tier.
🟠 Toyota,ETi Toyota MR2 OEM Hood,All variants,4,Hood,55,Hood,170.0,133.0,16.0,73.0,18.0,18.0,Established ETi hood tier,Established,UPDATE SITE,Retain the established ETi standard hood tier.
🟠 Toyota,ETi Toyota MRS C-One Carbon Fiber Hood,All variants,4,Hood,55,Hood,170.0,133.0,16.0,73.0,18.0,18.0,Established ETi hood tier,Established,UPDATE SITE,Retain the established ETi standard hood tier.
🟠 Toyota,ETi Toyota MRS ETi Carbon Fiber Hood,All variants,4,Hood,55,Hood,170.0,133.0,16.0,73.0,18.0,18.0,Established ETi hood tier,Established,UPDATE SITE,Retain the established ETi standard hood tier.
🟠 Toyota,ETi Toyota MRS ETi2 Carbon Fiber Hood,All variants,4,Hood,55,Hood,170.0,133.0,16.0,73.0,18.0,18.0,Established ETi hood tier,Established,UPDATE SITE,Retain the established ETi standard hood tier.
🟠 Toyota,ETi Toyota Supra MK5 (A90) Carbon Fiber Duckbill Wing,All variants,4,Spoiler/Wing,30,Duckbill / Small Spoiler,133.0,41.0,14.0,16.0,-14.0,-14.0,Cleaned category P75,High,UPDATE SITE,Small spoiler class uses RS cartons at or below 20 volumetric kg. Representative carton: A-DE5-RS-AR2& / OD-0022319. Representative carton: A-G70-RS-EPA2 / OD-0027297.
🟠 Toyota,ETi Toyota Supra MK5 (A90) Carbon Fiber Side Skirts,All variants,5,Side Skirts,37,Side Skirts,171.0,31.0,20.0,22.0,-15.0,-15.0,Cleaned category P75,Medium,UPDATE SITE,Cleaned P75; full side-skirt cartons. Representative carton: B-MX5-SS-ND-ESQ / OD-0021733.
🟠 Toyota,ETi Toyota Supra MK5 (A90) Gap Roof Carbon Fiber Spoiler,All variants,4,Roof Panel,72,Standard Spoiler / Wing,127.0,38.0,27.0,27.0,-45.0,-45.0,Exact vehicle + part P75,High,UPDATE SITE,Matched SUPRA-RS cleaned historical cartons.
🟠 Toyota,ETi Toyota Supra MK5 (A90) PRO Front Lip,All variants,4,Front Lip,46,Front Lip / Splitter,177.0,57.0,17.0,35.0,-11.0,-11.0,Cleaned category P75,Medium,UPDATE SITE,Cleaned P75 of actual single-unit cartons. Representative carton: B-R34-FL-HSM / OD-0027251.
🟠 Toyota,ETi Toyota Supra MKIV TRD Style Spoiler,All variants,21,Spoiler/Wing,30,Standard Spoiler / Wing,127.0,38.0,27.0,27.0,-3.0,-3.0,Exact vehicle + part P75,High,UPDATE SITE,Matched SUPRA-RS cleaned historical cartons.
🟠 Toyota,ETi Toyota Supra MKV Carbon Fiber Defender Duckbill,All variants,1,Accessory,5.5,Duckbill / Small Spoiler,133.0,41.0,14.0,16.0,10.5,10.5,Cleaned category P75,High,UPDATE SITE,Small spoiler class uses RS cartons at or below 20 volumetric kg. Representative carton: A-DE5-RS-AR2& / OD-0022319. Representative carton: A-G70-RS-EPA2 / OD-0027297.
🟠 Toyota,GT86 AB Trunk Wing,All variants,4,Trunk/Boot,67,Standard Spoiler / Wing,151.0,44.0,23.0,31.0,-36.0,-36.0,Exact vehicle + part P75,Medium,UPDATE SITE,Matched FT86-RS cleaned historical cartons.
🟠 Toyota,GT86 BRZ +30mm Front Fender,All variants,5,Front Fender,66,Front Fender,135.0,82.0,34.0,76.0,10.0,10.0,Exact vehicle + part P75,Medium,UPDATE SITE,Matched FT86-FF cleaned historical cartons.
🟠 Toyota,GT86 Front Lip,All variants,4,Front Lip,32,Front Lip / Splitter,177.0,57.0,17.0,35.0,3.0,3.0,Cleaned category P75,Medium,UPDATE SITE,Cleaned P75 of actual single-unit cartons. Representative carton: B-R34-FL-HSM / OD-0027251.
🟠 Toyota,GT86 GFB Front Fender,All variants,5,Front Fender,66,Front Fender,135.0,82.0,34.0,76.0,10.0,10.0,Exact vehicle + part P75,Medium,UPDATE SITE,Matched FT86-FF cleaned historical cartons.
🟠 Toyota,GT86 GFB Splitter with Undertray,All variants,4,Accessory,10,Front Lip / Splitter,177.0,57.0,17.0,35.0,25.0,25.0,Cleaned category P75,Medium,UPDATE SITE,Cleaned P75 of actual single-unit cartons. Representative carton: B-R34-FL-HSM / OD-0027251.
🟠 Toyota,GT86 Varis Front Fenders,All variants,5,Front Fender,66,Front Fender,135.0,82.0,34.0,76.0,10.0,10.0,Exact vehicle + part P75,Medium,UPDATE SITE,Matched FT86-FF cleaned historical cartons.
🟠 Toyota,GT86 Varis Side Skirts,All variants,5,Side Skirts,28,Side Skirts,171.0,31.0,20.0,22.0,-6.0,-6.0,Cleaned category P75,Medium,UPDATE SITE,Cleaned P75; full side-skirt cartons. Representative carton: B-MX5-SS-ND-ESQ / OD-0021733.
🟠 Toyota,GT86 Vertex Side Skirts,All variants,5,Side Skirts,28,Side Skirts,171.0,31.0,20.0,22.0,-6.0,-6.0,Cleaned category P75,Medium,UPDATE SITE,Cleaned P75; full side-skirt cartons. Representative carton: B-MX5-SS-ND-ESQ / OD-0021733.
🟠 Toyota,GT86 ZN6 FR-S BRZ ZC6 TRD Style Trunk Spoiler,All variants,5,Trunk/Boot,67,Standard Spoiler / Wing,151.0,44.0,23.0,31.0,-36.0,-36.0,Exact vehicle + part P75,Medium,UPDATE SITE,Matched FT86-RS cleaned historical cartons.
🟠 Toyota,Scion FR-S Toyota GT86 FT86 ZN6 Fender Emblem Cover Fender Vents,All variants,5,Accessory,10,Fender Vent / Add-on,66.0,22.0,13.0,4.0,-6.0,-6.0,Cleaned category P75,Medium,UPDATE SITE,Cleaned P75 of small fender add-ons. Representative carton: B-FK8-FFAV-EPA / OD-0026319.
🟠 Toyota,Supra AB-Flug Style Body Kit,Front Fender / Fiberglass (FRP); Front Fender / Forged Carbon; Front Fender / Gloss Carbon; Front Fender / Kevlar; Front Fender / Matte Carbon,5,Front Fender,78,Front Fender,145.0,75.0,32.0,70.0,-8.0,-8.0,Exact vehicle + part P75,Medium,UPDATE SITE,Matched SUPRA-FF cleaned historical cartons.
🟠 Toyota,Supra AB-Flug Style Body Kit,Side Skirt / Fiberglass (FRP); Side Skirt / Forged Carbon; Side Skirt / Gloss Carbon,3,Side Skirts,37,Side Skirts,171.0,31.0,20.0,22.0,-15.0,-15.0,Cleaned category P75,Medium,UPDATE SITE,Cleaned P75; full side-skirt cartons. Representative carton: B-MX5-SS-ND-ESQ / OD-0021733.
🟠 Toyota,Supra BOMEX Style Body Kit,Front Fender / Fiberglass (FRP); Front Fender / Forged Carbon; Front Fender / Gloss Carbon; Front Fender / Kevlar; Front Fender / Matte Carbon,5,Front Fender,78,Front Fender,145.0,75.0,32.0,70.0,-8.0,-8.0,Exact vehicle + part P75,Medium,UPDATE SITE,Matched SUPRA-FF cleaned historical cartons.
🟠 Toyota,Supra BOMEX Style Body Kit,Side Skirt / Fiberglass (FRP); Side Skirt / Forged Carbon; Side Skirt / Gloss Carbon; Side Skirt / Kevlar; Side Skirt / Matte Carbon,5,Side Skirts,37,Side Skirts,171.0,31.0,20.0,22.0,-15.0,-15.0,Cleaned category P75,Medium,UPDATE SITE,Cleaned P75; full side-skirt cartons. Representative carton: B-MX5-SS-ND-ESQ / OD-0021733.
🟠 Toyota,Supra Blitz Style Body Kit,Side Skirt / Fiberglass (FRP); Side Skirt / Forged Carbon; Side Skirt / Gloss Carbon; Side Skirt / Kevlar; Side Skirt / Matte Carbon,5,Side Skirts,37,Side Skirts,171.0,31.0,20.0,22.0,-15.0,-15.0,Cleaned category P75,Medium,UPDATE SITE,Cleaned P75; full side-skirt cartons. Representative carton: B-MX5-SS-ND-ESQ / OD-0021733.
🟠 Toyota,Supra Blitz Style Body Kit,Rear Spoiler / Fiberglass (FRP); Rear Spoiler / Forged Carbon; Rear Spoiler / Gloss Carbon; Rear Spoiler / Kevlar; Rear Spoiler / Matte Carbon,5,Spoiler/Wing,30,Standard Spoiler / Wing,127.0,38.0,27.0,27.0,-3.0,-3.0,Exact vehicle + part P75,High,UPDATE SITE,Matched SUPRA-RS cleaned historical cartons.
🟠 Toyota,Supra Max Racing Style Body Kit,Front Fender / Fiberglass (FRP); Front Fender / Forged Carbon; Front Fender / Gloss Carbon; Front Fender / Kevlar; Front Fender / Matte Carbon,5,Front Fender,78,Front Fender,145.0,75.0,32.0,70.0,-8.0,-8.0,Exact vehicle + part P75,Medium,UPDATE SITE,Matched SUPRA-FF cleaned historical cartons.
🟠 Toyota,Supra Max Racing Style Body Kit,Side Skirt / Fiberglass (FRP); Side Skirt / Forged Carbon; Side Skirt / Gloss Carbon; Side Skirt / Kevlar; Side Skirt / Matte Carbon,5,Side Skirts,37,Side Skirts,171.0,31.0,20.0,22.0,-15.0,-15.0,Cleaned category P75,Medium,UPDATE SITE,Cleaned P75; full side-skirt cartons. Representative carton: B-MX5-SS-ND-ESQ / OD-0021733.
🟠 Toyota,Supra Max-Top Style Body Kit,Front Fender / Fiberglass (FRP); Front Fender / Forged Carbon; Front Fender / Gloss Carbon; Front Fender / Kevlar; Front Fender / Matte Carbon,5,Front Fender,78,Front Fender,145.0,75.0,32.0,70.0,-8.0,-8.0,Exact vehicle + part P75,Medium,UPDATE SITE,Matched SUPRA-FF cleaned historical cartons.
🟠 Toyota,Supra OEM Style Front Fender,All variants,5,Front Fender,78,Front Fender,145.0,75.0,32.0,70.0,-8.0,-8.0,Exact vehicle + part P75,Medium,UPDATE SITE,Matched SUPRA-FF cleaned historical cartons.
🟠 Toyota,Supra Ridox Style Narrow Body Kit,Front Fenders / Fiberglass (FRP); Front Fenders / Forged Carbon; Front Fenders / Gloss Carbon; Front Fenders / Kevlar; Front Fenders / Matte Carbon,5,Front Fender,78,Front Fender,145.0,75.0,32.0,70.0,-8.0,-8.0,Exact vehicle + part P75,Medium,UPDATE SITE,Matched SUPRA-FF cleaned historical cartons.
🟠 Toyota,Supra Ridox Style Narrow Body Kit,Front Splitter / Fiberglass (FRP); Front Splitter / Forged Carbon; Front Splitter / Gloss Carbon; Front Splitter / Kevlar; Front Splitter / Matte Carbon,5,Front Lip,46,Front Lip / Splitter,177.0,57.0,17.0,35.0,-11.0,-11.0,Cleaned category P75,Medium,UPDATE SITE,Cleaned P75 of actual single-unit cartons. Representative carton: B-R34-FL-HSM / OD-0027251.
🟠 Toyota,Supra Ridox Style Narrow Body Kit,Side Skirts / Fiberglass (FRP); Side Skirts / Forged Carbon; Side Skirts / Gloss Carbon; Side Skirts / Kevlar; Side Skirts / Matte Carbon,5,Side Skirts,37,Side Skirts,171.0,31.0,20.0,22.0,-15.0,-15.0,Cleaned category P75,Medium,UPDATE SITE,Cleaned P75; full side-skirt cartons. Representative carton: B-MX5-SS-ND-ESQ / OD-0021733.
🟠 Toyota,Supra Ridox Style Widebody Body Kit,Front Fender / Fiberglass (FRP); Front Fender / Forged Carbon; Front Fender / Gloss Carbon; Front Fender / Kevlar; Front Fender / Matte Carbon,5,Front Fender,78,Front Fender,145.0,75.0,32.0,70.0,-8.0,-8.0,Exact vehicle + part P75,Medium,UPDATE SITE,Matched SUPRA-FF cleaned historical cartons.
🟠 Toyota,Supra Ridox Style Widebody Body Kit,Side Skirt / Fiberglass (FRP); Side Skirt / Forged Carbon; Side Skirt / Gloss Carbon; Side Skirt / Kevlar; Side Skirt / Matte Carbon,5,Side Skirts,37,Side Skirts,171.0,31.0,20.0,22.0,-15.0,-15.0,Cleaned category P75,Medium,UPDATE SITE,Cleaned P75; full side-skirt cartons. Representative carton: B-MX5-SS-ND-ESQ / OD-0021733.
🟠 Toyota,Supra TRD 3000GT Style Widebody Body Kit,Front Fender / Fiberglass (FRP); Front Fender / Forged Carbon; Front Fender / Gloss Carbon; Front Fender / Kevlar; Front Fender / Matte Carbon,5,Front Fender,78,Front Fender,145.0,75.0,32.0,70.0,-8.0,-8.0,Exact vehicle + part P75,Medium,UPDATE SITE,Matched SUPRA-FF cleaned historical cartons.
🟠 Toyota,Supra TRD 3000GT Style Widebody Body Kit,Front Lip V1 / Fiberglass (FRP); Front Lip V1 / Forged Carbon; Front Lip V1 / Gloss Carbon; Front Lip V1 / Kevlar; Front Lip V1 / Matte Carbon,5,Front Lip,46,Front Lip / Splitter,177.0,57.0,17.0,35.0,-11.0,-11.0,Cleaned category P75,Medium,UPDATE SITE,Cleaned P75 of actual single-unit cartons. Representative carton: B-R34-FL-HSM / OD-0027251.
🟠 Toyota,Supra TRD 3000GT Style Widebody Body Kit,Side Skirt / Fiberglass (FRP); Side Skirt / Forged Carbon; Side Skirt / Gloss Carbon; Side Skirt / Kevlar; Side Skirt / Matte Carbon,5,Side Skirts,37,Side Skirts,171.0,31.0,20.0,22.0,-15.0,-15.0,Cleaned category P75,Medium,UPDATE SITE,Cleaned P75; full side-skirt cartons. Representative carton: B-MX5-SS-ND-ESQ / OD-0021733.
🟠 Toyota,Supra Top Secret Style Body Kit,Side Skirt / Fiberglass (FRP); Side Skirt / Forged Carbon; Side Skirt / Gloss Carbon; Side Skirt / Kevlar; Side Skirt / Matte Carbon,5,Side Skirts,37,Side Skirts,171.0,31.0,20.0,22.0,-15.0,-15.0,Cleaned category P75,Medium,UPDATE SITE,Cleaned P75; full side-skirt cartons. Representative carton: B-MX5-SS-ND-ESQ / OD-0021733.
🟠 Toyota,Supra Top Secret Style Widebody Body Kit,Front Fender / Fiberglass (FRP); Front Fender / Forged Carbon; Front Fender / Gloss Carbon; Front Fender / Kevlar; Front Fender / Matte Carbon,5,Front Fender,78,Front Fender,145.0,75.0,32.0,70.0,-8.0,-8.0,Exact vehicle + part P75,Medium,UPDATE SITE,Matched SUPRA-FF cleaned historical cartons.
🟠 Toyota,Supra Top Secret Style Widebody Body Kit,Side Skirt / Fiberglass (FRP); Side Skirt / Forged Carbon; Side Skirt / Gloss Carbon; Side Skirt / Kevlar; Side Skirt / Matte Carbon,5,Side Skirts,37,Side Skirts,171.0,31.0,20.0,22.0,-15.0,-15.0,Cleaned category P75,Medium,UPDATE SITE,Cleaned P75; full side-skirt cartons. Representative carton: B-MX5-SS-ND-ESQ / OD-0021733.
🟠 Toyota,Supra Top Secret V12 Style Body Kit,Front Fender / Fiberglass (FRP); Front Fender / Forged Carbon; Front Fender / Gloss Carbon; Front Fender / Kevlar; Front Fender / Matte Carbon,5,Front Fender,78,Front Fender,145.0,75.0,32.0,70.0,-8.0,-8.0,Exact vehicle + part P75,Medium,UPDATE SITE,Matched SUPRA-FF cleaned historical cartons.
🟠 Toyota,Supra Top Secret V12 Style Body Kit,Side Skirt / Fiberglass (FRP); Side Skirt / Forged Carbon; Side Skirt / Gloss Carbon; Side Skirt / Kevlar; Side Skirt / Matte Carbon,5,Side Skirts,37,Side Skirts,171.0,31.0,20.0,22.0,-15.0,-15.0,Cleaned category P75,Medium,UPDATE SITE,Cleaned P75; full side-skirt cartons. Representative carton: B-MX5-SS-ND-ESQ / OD-0021733.
🟠 Toyota,Supra Top Secret V12 Style Body Kit,Rear Spoiler Carbon / Forged Carbon; Rear Spoiler Carbon / Gloss Carbon; Rear Spoiler Carbon / Kevlar; Rear Spoiler Carbon / Matte Carbon,4,Spoiler/Wing,30,Standard Spoiler / Wing,127.0,38.0,27.0,27.0,-3.0,-3.0,Exact vehicle + part P75,High,UPDATE SITE,Matched SUPRA-RS cleaned historical cartons.
🟠 Toyota,Supra VeilSide Style Body Kit,Side Skirt / Fiberglass (FRP); Side Skirt / Forged Carbon; Side Skirt / Gloss Carbon; Side Skirt / Kevlar; Side Skirt / Matte Carbon,5,Side Skirts,37,Side Skirts,171.0,31.0,20.0,22.0,-15.0,-15.0,Cleaned category P75,Medium,UPDATE SITE,Cleaned P75; full side-skirt cartons. Representative carton: B-MX5-SS-ND-ESQ / OD-0021733.
🟠 Toyota,Supra VeilSide Style Body Kit,Rear Spoiler / Fiberglass (FRP); Rear Spoiler / Forged Carbon; Rear Spoiler / Gloss Carbon; Rear Spoiler / Kevlar; Rear Spoiler / Matte Carbon,5,Spoiler/Wing,30,Standard Spoiler / Wing,127.0,38.0,27.0,27.0,-3.0,-3.0,Exact vehicle + part P75,High,UPDATE SITE,Matched SUPRA-RS cleaned historical cartons.
🟠 Toyota,Toyota Alphard 30 Kulk Racing 1 Body Kit,Side Skirt / Fiberglass (FRP); Side Skirt / Forged Carbon; Side Skirt / Gloss Carbon; Side Skirt / Kevlar; Side Skirt / Matte Carbon,5,Side Skirts,28,Side Skirts,171.0,31.0,20.0,22.0,-6.0,-6.0,Cleaned category P75,Medium,UPDATE SITE,Cleaned P75; full side-skirt cartons. Representative carton: B-MX5-SS-ND-ESQ / OD-0021733.
🟠 Toyota,Toyota Alphard 30 Kulk Racing 2 Body Kit,Side Skirt / Fiberglass (FRP); Side Skirt / Forged Carbon; Side Skirt / Gloss Carbon; Side Skirt / Kevlar; Side Skirt / Matte Carbon,5,Side Skirts,28,Side Skirts,171.0,31.0,20.0,22.0,-6.0,-6.0,Cleaned category P75,Medium,UPDATE SITE,Cleaned P75; full side-skirt cartons. Representative carton: B-MX5-SS-ND-ESQ / OD-0021733.
🟠 Toyota,Toyota Alphard 30 Silk Blade Body Kit,Side Skirt / Fiberglass (FRP); Side Skirt / Forged Carbon; Side Skirt / Gloss Carbon; Side Skirt / Kevlar; Side Skirt / Matte Carbon,5,Side Skirts,28,Side Skirts,171.0,31.0,20.0,22.0,-6.0,-6.0,Cleaned category P75,Medium,UPDATE SITE,Cleaned P75; full side-skirt cartons. Representative carton: B-MX5-SS-ND-ESQ / OD-0021733.
🟠 Toyota,Toyota Alphard 30 Silk Blade Body Kit,Spoiler / Fiberglass (FRP); Spoiler / Forged Carbon; Spoiler / Gloss Carbon; Spoiler / Kevlar; Spoiler / Matte Carbon,5,Spoiler/Wing,17,Standard Spoiler / Wing,153.0,42.0,19.0,25.0,8.0,8.0,Exact vehicle + part P75,Medium,UPDATE SITE,Matched ALPHARD-RS cleaned historical cartons.
🟠 Toyota,Toyota Altezza C-West Body Kit,Side Skirt / Fiberglass (FRP); Side Skirt / Forged Carbon; Side Skirt / Gloss Carbon; Side Skirt / Kevlar; Side Skirt / Matte Carbon,5,Side Skirts,28,Side Skirts,171.0,31.0,20.0,22.0,-6.0,-6.0,Cleaned category P75,Medium,UPDATE SITE,Cleaned P75; full side-skirt cartons. Representative carton: B-MX5-SS-ND-ESQ / OD-0021733.
🟠 Toyota,Toyota FT86 GT86 FR-S BRZ JDM Style Cooling Panel (2pcs),All variants,4,Small Panel,10,Cooling Panel,133.0,35.0,13.0,13.0,3.0,3.0,Cleaned category P75,Medium,UPDATE SITE,Cleaned P75 after removing a clear oversized outlier. Representative carton: B-R34-CP-GARA / OD-0027441.
🟠 Toyota,Toyota FT86 GT86 Scion FR-S TRD Style Side Skirts,All variants,5,Side Skirts,28,Side Skirts,171.0,31.0,20.0,22.0,-6.0,-6.0,Cleaned category P75,Medium,UPDATE SITE,Cleaned P75; full side-skirt cartons. Representative carton: B-MX5-SS-ND-ESQ / OD-0021733.
🟠 Toyota,Toyota FT86 PD V3 Body Kit,Front Fender / Fiberglass (FRP); Front Fender / Forged Carbon; Front Fender / Gloss Carbon; Front Fender / Kevlar; Front Fender / Matte Carbon,5,Front Fender,66,Front Fender,135.0,82.0,34.0,76.0,10.0,10.0,Exact vehicle + part P75,Medium,UPDATE SITE,Matched FT86-FF cleaned historical cartons.
🟠 Toyota,Toyota FT86 PD V3 Body Kit,GT Wing / Forged Carbon; GT Wing / Gloss Carbon; GT Wing / Kevlar; GT Wing / Matte Carbon,4,GT Wing,52,GT Wing,141.0,57.0,30.0,49.0,-3.0,-3.0,Cleaned category P75,High,UPDATE SITE,Large wing class; exact vehicle evidence preferred. Representative carton: A-DE5-RS-AR2& / OD-0022319. Representative carton: A-YARISGR-RS-EPA3 / OD-0027721.
🟠 Toyota,Toyota FT86 PD V3 Body Kit,Rear Fender / Fiberglass (FRP); Rear Fender / Forged Carbon,2,Rear Fender,41,Rear Fender,184.0,74.0,27.0,74.0,33.0,33.0,Exact vehicle + part P75,Medium,UPDATE SITE,Matched FT86-RF cleaned historical cartons.
🟠 Toyota,Toyota FT86 Pandem V3 Body Kit,Front Fender Wide with Side Vents / Fiberglass (FRP); Front Fender Wide with Side Vents / Forged Carbon; Front Fender Wide with Side Vents / Gloss Carbon; Front Fender Wide with Side Vents / Kevlar; Front Fender Wide with Side Vents / Matte Carbon,5,Front Fender,66,Front Fender,135.0,82.0,34.0,76.0,10.0,10.0,Exact vehicle + part P75,Medium,UPDATE SITE,Matched FT86-FF cleaned historical cartons.
🟠 Toyota,Toyota FT86 Pandem V3 Body Kit,Rear Fender Wide with middle panel / Fiberglass (FRP); Rear Fender Wide with middle panel / Forged Carbon; Rear Fender Wide with middle panel / Gloss Carbon; Rear Fender Wide with middle panel / Kevlar; Rear Fender Wide with middle panel / Matte Carbon,5,Rear Fender,41,Rear Fender,184.0,74.0,27.0,74.0,33.0,33.0,Exact vehicle + part P75,Medium,UPDATE SITE,Matched FT86-RF cleaned historical cartons.
🟠 Toyota,Toyota FT86 Pandem V3 Body Kit,Side Skirt / Fiberglass (FRP); Side Skirt / Forged Carbon; Side Skirt / Gloss Carbon; Side Skirt / Kevlar; Side Skirt / Matte Carbon,5,Side Skirts,28,Side Skirts,171.0,31.0,20.0,22.0,-6.0,-6.0,Cleaned category P75,Medium,UPDATE SITE,Cleaned P75; full side-skirt cartons. Representative carton: B-MX5-SS-ND-ESQ / OD-0021733.
🟠 Toyota,Toyota FT86 Varis V3 Body Kit,GT Wing mid plate / Fiberglass (FRP); GT Wing mid plate / Forged Carbon; GT Wing mid plate / Gloss Carbon; GT Wing mid plate / Kevlar; GT Wing mid plate / Matte Carbon,5,GT Wing,52,GT Wing,141.0,57.0,30.0,49.0,-3.0,-3.0,Cleaned category P75,High,UPDATE SITE,Large wing class; exact vehicle evidence preferred. Representative carton: A-DE5-RS-AR2& / OD-0022319. Representative carton: A-YARISGR-RS-EPA3 / OD-0027721.
🟠 Toyota,Toyota FT86 Varis V3 Body Kit,Rear Fender Wide / Fiberglass (FRP); Rear Fender Wide / Forged Carbon; Rear Fender Wide / Gloss Carbon; Rear Fender Wide / Kevlar; Rear Fender Wide / Matte Carbon,5,Rear Fender,41,Rear Fender,184.0,74.0,27.0,74.0,33.0,33.0,Exact vehicle + part P75,Medium,UPDATE SITE,Matched FT86-RF cleaned historical cartons.
🟠 Toyota,Toyota FT86 Varis V3 Body Kit,Side Skirt / Fiberglass (FRP); Side Skirt / Forged Carbon; Side Skirt / Gloss Carbon; Side Skirt / Kevlar; Side Skirt / Matte Carbon,5,Side Skirts,28,Side Skirts,171.0,31.0,20.0,22.0,-6.0,-6.0,Cleaned category P75,Medium,UPDATE SITE,Cleaned P75; full side-skirt cartons. Representative carton: B-MX5-SS-ND-ESQ / OD-0021733.
🟠 Toyota,Toyota Fortuner TRD New Body Kit,Side Skirt / Fiberglass (FRP); Side Skirt / Forged Carbon; Side Skirt / Gloss Carbon; Side Skirt / Kevlar; Side Skirt / Matte Carbon,5,Side Skirts,41,Side Skirts,171.0,31.0,20.0,22.0,-19.0,-19.0,Cleaned category P75,Medium,UPDATE SITE,Cleaned P75; full side-skirt cartons. Representative carton: B-MX5-SS-ND-ESQ / OD-0021733.
🟠 Toyota,Toyota GR86 Street Kit,Front Canard / Forged Carbon; Front Canard / Gloss Carbon; Front Canard / Kevlar; Front Canard / Matte Carbon; Side Canard / Forged Carbon; Side Canard / Gloss Carbon,6,Canards,4,Canards,66.0,24.0,22.0,7.0,3.0,3.0,Cleaned category P75,Medium,UPDATE SITE,Cleaned P75; prevents full-bumper inheritance. Representative carton: A-G70-CANA-EPA / OD-0018524.
🟠 Toyota,Toyota GR86 Street Kit,Front Splitter / Fiberglass (FRP); Front Splitter / Forged Carbon; Front Splitter / Gloss Carbon; Front Splitter / Kevlar; Front Splitter / Matte Carbon,5,Front Lip,32,Front Lip / Splitter,177.0,57.0,17.0,35.0,3.0,3.0,Cleaned category P75,Medium,UPDATE SITE,Cleaned P75 of actual single-unit cartons. Representative carton: B-R34-FL-HSM / OD-0027251.
🟠 Toyota,Toyota GR86 Street Kit,GT Wing / Forged Carbon; GT Wing / Gloss Carbon; GT Wing / Kevlar; GT Wing / Matte Carbon; GT wing legs / Fiberglass (FRP); GT wing legs / Forged Carbon; …,9,GT Wing,52,GT Wing,141.0,57.0,30.0,49.0,-3.0,-3.0,Cleaned category P75,High,UPDATE SITE,Large wing class; exact vehicle evidence preferred. Representative carton: A-DE5-RS-AR2& / OD-0022319. Representative carton: A-YARISGR-RS-EPA3 / OD-0027721.
🟠 Toyota,Toyota GT86 5-Piece GT Rear Spoiler,All variants,5,Spoiler/Wing,17,Standard Spoiler / Wing,151.0,44.0,23.0,31.0,14.0,14.0,Exact vehicle + part P75,Medium,UPDATE SITE,Matched FT86-RS cleaned historical cartons.
🟠 Toyota,Toyota GT86 A1 Front Lip,All variants,4,Front Lip,32,Front Lip / Splitter,177.0,57.0,17.0,35.0,3.0,3.0,Cleaned category P75,Medium,UPDATE SITE,Cleaned P75 of actual single-unit cartons. Representative carton: B-R34-FL-HSM / OD-0027251.
🟠 Toyota,Toyota GT86 A2 Front Lip,All variants,4,Front Lip,32,Front Lip / Splitter,177.0,57.0,17.0,35.0,3.0,3.0,Cleaned category P75,Medium,UPDATE SITE,Cleaned P75 of actual single-unit cartons. Representative carton: B-R34-FL-HSM / OD-0027251.
🟠 Toyota,Toyota GT86 A3 Front Lip,All variants,4,Front Lip,32,Front Lip / Splitter,177.0,57.0,17.0,35.0,3.0,3.0,Cleaned category P75,Medium,UPDATE SITE,Cleaned P75 of actual single-unit cartons. Representative carton: B-R34-FL-HSM / OD-0027251.
🟠 Toyota,Toyota GT86 Rear Spoiler (2013 Model),All variants,5,Spoiler/Wing,17,Standard Spoiler / Wing,151.0,44.0,23.0,31.0,14.0,14.0,Exact vehicle + part P75,Medium,UPDATE SITE,Matched FT86-RS cleaned historical cartons.
🟠 Toyota,Toyota GT86 Rocket Bunny V1 Style Kit,Front Fender / Fiberglass (FRP); Front Fender / Forged Carbon; Front Fender / Gloss Carbon; Front Fender / Kevlar; Front Fender / Matte Carbon,5,Front Fender,66,Front Fender,135.0,82.0,34.0,76.0,10.0,10.0,Exact vehicle + part P75,Medium,UPDATE SITE,Matched FT86-FF cleaned historical cartons.
🟠 Toyota,Toyota GT86 Rocket Bunny V1 Style Kit,Rear Fender / Fiberglass (FRP); Rear Fender / Forged Carbon; Rear Fender / Gloss Carbon; Rear Fender / Kevlar; Rear Fender / Matte Carbon,5,Rear Fender,41,Rear Fender,184.0,74.0,27.0,74.0,33.0,33.0,Exact vehicle + part P75,Medium,UPDATE SITE,Matched FT86-RF cleaned historical cartons.
🟠 Toyota,Toyota GT86 Rocket Bunny V1 Style Kit,Side Skirts / Fiberglass (FRP); Side Skirts / Forged Carbon; Side Skirts / Gloss Carbon; Side Skirts / Kevlar; Side Skirts / Matte Carbon,5,Side Skirts,28,Side Skirts,171.0,31.0,20.0,22.0,-6.0,-6.0,Cleaned category P75,Medium,UPDATE SITE,Cleaned P75; full side-skirt cartons. Representative carton: B-MX5-SS-ND-ESQ / OD-0021733.
🟠 Toyota,Toyota GT86 ZN Side Skirts,All variants,5,Side Skirts,28,Side Skirts,171.0,31.0,20.0,22.0,-6.0,-6.0,Cleaned category P75,Medium,UPDATE SITE,Cleaned P75; full side-skirt cartons. Representative carton: B-MX5-SS-ND-ESQ / OD-0021733.
🟠 Toyota,Toyota Harrier (New) Standard Body Kit,Side Skirt / Fiberglass (FRP); Side Skirt / Forged Carbon; Side Skirt / Gloss Carbon; Side Skirt / Kevlar; Side Skirt / Matte Carbon,5,Side Skirts,28,Side Skirts,171.0,31.0,20.0,22.0,-6.0,-6.0,Cleaned category P75,Medium,UPDATE SITE,Cleaned P75; full side-skirt cartons. Representative carton: B-MX5-SS-ND-ESQ / OD-0021733.
🟠 Toyota,Toyota Hilux Vigo ETi Skirt Kit,Side Skirt / Fiberglass (FRP); Side Skirt / Forged Carbon; Side Skirt / Gloss Carbon; Side Skirt / Kevlar; Side Skirt / Matte Carbon,5,Side Skirts,41,Side Skirts,171.0,31.0,20.0,22.0,-19.0,-19.0,Cleaned category P75,Medium,UPDATE SITE,Cleaned P75; full side-skirt cartons. Representative carton: B-MX5-SS-ND-ESQ / OD-0021733.
🟠 Toyota,Toyota Lexus IS 250 TOM'S Body Kit,Side Skirt / Fiberglass (FRP); Side Skirt / Forged Carbon; Side Skirt / Gloss Carbon; Side Skirt / Kevlar; Side Skirt / Matte Carbon,5,Side Skirts,28,Side Skirts,171.0,31.0,20.0,22.0,-6.0,-6.0,Cleaned category P75,Medium,UPDATE SITE,Cleaned P75; full side-skirt cartons. Representative carton: B-MX5-SS-ND-ESQ / OD-0021733.
🟠 Toyota,Toyota Lexus RX Branew Skirt Body Kit,Side Skirt / Fiberglass (FRP); Side Skirt / Forged Carbon; Side Skirt / Gloss Carbon; Side Skirt / Kevlar; Side Skirt / Matte Carbon,5,Side Skirts,28,Side Skirts,171.0,31.0,20.0,22.0,-6.0,-6.0,Cleaned category P75,Medium,UPDATE SITE,Cleaned P75; full side-skirt cartons. Representative carton: B-MX5-SS-ND-ESQ / OD-0021733.
🟠 Toyota,Toyota MR2 Auto Pista Body Kit,All variants,5,Spoiler/Wing,10,Standard Spoiler / Wing,133.0,43.0,26.0,30.0,20.0,20.0,Cleaned category P75,High,UPDATE SITE,Generic standard-wing fallback; exact vehicle evidence preferred. Representative carton: A-DE5-RS-AR2& / OD-0022319. Representative carton: B-YARISGR-RS-GV / OD-0027494.
🟠 Toyota,Toyota MR2 Bomex Body Kit,Side Skirt / Fiberglass (FRP); Side Skirt / Forged Carbon; Side Skirt / Gloss Carbon; Side Skirt / Kevlar; Side Skirt / Matte Carbon,5,Side Skirts,15,Side Skirts,171.0,31.0,20.0,22.0,7.0,7.0,Cleaned category P75,Medium,UPDATE SITE,Cleaned P75; full side-skirt cartons. Representative carton: B-MX5-SS-ND-ESQ / OD-0021733.
🟠 Toyota,Toyota MR2 TRD GT2000 Body Kit 10pcs,Hood / Fiberglass (FRP); Hood / Forged Carbon; Hood / Gloss Carbon; Hood / Kevlar; Hood / Matte Carbon,5,Hood,55,Hood,170.0,133.0,16.0,73.0,18.0,18.0,Established ETi hood tier,Established,UPDATE SITE,Retain the established ETi standard hood tier.
🟠 Toyota,Toyota MR2 TRD GT2000 Body Kit 10pcs,Side Skirt / Fiberglass (FRP); Side Skirt / Forged Carbon; Side Skirt / Gloss Carbon; Side Skirt / Kevlar; Side Skirt / Matte Carbon,5,Side Skirts,15,Side Skirts,171.0,31.0,20.0,22.0,7.0,7.0,Cleaned category P75,Medium,UPDATE SITE,Cleaned P75; full side-skirt cartons. Representative carton: B-MX5-SS-ND-ESQ / OD-0021733.
🟠 Toyota,Toyota MR2 TRD GT2000 Body Kit 10pcs,Rear Spoiler / Fiberglass (FRP); Rear Spoiler / Forged Carbon; Rear Spoiler / Gloss Carbon; Rear Spoiler / Kevlar; Rear Spoiler / Matte Carbon,5,Spoiler/Wing,10,Standard Spoiler / Wing,133.0,43.0,26.0,30.0,20.0,20.0,Cleaned category P75,High,UPDATE SITE,Generic standard-wing fallback; exact vehicle evidence preferred. Representative carton: A-DE5-RS-AR2& / OD-0022319. Representative carton: B-YARISGR-RS-GV / OD-0027494.
🟠 Toyota,Toyota MRS Full Kit,Hood / Fiberglass (FRP); Hood / Forged Carbon; Hood / Gloss Carbon; Hood / Kevlar; Hood / Matte Carbon,5,Hood,55,Hood,170.0,133.0,16.0,73.0,18.0,18.0,Established ETi hood tier,Established,UPDATE SITE,Retain the established ETi standard hood tier.
🟠 Toyota,Toyota MRS Porsche Carrera GT Widebody Core Kit,Side Skirt / Fiberglass (FRP); Side Skirt / Forged Carbon; Side Skirt / Gloss Carbon; Side Skirt / Kevlar; Side Skirt / Matte Carbon,5,Side Skirts,15,Side Skirts,171.0,31.0,20.0,22.0,7.0,7.0,Cleaned category P75,Medium,UPDATE SITE,Cleaned P75; full side-skirt cartons. Representative carton: B-MX5-SS-ND-ESQ / OD-0021733.
🟠 Toyota,Toyota Majesty OP Aimgen Body Kit,Side Skirt / Fiberglass (FRP); Side Skirt / Forged Carbon; Side Skirt / Gloss Carbon; Side Skirt / Kevlar; Side Skirt / Matte Carbon,5,Side Skirts,28,Side Skirts,171.0,31.0,20.0,22.0,-6.0,-6.0,Cleaned category P75,Medium,UPDATE SITE,Cleaned P75; full side-skirt cartons. Representative carton: B-MX5-SS-ND-ESQ / OD-0021733.
🟠 Toyota,Toyota Majesty OP Aimgen Body Kit,Spoiler / Fiberglass (FRP); Spoiler / Forged Carbon; Spoiler / Gloss Carbon; Spoiler / Kevlar; Spoiler / Matte Carbon,5,Spoiler/Wing,17,Standard Spoiler / Wing,133.0,43.0,26.0,30.0,13.0,13.0,Cleaned category P75,High,UPDATE SITE,Generic standard-wing fallback; exact vehicle evidence preferred. Representative carton: A-DE5-RS-AR2& / OD-0022319. Representative carton: B-YARISGR-RS-GV / OD-0027494.
🟠 Toyota,Toyota New Camry ETi Street Body Kit,Side Skirt / Fiberglass (FRP); Side Skirt / Forged Carbon; Side Skirt / Gloss Carbon; Side Skirt / Kevlar; Side Skirt / Matte Carbon,5,Side Skirts,28,Side Skirts,171.0,31.0,20.0,22.0,-6.0,-6.0,Cleaned category P75,Medium,UPDATE SITE,Cleaned P75; full side-skirt cartons. Representative carton: B-MX5-SS-ND-ESQ / OD-0021733.
🟠 Toyota,Toyota New Camry ETi Street Body Kit,Rear Spoiler / Fiberglass (FRP); Rear Spoiler / Forged Carbon; Rear Spoiler / Gloss Carbon; Rear Spoiler / Kevlar; Rear Spoiler / Matte Carbon,5,Spoiler/Wing,17,Standard Spoiler / Wing,133.0,43.0,26.0,30.0,13.0,13.0,Cleaned category P75,High,UPDATE SITE,Generic standard-wing fallback; exact vehicle evidence preferred. Representative carton: A-DE5-RS-AR2& / OD-0022319. Representative carton: B-YARISGR-RS-GV / OD-0027494.
🟠 Toyota,Toyota New Camry Factory Body Kit,All variants,5,Spoiler/Wing,17,Standard Spoiler / Wing,133.0,43.0,26.0,30.0,13.0,13.0,Cleaned category P75,High,UPDATE SITE,Generic standard-wing fallback; exact vehicle evidence preferred. Representative carton: A-DE5-RS-AR2& / OD-0022319. Representative carton: B-YARISGR-RS-GV / OD-0027494.
🟠 Toyota,Toyota New Camry Wald Wide Body Kit,All variants,5,Side Skirts,28,Side Skirts,171.0,31.0,20.0,22.0,-6.0,-6.0,Cleaned category P75,Medium,UPDATE SITE,Cleaned P75; full side-skirt cartons. Representative carton: B-MX5-SS-ND-ESQ / OD-0021733.
🟠 Toyota,Toyota Vellfire 20 Wald Body Kit,Side Skirt / Fiberglass (FRP); Side Skirt / Forged Carbon; Side Skirt / Gloss Carbon; Side Skirt / Kevlar; Side Skirt / Matte Carbon,5,Side Skirts,28,Side Skirts,171.0,31.0,20.0,22.0,-6.0,-6.0,Cleaned category P75,Medium,UPDATE SITE,Cleaned P75; full side-skirt cartons. Representative carton: B-MX5-SS-ND-ESQ / OD-0021733.
🟠 Toyota,Toyota Wish Ken Style (Full) Body Kit,Side Skirt / Fiberglass (FRP); Side Skirt / Forged Carbon; Side Skirt / Gloss Carbon; Side Skirt / Kevlar; Side Skirt / Matte Carbon,5,Side Skirts,28,Side Skirts,171.0,31.0,20.0,22.0,-6.0,-6.0,Cleaned category P75,Medium,UPDATE SITE,Cleaned P75; full side-skirt cartons. Representative carton: B-MX5-SS-ND-ESQ / OD-0021733.
🟠 Toyota,Toyota Wish Ken Style Skirt Body Kit,Side Skirt / Fiberglass (FRP); Side Skirt / Forged Carbon; Side Skirt / Gloss Carbon; Side Skirt / Kevlar; Side Skirt / Matte Carbon,5,Side Skirts,28,Side Skirts,171.0,31.0,20.0,22.0,-6.0,-6.0,Cleaned category P75,Medium,UPDATE SITE,Cleaned P75; full side-skirt cartons. Representative carton: B-MX5-SS-ND-ESQ / OD-0021733.
🟠 Toyota,Toyota Wish Ken Style Skirt Body Kit,Rear Spoiler / Fiberglass (FRP); Rear Spoiler / Forged Carbon; Rear Spoiler / Gloss Carbon; Rear Spoiler / Kevlar; Rear Spoiler / Matte Carbon,5,Spoiler/Wing,17,Standard Spoiler / Wing,133.0,43.0,26.0,30.0,13.0,13.0,Cleaned category P75,High,UPDATE SITE,Generic standard-wing fallback; exact vehicle evidence preferred. Representative carton: A-DE5-RS-AR2& / OD-0022319. Representative carton: B-YARISGR-RS-GV / OD-0027494.
🟠 Toyota,Toyota Wish MC Ken Style Skirt Body Kit,Side Skirt / Fiberglass (FRP); Side Skirt / Forged Carbon; Side Skirt / Gloss Carbon; Side Skirt / Kevlar; Side Skirt / Matte Carbon,5,Side Skirts,28,Side Skirts,171.0,31.0,20.0,22.0,-6.0,-6.0,Cleaned category P75,Medium,UPDATE SITE,Cleaned P75; full side-skirt cartons. Representative carton: B-MX5-SS-ND-ESQ / OD-0021733.
🟠 Toyota,Toyota Wish MC Modellita Skirt Body Kit,Side Skirt / Fiberglass (FRP); Side Skirt / Forged Carbon; Side Skirt / Gloss Carbon; Side Skirt / Kevlar; Side Skirt / Matte Carbon,5,Side Skirts,28,Side Skirts,171.0,31.0,20.0,22.0,-6.0,-6.0,Cleaned category P75,Medium,UPDATE SITE,Cleaned P75; full side-skirt cartons. Representative carton: B-MX5-SS-ND-ESQ / OD-0021733.
🟠 Toyota,Toyota Wish Modellita Body Kit,Side Skirt / Fiberglass (FRP); Side Skirt / Forged Carbon; Side Skirt / Gloss Carbon; Side Skirt / Kevlar; Side Skirt / Matte Carbon,5,Side Skirts,28,Side Skirts,171.0,31.0,20.0,22.0,-6.0,-6.0,Cleaned category P75,Medium,UPDATE SITE,Cleaned P75; full side-skirt cartons. Representative carton: B-MX5-SS-ND-ESQ / OD-0021733.
🟠 Toyota,Toyota Wish Skirt Body Kit,Side Skirt / Fiberglass (FRP); Side Skirt / Forged Carbon; Side Skirt / Gloss Carbon; Side Skirt / Kevlar; Side Skirt / Matte Carbon,5,Side Skirts,28,Side Skirts,171.0,31.0,20.0,22.0,-6.0,-6.0,Cleaned category P75,Medium,UPDATE SITE,Cleaned P75; full side-skirt cartons. Representative carton: B-MX5-SS-ND-ESQ / OD-0021733.
🟠 Toyota,Toyota Wish Skirt Body Kit,Rear Spoiler / Fiberglass (FRP); Rear Spoiler / Forged Carbon; Rear Spoiler / Gloss Carbon; Rear Spoiler / Kevlar; Rear Spoiler / Matte Carbon,5,Spoiler/Wing,17,Standard Spoiler / Wing,133.0,43.0,26.0,30.0,13.0,13.0,Cleaned category P75,High,UPDATE SITE,Generic standard-wing fallback; exact vehicle evidence preferred. Representative carton: A-DE5-RS-AR2& / OD-0022319. Representative carton: B-YARISGR-RS-GV / OD-0027494.
🟠 Toyota,Toyota Wish Wald Body Kit,Side Skirt / Fiberglass (FRP); Side Skirt / Forged Carbon; Side Skirt / Gloss Carbon; Side Skirt / Kevlar; Side Skirt / Matte Carbon,5,Side Skirts,28,Side Skirts,171.0,31.0,20.0,22.0,-6.0,-6.0,Cleaned category P75,Medium,UPDATE SITE,Cleaned P75; full side-skirt cartons. Representative carton: B-MX5-SS-ND-ESQ / OD-0021733.
🟢 Nissan,ETi Nissan GTR R33 Vacuum Carbon Fiber Side Skirt Extension,All variants,5,Side Skirts,37,Side Skirts,171.0,31.0,20.0,22.0,-15.0,-15.0,Cleaned category P75,Medium,UPDATE SITE,Cleaned P75; full side-skirt cartons. Representative carton: B-MX5-SS-ND-ESQ / OD-0021733.
🟢 Nissan,ETi Nissan Juke Add-On SP Carbon Fiber Spoiler,All variants,4,Spoiler/Wing,17,Standard Spoiler / Wing,133.0,43.0,26.0,30.0,13.0,13.0,Cleaned category P75,High,UPDATE SITE,Generic standard-wing fallback; exact vehicle evidence preferred. Representative carton: A-DE5-RS-AR2& / OD-0022319. Representative carton: B-YARISGR-RS-GV / OD-0027494.
🟢 Nissan,ETi Nissan Juke Body Kit,Side Skirt / Fiberglass (FRP); Side Skirt / Forged Carbon; Side Skirt / Gloss Carbon; Side Skirt / Kevlar; Side Skirt / Matte Carbon,5,Side Skirts,28,Side Skirts,171.0,31.0,20.0,22.0,-6.0,-6.0,Cleaned category P75,Medium,UPDATE SITE,Cleaned P75; full side-skirt cartons. Representative carton: B-MX5-SS-ND-ESQ / OD-0021733.
🟢 Nissan,NISSAN 200 SX MINOR Body Kit,Side Skirt / Fiberglass (FRP); Side Skirt / Forged Carbon; Side Skirt / Gloss Carbon; Side Skirt / Kevlar; Side Skirt / Matte Carbon,5,Side Skirts,28,Side Skirts,171.0,31.0,20.0,22.0,-6.0,-6.0,Cleaned category P75,Medium,UPDATE SITE,Cleaned P75; full side-skirt cartons. Representative carton: B-MX5-SS-ND-ESQ / OD-0021733.
🟢 Nissan,NISSAN 200 SX MINOR Body Kit,Rear Spoiler / Fiberglass (FRP); Rear Spoiler / Forged Carbon; Rear Spoiler / Gloss Carbon; Rear Spoiler / Kevlar; Rear Spoiler / Matte Carbon,5,Spoiler/Wing,17,Standard Spoiler / Wing,133.0,43.0,26.0,30.0,13.0,13.0,Cleaned category P75,High,UPDATE SITE,Generic standard-wing fallback; exact vehicle evidence preferred. Representative carton: A-DE5-RS-AR2& / OD-0022319. Representative carton: B-YARISGR-RS-GV / OD-0027494.
🟢 Nissan,NISSAN JUKE Standard Body Kit,Spoiler / Fiberglass (FRP); Spoiler / Forged Carbon; Spoiler / Gloss Carbon; Spoiler / Kevlar; Spoiler / Matte Carbon,5,Spoiler/Wing,17,Standard Spoiler / Wing,133.0,43.0,26.0,30.0,13.0,13.0,Cleaned category P75,High,UPDATE SITE,Generic standard-wing fallback; exact vehicle evidence preferred. Representative carton: A-DE5-RS-AR2& / OD-0022319. Representative carton: B-YARISGR-RS-GV / OD-0027494.
🟢 Nissan,NISSAN SKYLINE R34 GTR Body Kit,Rear Diffuser / Fiberglass (FRP); Rear Diffuser / Forged Carbon; Rear Diffuser / Gloss Carbon; Rear Diffuser / Kevlar; Rear Diffuser / Matte Carbon,5,Rear Diffuser,48,Rear Diffuser,148.0,71.0,15.0,32.0,-16.0,-16.0,Exact vehicle + part P75,Medium,UPDATE SITE,Matched R34-DIF cleaned historical cartons.
🟢 Nissan,NISSAN SKYLINE R34 GTR Body Kit,Rear Fender / Fiberglass (FRP); Rear Fender / Forged Carbon; Rear Fender / Gloss Carbon; Rear Fender / Kevlar; Rear Fender / Matte Carbon,5,Rear Fender,62,Rear Fender,140.0,62.0,19.0,33.0,-29.0,-29.0,Exact vehicle + part P75,Medium,UPDATE SITE,Matched R34-RF cleaned historical cartons.
🟢 Nissan,NISSAN SKYLINE R34 GTR Body Kit,Side Skirt / Fiberglass (FRP); Side Skirt / Forged Carbon; Side Skirt / Gloss Carbon; Side Skirt / Kevlar; Side Skirt / Matte Carbon,5,Side Skirts,37,Side Skirts,205.0,28.0,17.0,20.0,-17.0,-17.0,Exact vehicle + part P75,High,UPDATE SITE,Matched R34-SS cleaned historical cartons.
🟢 Nissan,NISSAN SKYLINE R34 GTS (Blue) Body Kit,Side Skirt / Fiberglass (FRP); Side Skirt / Forged Carbon; Side Skirt / Gloss Carbon; Side Skirt / Kevlar; Side Skirt / Matte Carbon,5,Side Skirts,37,Side Skirts,205.0,28.0,17.0,20.0,-17.0,-17.0,Exact vehicle + part P75,High,UPDATE SITE,Matched R34-SS cleaned historical cartons.
🟢 Nissan,Nissan 200SX Bomex Style Body Kit,Side Skirt / Fiberglass (FRP); Side Skirt / Forged Carbon; Side Skirt / Gloss Carbon; Side Skirt / Kevlar; Side Skirt / Matte Carbon,5,Side Skirts,28,Side Skirts,171.0,31.0,20.0,22.0,-6.0,-6.0,Cleaned category P75,Medium,UPDATE SITE,Cleaned P75; full side-skirt cartons. Representative carton: B-MX5-SS-ND-ESQ / OD-0021733.
🟢 Nissan,Nissan 200SX Bomex Style Body Kit,Rear Spoiler / Fiberglass (FRP); Rear Spoiler / Forged Carbon; Rear Spoiler / Gloss Carbon; Rear Spoiler / Kevlar; Rear Spoiler / Matte Carbon,5,Spoiler/Wing,17,Standard Spoiler / Wing,133.0,43.0,26.0,30.0,13.0,13.0,Cleaned category P75,High,UPDATE SITE,Generic standard-wing fallback; exact vehicle evidence preferred. Representative carton: A-DE5-RS-AR2& / OD-0022319. Representative carton: B-YARISGR-RS-GV / OD-0027494.
🟢 Nissan,Nissan 200SX GP Sports Style widebody Body Kit,Rear Canard Down / Fiberglass (FRP); Rear Canard Down / Forged Carbon; Rear Canard Down / Gloss Carbon; Rear Canard Down / Kevlar; Rear Canard Down / Matte Carbon; Rear Canard Up / Fiberglass (FRP); …,10,Canards,4,Canards,66.0,24.0,22.0,7.0,3.0,3.0,Cleaned category P75,Medium,UPDATE SITE,Cleaned P75; prevents full-bumper inheritance. Representative carton: A-G70-CANA-EPA / OD-0018524.
🟢 Nissan,Nissan 200SX GP Sports Style widebody Body Kit,Side Skirt / Fiberglass (FRP); Side Skirt / Forged Carbon; Side Skirt / Gloss Carbon; Side Skirt / Kevlar; Side Skirt / Matte Carbon,5,Side Skirts,28,Side Skirts,171.0,31.0,20.0,22.0,-6.0,-6.0,Cleaned category P75,Medium,UPDATE SITE,Cleaned P75; full side-skirt cartons. Representative carton: B-MX5-SS-ND-ESQ / OD-0021733.
🟢 Nissan,Nissan 200SX JUN Style 180SX Body Kit,Side Skirt / Fiberglass (FRP); Side Skirt / Forged Carbon; Side Skirt / Gloss Carbon; Side Skirt / Kevlar; Side Skirt / Matte Carbon,5,Side Skirts,28,Side Skirts,171.0,31.0,20.0,22.0,-6.0,-6.0,Cleaned category P75,Medium,UPDATE SITE,Cleaned P75; full side-skirt cartons. Representative carton: B-MX5-SS-ND-ESQ / OD-0021733.
🟢 Nissan,Nissan 200SX Nismo Style Body Kit,Side Skirt / Fiberglass (FRP); Side Skirt / Forged Carbon; Side Skirt / Gloss Carbon; Side Skirt / Kevlar; Side Skirt / Matte Carbon,5,Side Skirts,28,Side Skirts,171.0,31.0,20.0,22.0,-6.0,-6.0,Cleaned category P75,Medium,UPDATE SITE,Cleaned P75; full side-skirt cartons. Representative carton: B-MX5-SS-ND-ESQ / OD-0021733.
🟢 Nissan,Nissan 200SX Origin Style Body Kit,Side Skirt / Fiberglass (FRP); Side Skirt / Forged Carbon; Side Skirt / Gloss Carbon; Side Skirt / Kevlar; Side Skirt / Matte Carbon,5,Side Skirts,28,Side Skirts,171.0,31.0,20.0,22.0,-6.0,-6.0,Cleaned category P75,Medium,UPDATE SITE,Cleaned P75; full side-skirt cartons. Representative carton: B-MX5-SS-ND-ESQ / OD-0021733.
🟢 Nissan,Nissan 200SX TBO Style Body Kit,Spoiler 1 / Fiberglass (FRP); Spoiler 1 / Forged Carbon; Spoiler 1 / Gloss Carbon; Spoiler 1 / Kevlar; Spoiler 1 / Matte Carbon; Spoiler 2 / Fiberglass (FRP); …,10,Spoiler/Wing,17,Standard Spoiler / Wing,133.0,43.0,26.0,30.0,13.0,13.0,Cleaned category P75,High,UPDATE SITE,Generic standard-wing fallback; exact vehicle evidence preferred. Representative carton: A-DE5-RS-AR2& / OD-0022319. Representative carton: B-YARISGR-RS-GV / OD-0027494.
🟢 Nissan,Nissan 200SX Top Secret Style Body Kit,Side Skirt / Fiberglass (FRP); Side Skirt / Forged Carbon; Side Skirt / Gloss Carbon; Side Skirt / Kevlar; Side Skirt / Matte Carbon,5,Side Skirts,28,Side Skirts,171.0,31.0,20.0,22.0,-6.0,-6.0,Cleaned category P75,Medium,UPDATE SITE,Cleaned P75; full side-skirt cartons. Representative carton: B-MX5-SS-ND-ESQ / OD-0021733.
🟢 Nissan,Nissan 200SX Top Secret Style Body Kit,Rear Spoiler / Fiberglass (FRP); Rear Spoiler / Forged Carbon; Rear Spoiler / Gloss Carbon; Rear Spoiler / Kevlar; Rear Spoiler / Matte Carbon,5,Spoiler/Wing,17,Standard Spoiler / Wing,133.0,43.0,26.0,30.0,13.0,13.0,Cleaned category P75,High,UPDATE SITE,Generic standard-wing fallback; exact vehicle evidence preferred. Representative carton: A-DE5-RS-AR2& / OD-0022319. Representative carton: B-YARISGR-RS-GV / OD-0027494.
🟢 Nissan,Nissan Juke ETi Nismo Style Standard Body Kit,Spoiler / Fiberglass (FRP); Spoiler / Forged Carbon; Spoiler / Gloss Carbon; Spoiler / Kevlar; Spoiler / Matte Carbon,5,Spoiler/Wing,17,Standard Spoiler / Wing,133.0,43.0,26.0,30.0,13.0,13.0,Cleaned category P75,High,UPDATE SITE,Generic standard-wing fallback; exact vehicle evidence preferred. Representative carton: A-DE5-RS-AR2& / OD-0022319. Representative carton: B-YARISGR-RS-GV / OD-0027494.
🟢 Nissan,Nissan Juke Impul Style Body Kit,All variants,5,Spoiler/Wing,17,Standard Spoiler / Wing,133.0,43.0,26.0,30.0,13.0,13.0,Cleaned category P75,High,UPDATE SITE,Generic standard-wing fallback; exact vehicle evidence preferred. Representative carton: A-DE5-RS-AR2& / OD-0022319. Representative carton: B-YARISGR-RS-GV / OD-0027494.
🟢 Nissan,Nissan S15 Vertex Style Body Kit,All variants,4,Canards,4,Canards,66.0,24.0,22.0,7.0,3.0,3.0,Cleaned category P75,Medium,UPDATE SITE,Cleaned P75; prevents full-bumper inheritance. Representative carton: A-G70-CANA-EPA / OD-0018524.
🟢 Nissan,Nissan S15 Vertex Style Lang Body Kit,Side Skirt / Fiberglass (FRP); Side Skirt / Forged Carbon; Side Skirt / Gloss Carbon; Side Skirt / Kevlar; Side Skirt / Matte Carbon,5,Side Skirts,28,Side Skirts,171.0,31.0,20.0,22.0,-6.0,-6.0,Cleaned category P75,Medium,UPDATE SITE,Cleaned P75; full side-skirt cartons. Representative carton: B-MX5-SS-ND-ESQ / OD-0021733.
🟢 Nissan,Nissan Silvia S14 MC Bomex Style Body Kit,Side Skirt / Fiberglass (FRP); Side Skirt / Forged Carbon; Side Skirt / Gloss Carbon; Side Skirt / Kevlar; Side Skirt / Matte Carbon,5,Side Skirts,28,Side Skirts,171.0,31.0,20.0,22.0,-6.0,-6.0,Cleaned category P75,Medium,UPDATE SITE,Cleaned P75; full side-skirt cartons. Representative carton: B-MX5-SS-ND-ESQ / OD-0021733.
🟢 Nissan,Nissan Silvia S14 MC C-West Style Body Kit,Side Skirt / Fiberglass (FRP); Side Skirt / Forged Carbon; Side Skirt / Gloss Carbon; Side Skirt / Kevlar; Side Skirt / Matte Carbon,5,Side Skirts,28,Side Skirts,171.0,31.0,20.0,22.0,-6.0,-6.0,Cleaned category P75,Medium,UPDATE SITE,Cleaned P75; full side-skirt cartons. Representative carton: B-MX5-SS-ND-ESQ / OD-0021733.
🟢 Nissan,Nissan Silvia S14 MC Vertex Style Body Kit,Canard / Forged Carbon; Canard / Gloss Carbon; Canard / Kevlar; Canard / Matte Carbon,4,Canards,4,Canards,66.0,24.0,22.0,7.0,3.0,3.0,Cleaned category P75,Medium,UPDATE SITE,Cleaned P75; prevents full-bumper inheritance. Representative carton: A-G70-CANA-EPA / OD-0018524.
🟢 Nissan,Nissan Silvia S14 MC Vertex Style Body Kit,Side Skirt / Fiberglass (FRP); Side Skirt / Forged Carbon; Side Skirt / Gloss Carbon; Side Skirt / Kevlar; Side Skirt / Matte Carbon,5,Side Skirts,28,Side Skirts,171.0,31.0,20.0,22.0,-6.0,-6.0,Cleaned category P75,Medium,UPDATE SITE,Cleaned P75; full side-skirt cartons. Representative carton: B-MX5-SS-ND-ESQ / OD-0021733.
🟢 Nissan,Nissan Skyline R32 GTR ABF Style Carbon Fiber Front Lip,All variants,4,Front Lip,46,Front Lip / Splitter,171.0,64.0,12.0,27.0,-19.0,-19.0,Exact vehicle + part P75,High,UPDATE SITE,Matched R32-FL cleaned historical cartons.
🟢 Nissan,Nissan Skyline R32 GTR JUN Style Carbon Fiber Front Lip,All variants,4,Front Lip,46,Front Lip / Splitter,171.0,64.0,12.0,27.0,-19.0,-19.0,Exact vehicle + part P75,High,UPDATE SITE,Matched R32-FL cleaned historical cartons.
🟢 Nissan,Nissan Skyline R32 GTR N1 Style Carbon Fiber Side Skirt Add-on,All variants,5,Side Skirts,37,Spats / Extensions,79.0,40.0,30.0,19.0,-18.0,-18.0,Exact vehicle + part P75,Medium,UPDATE SITE,Matched R32-SPAT cleaned historical cartons.
🟢 Nissan,Nissan Skyline R32 GTR Pandem Style Kit,Front Lip / Forged Carbon; Front Lip / Gloss Carbon; Front Lip / Kevlar; Front Lip / Matte Carbon,4,Front Lip,46,Front Lip / Splitter,171.0,64.0,12.0,27.0,-19.0,-19.0,Exact vehicle + part P75,High,UPDATE SITE,Matched R32-FL cleaned historical cartons.
🟢 Nissan,Nissan Skyline R32 GTS Top Secret Style Carbon Fiber Rear Spats Addon,All variants,5,Accessory,10,Spats / Extensions,79.0,40.0,30.0,19.0,9.0,9.0,Exact vehicle + part P75,Medium,UPDATE SITE,Matched R32-SPAT cleaned historical cartons.
🟢 Nissan,Nissan Skyline R32 GTS/GTR DX Carbon Fiber Roof Spoiler,All variants,5,Roof Panel,72,Duckbill / Small Spoiler,121.0,21.0,13.0,7.0,-65.0,-65.0,Exact vehicle + part P75,Medium,UPDATE SITE,Matched R32-RS cleaned historical cartons.
🟢 Nissan,Nissan Skyline R32 GTS/GTR NS Carbon Fiber Trunk Spoiler,All variants,5,Trunk/Boot,88,Standard Spoiler / Wing,133.0,43.0,26.0,30.0,-58.0,-58.0,Cleaned category P75,High,UPDATE SITE,Generic standard-wing fallback; exact vehicle evidence preferred. Representative carton: A-DE5-RS-AR2& / OD-0022319. Representative carton: B-YARISGR-RS-GV / OD-0027494.
🟢 Nissan,Nissan Skyline R33 400R Style Body Kit,Side Skirt / Fiberglass (FRP); Side Skirt / Forged Carbon; Side Skirt / Gloss Carbon; Side Skirt / Kevlar; Side Skirt / Matte Carbon,5,Side Skirts,37,Side Skirts,171.0,31.0,20.0,22.0,-15.0,-15.0,Cleaned category P75,Medium,UPDATE SITE,Cleaned P75; full side-skirt cartons. Representative carton: B-MX5-SS-ND-ESQ / OD-0021733.
🟢 Nissan,Nissan Skyline R33 BN-Sports Style Body Kit,Side Skirt / Fiberglass (FRP); Side Skirt / Forged Carbon; Side Skirt / Gloss Carbon; Side Skirt / Kevlar; Side Skirt / Matte Carbon,5,Side Skirts,37,Side Skirts,171.0,31.0,20.0,22.0,-15.0,-15.0,Cleaned category P75,Medium,UPDATE SITE,Cleaned P75; full side-skirt cartons. Representative carton: B-MX5-SS-ND-ESQ / OD-0021733.
🟢 Nissan,Nissan Skyline R34 Add-On GTR Body Kit,Rear Diffuser / Forged Carbon; Rear Diffuser / Gloss Carbon; Rear Diffuser / Kevlar; Rear Diffuser / Matte Carbon,4,Rear Diffuser,48,Rear Diffuser,148.0,71.0,15.0,32.0,-16.0,-16.0,Exact vehicle + part P75,Medium,UPDATE SITE,Matched R34-DIF cleaned historical cartons.
🟢 Nissan,Nissan Skyline R34 C-West Style Body Kit,Rear Fender / Fiberglass (FRP); Rear Fender / Forged Carbon; Rear Fender / Gloss Carbon; Rear Fender / Kevlar; Rear Fender / Matte Carbon,5,Rear Fender,62,Rear Fender,140.0,62.0,19.0,33.0,-29.0,-29.0,Exact vehicle + part P75,Medium,UPDATE SITE,Matched R34-RF cleaned historical cartons.
🟢 Nissan,Nissan Skyline R34 C-West Style Body Kit,Side Skirt / Fiberglass (FRP); Side Skirt / Forged Carbon; Side Skirt / Gloss Carbon; Side Skirt / Kevlar; Side Skirt / Matte Carbon,5,Side Skirts,37,Side Skirts,205.0,28.0,17.0,20.0,-17.0,-17.0,Exact vehicle + part P75,High,UPDATE SITE,Matched R34-SS cleaned historical cartons.
🟢 Nissan,Nissan Skyline R34 Sunline Style Body Kit,Rear Fender / Fiberglass (FRP); Rear Fender / Forged Carbon; Rear Fender / Gloss Carbon; Rear Fender / Kevlar; Rear Fender / Matte Carbon,5,Rear Fender,62,Rear Fender,140.0,62.0,19.0,33.0,-29.0,-29.0,Exact vehicle + part P75,Medium,UPDATE SITE,Matched R34-RF cleaned historical cartons.
🟢 Nissan,Nissan Skyline R34 Sunline Style Body Kit,Side Skirt / Fiberglass (FRP); Side Skirt / Forged Carbon; Side Skirt / Gloss Carbon; Side Skirt / Kevlar; Side Skirt / Matte Carbon,5,Side Skirts,37,Side Skirts,205.0,28.0,17.0,20.0,-17.0,-17.0,Exact vehicle + part P75,High,UPDATE SITE,Matched R34-SS cleaned historical cartons.
🟢 Nissan,Nissan Skyline R35 Auto Select Style Body Kit,Front Lip / Forged Carbon; Front Lip / Gloss Carbon; Front Lip / Kevlar; Front Lip / Matte Carbon,4,Front Lip,46,Front Lip / Splitter,177.0,57.0,17.0,35.0,-11.0,-11.0,Cleaned category P75,Medium,UPDATE SITE,Cleaned P75 of actual single-unit cartons. Representative carton: B-R34-FL-HSM / OD-0027251.
🟢 Nissan,Nissan Skyline R35 BenSopra Style Body Kit,Rear Diffuser / Forged Carbon; Rear Diffuser / Gloss Carbon; Rear Diffuser / Kevlar; Rear Diffuser / Matte Carbon,4,Rear Diffuser,48,Rear Diffuser,112.0,95.0,21.0,45.0,-3.0,-3.0,Exact vehicle + part P75,Medium,UPDATE SITE,Matched R35-DIF cleaned historical cartons.
🟢 Nissan,Nissan Skyline R35 MC Nismo Style 2017 Body Kit,Rear Diffuser CB / Forged Carbon; Rear Diffuser CB / Gloss Carbon; Rear Diffuser CB / Kevlar; Rear Diffuser CB / Matte Carbon,4,Rear Diffuser,48,Rear Diffuser,112.0,95.0,21.0,45.0,-3.0,-3.0,Exact vehicle + part P75,Medium,UPDATE SITE,Matched R35-DIF cleaned historical cartons.
🟢 Nissan,Nissan Skyline R35 MC Pandem Style Body Kit,Rear Diffuser / Forged Carbon; Rear Diffuser / Gloss Carbon; Rear Diffuser / Kevlar; Rear Diffuser / Matte Carbon,4,Rear Diffuser,48,Rear Diffuser,112.0,95.0,21.0,45.0,-3.0,-3.0,Exact vehicle + part P75,Medium,UPDATE SITE,Matched R35-DIF cleaned historical cartons.
🟢 Nissan,Nissan Skyline R35 MC Tommykaira Style Body Kit,Front Lip / Forged Carbon; Front Lip / Gloss Carbon; Front Lip / Kevlar; Front Lip / Matte Carbon,4,Front Lip,46,Front Lip / Splitter,177.0,57.0,17.0,35.0,-11.0,-11.0,Cleaned category P75,Medium,UPDATE SITE,Cleaned P75 of actual single-unit cartons. Representative carton: B-R34-FL-HSM / OD-0027251.
🟢 Nissan,Nissan Skyline R35 MC2017 Almera s/n 26590-3BG0B Body Kit,All variants,4,Rear Diffuser,48,Rear Diffuser,112.0,95.0,21.0,45.0,-3.0,-3.0,Exact vehicle + part P75,Medium,UPDATE SITE,Matched R35-DIF cleaned historical cartons.
🟢 Nissan,Nissan Skyline R35 Mine's Style Body Kit,Front Lip / Forged Carbon; Front Lip / Gloss Carbon; Front Lip / Kevlar; Front Lip / Matte Carbon,4,Front Lip,46,Front Lip / Splitter,177.0,57.0,17.0,35.0,-11.0,-11.0,Cleaned category P75,Medium,UPDATE SITE,Cleaned P75 of actual single-unit cartons. Representative carton: B-R34-FL-HSM / OD-0027251.
🟢 Nissan,Nissan Skyline R35 Varis Style Body Kit,All variants,4,Front Lip,46,Front Lip / Splitter,177.0,57.0,17.0,35.0,-11.0,-11.0,Cleaned category P75,Medium,UPDATE SITE,Cleaned P75 of actual single-unit cartons. Representative carton: B-R34-FL-HSM / OD-0027251.
🟢 Nissan,Nissan Skyline R35 ZELE Style Body Kit,Front Lip / Forged Carbon; Front Lip / Gloss Carbon; Front Lip / Kevlar; Front Lip / Matte Carbon,4,Front Lip,46,Front Lip / Splitter,177.0,57.0,17.0,35.0,-11.0,-11.0,Cleaned category P75,Medium,UPDATE SITE,Cleaned P75 of actual single-unit cartons. Representative carton: B-R34-FL-HSM / OD-0027251.
🟢 Nissan,Nissan Skyline R35 ZELE Style Body Kit,Rear Diffuser / Forged Carbon; Rear Diffuser / Gloss Carbon; Rear Diffuser / Kevlar; Rear Diffuser / Matte Carbon,4,Rear Diffuser,48,Rear Diffuser,112.0,95.0,21.0,45.0,-3.0,-3.0,Exact vehicle + part P75,Medium,UPDATE SITE,Matched R35-DIF cleaned historical cartons.
🟣 Mazda,ETi Mazda RX-7 (FD3S) Carbon Fiber Exhaust Heat Shield,All variants,5,Small Panel,10,Heatshield,42.0,29.0,12.0,3.0,-7.0,-7.0,Exact vehicle + part P75,Medium,UPDATE SITE,Matched FD3S-HEAT cleaned historical cartons.
🟣 Mazda,ETi Mazda RX-7 (FD3S) Cooling Panel,All variants,4,Small Panel,10,Cooling Panel,133.0,35.0,13.0,13.0,3.0,3.0,Cleaned category P75,Medium,UPDATE SITE,Cleaned P75 after removing a clear oversized outlier. Representative carton: B-R34-CP-GARA / OD-0027441.
🟣 Mazda,ETi Mazda RX-7 (FD3S) Duckbill Wing,All variants,4,Spoiler/Wing,17,Duckbill / Small Spoiler,133.0,41.0,14.0,16.0,-1.0,-1.0,Cleaned category P75,High,UPDATE SITE,Small spoiler class uses RS cartons at or below 20 volumetric kg. Representative carton: A-DE5-RS-AR2& / OD-0022319. Representative carton: A-G70-RS-EPA2 / OD-0027297.
🟣 Mazda,ETi Mazda RX-7 (FD3S) Front Lip,All variants,4,Front Lip,32,Front Lip / Splitter,108.0,37.0,23.0,19.0,-13.0,-13.0,Exact vehicle + part P75,Medium,UPDATE SITE,Matched FD3S-FL cleaned historical cartons.
🟣 Mazda,ETi Mazda RX-7 (FD3S) RE-MC Carbon Fiber Hood,All variants,4,Hood,96,Hood,161.0,151.0,20.0,98.0,2.0,2.0,Established ETi hood tier,Established,UPDATE SITE,Retain the established ETi large hood tier.
🟣 Mazda,ETi Mazda RX-7 (FD3S) Savana RE Carbon Fiber Hood,All variants,4,Hood,96,Hood,161.0,151.0,20.0,98.0,2.0,2.0,Established ETi hood tier,Established,UPDATE SITE,Retain the established ETi large hood tier.
🟣 Mazda,ETi Mazda RX-7 Full Vacuum Carbon GT Wing,All variants,4,GT Wing,52,GT Wing,141.0,57.0,30.0,49.0,-3.0,-3.0,Cleaned category P75,High,UPDATE SITE,Large wing class; exact vehicle evidence preferred. Representative carton: A-DE5-RS-AR2& / OD-0022319. Representative carton: A-YARISGR-RS-EPA3 / OD-0027721.
🟣 Mazda,Mazda MX-5 Standard Style Body Kit,Duckbill / Fiberglass (FRP); Duckbill / Forged Carbon; Duckbill / Gloss Carbon; Duckbill / Kevlar; Duckbill / Matte Carbon,5,Full Body Kit,200,Duckbill / Small Spoiler,132.0,26.0,21.0,15.0,-185.0,-185.0,Exact vehicle + part P75,Medium,UPDATE SITE,Matched MX5-RS cleaned historical cartons.
🟣 Mazda,Mazda RX-7 (FD3S) 99+ Elite Style Front Bumper,Lip / Dry Carbon; Lip / Forged Carbon; Lip / Gloss Carbon; Lip / Kevlar; Lip / Matte Carbon,5,Bumper,140,Front Lip / Splitter,108.0,37.0,23.0,19.0,-121.0,-121.0,Exact vehicle + part P75,Medium,UPDATE SITE,Matched FD3S-FL cleaned historical cartons.
🟣 Mazda,Mazda RX-7 (FD3S) BN-Sport Wide Body Kit,Side Skirt / Fiberglass (FRP); Side Skirt / Forged Carbon; Side Skirt / Gloss Carbon; Side Skirt / Kevlar; Side Skirt / Matte Carbon,5,Side Skirts,28,Side Skirts,171.0,31.0,20.0,22.0,-6.0,-6.0,Cleaned category P75,Medium,UPDATE SITE,Cleaned P75; full side-skirt cartons. Representative carton: B-MX5-SS-ND-ESQ / OD-0021733.
🟣 Mazda,Mazda RX-7 (FD3S) C-West Body Kit,Side Skirt / Fiberglass (FRP); Side Skirt / Forged Carbon; Side Skirt / Gloss Carbon; Side Skirt / Kevlar; Side Skirt / Matte Carbon,5,Side Skirts,28,Side Skirts,171.0,31.0,20.0,22.0,-6.0,-6.0,Cleaned category P75,Medium,UPDATE SITE,Cleaned P75; full side-skirt cartons. Representative carton: B-MX5-SS-ND-ESQ / OD-0021733.
🟣 Mazda,Mazda RX-7 (FD3S) FEED Style Side Skirts,All variants,5,Side Skirts,28,Side Skirts,171.0,31.0,20.0,22.0,-6.0,-6.0,Cleaned category P75,Medium,UPDATE SITE,Cleaned P75; full side-skirt cartons. Representative carton: B-MX5-SS-ND-ESQ / OD-0021733.
🟣 Mazda,Mazda RX-7 (FD3S) Garage Kagotani Style Rear Diffuser,All variants,4,Rear Diffuser,30,Rear Diffuser,168.0,80.0,21.0,57.0,27.0,27.0,Exact vehicle + part P75,Medium,UPDATE SITE,Matched FD3S-DIF cleaned historical cartons.
🟣 Mazda,Mazda RX-7 (FD3S) Knight Sport Style Body Kit,Rear Spoiler / Fiberglass (FRP); Rear Spoiler / Forged Carbon; Rear Spoiler / Gloss Carbon; Rear Spoiler / Kevlar; Rear Spoiler / Matte Carbon,5,Spoiler/Wing,17,Standard Spoiler / Wing,127.0,38.0,27.0,27.0,10.0,10.0,Exact vehicle + part P75,High,UPDATE SITE,Matched FD3S-RS cleaned historical cartons.
🟣 Mazda,Mazda RX-7 (FD3S) Mazdaspeed Body Kit,Rear Diffuser / Fiberglass (FRP); Rear Diffuser / Forged Carbon; Rear Diffuser / Gloss Carbon; Rear Diffuser / Kevlar; Rear Diffuser / Matte Carbon,5,Rear Diffuser,30,Rear Diffuser,168.0,80.0,21.0,57.0,27.0,27.0,Exact vehicle + part P75,Medium,UPDATE SITE,Matched FD3S-DIF cleaned historical cartons.
🟣 Mazda,Mazda RX-7 (FD3S) Mazdaspeed Body Kit,Side Skirt / Fiberglass (FRP); Side Skirt / Forged Carbon; Side Skirt / Gloss Carbon; Side Skirt / Kevlar; Side Skirt / Matte Carbon,5,Side Skirts,28,Side Skirts,171.0,31.0,20.0,22.0,-6.0,-6.0,Cleaned category P75,Medium,UPDATE SITE,Cleaned P75; full side-skirt cartons. Representative carton: B-MX5-SS-ND-ESQ / OD-0021733.
🟣 Mazda,Mazda RX-7 (FD3S) Mazdaspeed Body Kit,Rear Spoiler / Fiberglass (FRP); Rear Spoiler / Forged Carbon; Rear Spoiler / Gloss Carbon; Rear Spoiler / Kevlar; Rear Spoiler / Matte Carbon,5,Spoiler/Wing,17,Standard Spoiler / Wing,127.0,38.0,27.0,27.0,10.0,10.0,Exact vehicle + part P75,High,UPDATE SITE,Matched FD3S-RS cleaned historical cartons.
🟣 Mazda,Mazda RX-7 (FD3S) Minor Change 2000 Body Kit,Rear Diffuser / Fiberglass (FRP); Rear Diffuser / Forged Carbon; Rear Diffuser / Gloss Carbon; Rear Diffuser / Kevlar; Rear Diffuser / Matte Carbon,5,Rear Diffuser,30,Rear Diffuser,168.0,80.0,21.0,57.0,27.0,27.0,Exact vehicle + part P75,Medium,UPDATE SITE,Matched FD3S-DIF cleaned historical cartons.
🟣 Mazda,Mazda RX-7 (FD3S) Minor Change 2000 Body Kit,Side Skirt / Fiberglass (FRP); Side Skirt / Forged Carbon; Side Skirt / Gloss Carbon; Side Skirt / Kevlar; Side Skirt / Matte Carbon,5,Side Skirts,28,Side Skirts,171.0,31.0,20.0,22.0,-6.0,-6.0,Cleaned category P75,Medium,UPDATE SITE,Cleaned P75; full side-skirt cartons. Representative carton: B-MX5-SS-ND-ESQ / OD-0021733.
🟣 Mazda,Mazda RX-7 (FD3S) Minor Change 2000 Body Kit,Rear Spoiler / Fiberglass (FRP); Rear Spoiler / Forged Carbon; Rear Spoiler / Gloss Carbon; Rear Spoiler / Kevlar; Rear Spoiler / Matte Carbon,5,Spoiler/Wing,17,Standard Spoiler / Wing,127.0,38.0,27.0,27.0,10.0,10.0,Exact vehicle + part P75,High,UPDATE SITE,Matched FD3S-RS cleaned historical cartons.
🟣 Mazda,Mazda RX-7 (FD3S) RE-Amemiya Style Full Wide Body Kit,Side Skirt / Fiberglass (FRP); Side Skirt / Forged Carbon; Side Skirt / Gloss Carbon; Side Skirt / Kevlar; Side Skirt / Matte Carbon,5,Side Skirts,28,Side Skirts,171.0,31.0,20.0,22.0,-6.0,-6.0,Cleaned category P75,Medium,UPDATE SITE,Cleaned P75; full side-skirt cartons. Representative carton: B-MX5-SS-ND-ESQ / OD-0021733.
🟣 Mazda,Mazda RX-7 (FD3S) Rocket Bunny Wide Body Kit,Side Skirt / Fiberglass (FRP); Side Skirt / Forged Carbon; Side Skirt / Gloss Carbon; Side Skirt / Kevlar; Side Skirt / Matte Carbon,5,Side Skirts,28,Side Skirts,171.0,31.0,20.0,22.0,-6.0,-6.0,Cleaned category P75,Medium,UPDATE SITE,Cleaned P75; full side-skirt cartons. Representative carton: B-MX5-SS-ND-ESQ / OD-0021733.
🟣 Mazda,Mazda RX-7 (FD3S) Rocket Bunny Wide Body Kit,Rear Spoiler / Fiberglass (FRP); Rear Spoiler / Forged Carbon; Rear Spoiler / Gloss Carbon; Rear Spoiler / Kevlar; Rear Spoiler / Matte Carbon,5,Spoiler/Wing,17,Standard Spoiler / Wing,127.0,38.0,27.0,27.0,10.0,10.0,Exact vehicle + part P75,High,UPDATE SITE,Matched FD3S-RS cleaned historical cartons.
🟣 Mazda,Mazda RX-7 (FD3S) Vertex Style Body Kit,Side Skirts / Fiberglass (FRP); Side Skirts / Forged Carbon; Side Skirts / Gloss Carbon; Side Skirts / Kevlar; Side Skirts / Matte Carbon,5,Side Skirts,28,Side Skirts,171.0,31.0,20.0,22.0,-6.0,-6.0,Cleaned category P75,Medium,UPDATE SITE,Cleaned P75; full side-skirt cartons. Representative carton: B-MX5-SS-ND-ESQ / OD-0021733.
🟣 Mazda,Mazda RX-8 RB Style Side Skirt Canards,All variants,1,Side Skirts,28,Canards,66.0,24.0,22.0,7.0,-21.0,-21.0,Cleaned category P75,Medium,UPDATE SITE,Cleaned P75; prevents full-bumper inheritance. Representative carton: A-G70-CANA-EPA / OD-0018524.
🟣 Mazda,Mazda RX-8 VS-Style Side Skirts,All variants,5,Side Skirts,28,Side Skirts,171.0,31.0,20.0,22.0,-6.0,-6.0,Cleaned category P75,Medium,UPDATE SITE,Cleaned P75; full side-skirt cartons. Representative carton: B-MX5-SS-ND-ESQ / OD-0021733.
🟣 Mazda,RX8 Late 09-12 R3 TK Style 3Pcs Front Lip,All variants,2,Front Lip,32,Front Lip / Splitter,121.0,29.0,11.0,8.0,-24.0,-24.0,Exact vehicle + part P75,Medium,UPDATE SITE,Matched RX8-FL cleaned historical cartons.
🟣 Mazda,RX8 Rmagic Side Skirt,All variants,2,Side Skirts,28,Side Skirts,171.0,31.0,20.0,22.0,-6.0,-6.0,Cleaned category P75,Medium,UPDATE SITE,Cleaned P75; full side-skirt cartons. Representative carton: B-MX5-SS-ND-ESQ / OD-0021733.
🟣 Mazda,RX8 SE3P MS Style Side Skirt,All variants,2,Side Skirts,28,Side Skirts,171.0,31.0,20.0,22.0,-6.0,-6.0,Cleaned category P75,Medium,UPDATE SITE,Cleaned P75; full side-skirt cartons. Representative carton: B-MX5-SS-ND-ESQ / OD-0021733.
🟣 Mazda,RX8 SE3P RB Pandem Style Front Bumper Canard,All variants,1,Bumper,140,Canards,66.0,24.0,22.0,7.0,-133.0,-133.0,Cleaned category P75,Medium,UPDATE SITE,Cleaned P75; prevents full-bumper inheritance. Representative carton: A-G70-CANA-EPA / OD-0018524.
🟣 Mazda,RX8 SE3P RB Style Front Lip 2 Pcs,All variants,2,Front Lip,32,Front Lip / Splitter,121.0,29.0,11.0,8.0,-24.0,-24.0,Exact vehicle + part P75,Medium,UPDATE SITE,Matched RX8-FL cleaned historical cartons.
🟣 Mazda,RX8 SE3P RB Style Front Splitter,All variants,2,Front Lip,32,Front Lip / Splitter,121.0,29.0,11.0,8.0,-24.0,-24.0,Exact vehicle + part P75,Medium,UPDATE SITE,Matched RX8-FL cleaned historical cartons.
⚡ Tesla,ETi Tesla Model 3 Dry Carbon Hood,All variants,1,Hood,74,Hood,170.0,133.0,16.0,73.0,-1.0,-1.0,Established ETi hood tier,Established,KEEP,Retain the established ETi standard hood tier.
⚡ Tesla,ETi Tesla Model 3 Dry Carbon Mirror Caps,All variants,1,Mirror Cover,6,Mirror Cover,,,,6.0,0.0,0.0,Retain current actual/manual weight,Existing,KEEP,No defensible dimensional override from the partner extract.
⚡ Tesla,Tesla Model Y Dry Carbon Hood,All variants,1,Hood,74,Hood,170.0,133.0,16.0,73.0,-1.0,-1.0,Established ETi hood tier,Established,KEEP,Retain the established ETi standard hood tier.
⚪ Other,2JZ Swap Kit,All variants,6,Accessory,0.1,Accessory,,,,0.1,0.0,0.0,Retain current actual/manual weight,Existing,KEEP,No defensible dimensional override from the partner extract.
⚪ Other,2JZ-GTE/GE Carbon Intake Manifold,All variants,3,Accessory,10,Accessory,,,,10.0,0.0,0.0,Retain current actual/manual weight,Existing,KEEP,No defensible dimensional override from the partner extract.
⚪ Other,350Z Titanium Hardware Kit,All variants,12,Hardware,0.1,Hardware,,,,0.1,0.0,0.0,Retain current actual/manual weight,Existing,KEEP,No defensible dimensional override from the partner extract.
⚪ Other,Add Insurance,All variants,1,Accessory,0,Accessory,,,,,,,Manual review,Manual,REVIEW,Current Shopify weight is zero and no reliable dimensional profile was found.
⚪ Other,Alta – Carbon Fiber Bar Chair,All variants,1,Accessory,20,Accessory,,,,20.0,0.0,0.0,Retain current actual/manual weight,Existing,KEEP,No defensible dimensional override from the partner extract.
⚪ Other,Anime Air Freshener,All variants,14,Accessory,1,Accessory,,,,1.0,0.0,0.0,Retain current actual/manual weight,Existing,KEEP,No defensible dimensional override from the partner extract.
⚪ Other,C8 Dry Carbon Engine Cover,All variants,1,Accessory,5,Accessory,,,,5.0,0.0,0.0,Retain current actual/manual weight,Existing,KEEP,No defensible dimensional override from the partner extract.
⚪ Other,C8 Plate Frame,All variants,1,Accessory,5,Accessory,,,,5.0,0.0,0.0,Retain current actual/manual weight,Existing,KEEP,No defensible dimensional override from the partner extract.
⚪ Other,C8 Side Scoop Trim,All variants,1,Accessory,5,Accessory,,,,5.0,0.0,0.0,Retain current actual/manual weight,Existing,KEEP,No defensible dimensional override from the partner extract.
⚪ Other,C8 Steering Wheel Paddle Shift,All variants,1,Accessory,5,Accessory,,,,5.0,0.0,0.0,Retain current actual/manual weight,Existing,KEEP,No defensible dimensional override from the partner extract.
⚪ Other,Cascade – Tall Carbon Fiber Sink,All variants,1,Accessory,20,Accessory,,,,20.0,0.0,0.0,Retain current actual/manual weight,Existing,KEEP,No defensible dimensional override from the partner extract.
⚪ Other,Custom Seat Belt,All variants,3,Hardware,1,Hardware,,,,1.0,0.0,0.0,Retain current actual/manual weight,Existing,KEEP,No defensible dimensional override from the partner extract.
⚪ Other,Duo – Carbon Fiber Set Bar Chair with Table,All variants,1,Accessory,21,Accessory,,,,21.0,0.0,0.0,Retain current actual/manual weight,Existing,KEEP,No defensible dimensional override from the partner extract.
⚪ Other,ETi 1jz GE Turbo Manifold,All variants,50,Accessory,10,Accessory,,,,10.0,0.0,0.0,Retain current actual/manual weight,Existing,KEEP,No defensible dimensional override from the partner extract.
⚪ Other,ETi 1jz GTE Turbo Manifold,All variants,50,Accessory,10,Accessory,,,,10.0,0.0,0.0,Retain current actual/manual weight,Existing,KEEP,No defensible dimensional override from the partner extract.
⚪ Other,ETi 2jz GE Long Runner Turbo Manifold,All variants,50,Accessory,10,Accessory,,,,10.0,0.0,0.0,Retain current actual/manual weight,Existing,KEEP,No defensible dimensional override from the partner extract.
⚪ Other,ETi 2jz GE Mid Mount Turbo Manifold,All variants,50,Accessory,10,Accessory,,,,10.0,0.0,0.0,Retain current actual/manual weight,Existing,KEEP,No defensible dimensional override from the partner extract.
⚪ Other,ETi 2jz GE Turbo Manifold,All variants,50,Accessory,10,Accessory,,,,10.0,0.0,0.0,Retain current actual/manual weight,Existing,KEEP,No defensible dimensional override from the partner extract.
⚪ Other,ETi 2jz GTE Long Runner Turbo Manifold,All variants,50,Accessory,10,Accessory,,,,10.0,0.0,0.0,Retain current actual/manual weight,Existing,KEEP,No defensible dimensional override from the partner extract.
⚪ Other,ETi 2jz GTE Mid Mount Turbo Manifold,All variants,50,Accessory,10,Accessory,,,,10.0,0.0,0.0,Retain current actual/manual weight,Existing,KEEP,No defensible dimensional override from the partner extract.
⚪ Other,ETi 2jz GTE Turbo Manifold,All variants,50,Accessory,10,Accessory,,,,10.0,0.0,0.0,Retain current actual/manual weight,Existing,KEEP,No defensible dimensional override from the partner extract.
⚪ Other,ETi 350Z Titanium Hardware Kit,All variants,12,Hardware,0.1,Hardware,,,,0.1,0.0,0.0,Retain current actual/manual weight,Existing,KEEP,No defensible dimensional override from the partner extract.
⚪ Other,ETi Custom Steering Wheel,All variants,27,Accessory,5.5,Accessory,,,,5.5,0.0,0.0,Retain current actual/manual weight,Existing,KEEP,No defensible dimensional override from the partner extract.
⚪ Other,ETi EK/ EG Turbo Manifold,All variants,30,Accessory,10,Accessory,,,,10.0,0.0,0.0,Retain current actual/manual weight,Existing,KEEP,No defensible dimensional override from the partner extract.
⚪ Other,ETi G35 Titanium Hardware Kit,All variants,12,Hardware,0.1,Hardware,,,,0.1,0.0,0.0,Retain current actual/manual weight,Existing,KEEP,No defensible dimensional override from the partner extract.
⚪ Other,ETi K24 Long Runner Turbo Manifold,All variants,50,Accessory,10,Accessory,,,,10.0,0.0,0.0,Retain current actual/manual weight,Existing,KEEP,No defensible dimensional override from the partner extract.
⚪ Other,ETi Motorsports WTAC Tee,All variants,12,Accessory,0,Accessory,,,,,,,Manual review,Manual,REVIEW,Current Shopify weight is zero and no reliable dimensional profile was found.
⚪ Other,ETi R32 Titanium Oil Cap,All variants,1,Hardware,1,Hardware,,,,1.0,0.0,0.0,Retain current actual/manual weight,Existing,KEEP,No defensible dimensional override from the partner extract.
⚪ Other,ETi RB20/RB25/RB26 Turbo Manifold,All variants,50,Accessory,10,Accessory,,,,10.0,0.0,0.0,Retain current actual/manual weight,Existing,KEEP,No defensible dimensional override from the partner extract.
⚪ Other,ETi Titanium Full Exhaust FK Civic,All variants,2,Accessory,20,Accessory,,,,20.0,0.0,0.0,Retain current actual/manual weight,Existing,KEEP,No defensible dimensional override from the partner extract.
⚪ Other,ETi Titanium Hood Bolt Upgrade – 4-Piece Set,All variants,1,Hardware,0,Hood,170.0,133.0,16.0,73.0,73.0,73.0,Established ETi hood tier,Established,UPDATE SITE,Retain the established ETi standard hood tier.
⚪ Other,ETi Titanium Lug Nuts,All variants,12,Hardware,0.1,Hardware,,,,0.1,0.0,0.0,Retain current actual/manual weight,Existing,KEEP,No defensible dimensional override from the partner extract.
⚪ Other,ETi Titanium Oil Cap,All variants,2,Hardware,1,Hardware,,,,1.0,0.0,0.0,Retain current actual/manual weight,Existing,KEEP,No defensible dimensional override from the partner extract.
⚪ Other,ETi Titanium Oil Dipstick,All variants,12,Accessory,1,Accessory,,,,1.0,0.0,0.0,Retain current actual/manual weight,Existing,KEEP,No defensible dimensional override from the partner extract.
⚪ Other,ETi Titanium Valve Stem Caps,All variants,1,Accessory,1,Accessory,,,,1.0,0.0,0.0,Retain current actual/manual weight,Existing,KEEP,No defensible dimensional override from the partner extract.
⚪ Other,G35 Titanium Hardware Kit,All variants,12,Hardware,0.1,Hardware,,,,0.1,0.0,0.0,Retain current actual/manual weight,Existing,KEEP,No defensible dimensional override from the partner extract.
⚪ Other,GTR/ GTT Titanium Bolt Kit,All variants,12,Hardware,0.1,Hardware,,,,0.1,0.0,0.0,Retain current actual/manual weight,Existing,KEEP,No defensible dimensional override from the partner extract.
⚪ Other,JDM Anime Air Freshener,All variants,27,Accessory,1,Accessory,,,,1.0,0.0,0.0,Retain current actual/manual weight,Existing,KEEP,No defensible dimensional override from the partner extract.
⚪ Other,Kawaii Key Chain,All variants,7,Accessory,1,Accessory,,,,1.0,0.0,0.0,Retain current actual/manual weight,Existing,KEEP,No defensible dimensional override from the partner extract.
⚪ Other,LED Cup Coasters,All variants,1,Accessory,1,Accessory,,,,1.0,0.0,0.0,Retain current actual/manual weight,Existing,KEEP,No defensible dimensional override from the partner extract.
⚪ Other,LED Running Car Strip Light,All variants,12,Accessory,1,Accessory,,,,1.0,0.0,0.0,Retain current actual/manual weight,Existing,KEEP,No defensible dimensional override from the partner extract.
⚪ Other,Led Stobe Light,All variants,8,Accessory,1,Accessory,,,,1.0,0.0,0.0,Retain current actual/manual weight,Existing,KEEP,No defensible dimensional override from the partner extract.
⚪ Other,MR2  Titanium Hardware Kit,All variants,6,Hardware,0.1,Hardware,,,,0.1,0.0,0.0,Retain current actual/manual weight,Existing,KEEP,No defensible dimensional override from the partner extract.
⚪ Other,MR2 Carbon Headlight Cover,All variants,10,Fog Cover,5,Fog / Light Cover,,,,5.0,0.0,0.0,Retain current actual/manual weight,Existing,UPDATE SITE,No defensible dimensional override from the partner extract.
⚪ Other,MR2 Titanium Hardware Kit,All variants,6,Hardware,0.1,Hardware,,,,0.1,0.0,0.0,Retain current actual/manual weight,Existing,KEEP,No defensible dimensional override from the partner extract.
⚪ Other,MR2 Titanium Manifold Stud Kit,All variants,36,Hardware,0.1,Hardware,,,,0.1,0.0,0.0,Retain current actual/manual weight,Existing,KEEP,No defensible dimensional override from the partner extract.
⚪ Other,MR2 Titanium Oil Cap,All variants,4,Hardware,1,Hardware,,,,1.0,0.0,0.0,Retain current actual/manual weight,Existing,KEEP,No defensible dimensional override from the partner extract.
⚪ Other,MR2 Titanium Oil Dipstick,All variants,10,Accessory,1,Accessory,,,,1.0,0.0,0.0,Retain current actual/manual weight,Existing,KEEP,No defensible dimensional override from the partner extract.
⚪ Other,MR2 Valve Cover Bolts,All variants,4,Hardware,1,Hardware,,,,1.0,0.0,0.0,Retain current actual/manual weight,Existing,KEEP,No defensible dimensional override from the partner extract.
⚪ Other,Orb – Carbon Fiber Chair,All variants,1,Accessory,20,Accessory,,,,20.0,0.0,0.0,Retain current actual/manual weight,Existing,KEEP,No defensible dimensional override from the partner extract.
⚪ Other,Prime – Carbon Fiber Solo Chair,All variants,1,Accessory,20,Accessory,,,,20.0,0.0,0.0,Retain current actual/manual weight,Existing,KEEP,No defensible dimensional override from the partner extract.
⚪ Other,R32 4D GTR Do-Luck Style Side Skirts,All variants,5,Side Skirts,37,Side Skirts,201.0,37.0,26.0,39.0,2.0,2.0,Exact vehicle + part P75,Low,UPDATE SITE,Matched R32-SS cleaned historical cartons.
⚪ Other,R32 Carbon Door Cards,All variants,5,Door Card,50,Door Card,,,,50.0,0.0,0.0,Retain current actual/manual weight,Existing,KEEP,No defensible dimensional override from the partner extract.
⚪ Other,R32 Cooling Plate,All variants,5,Accessory,5,Accessory,,,,5.0,0.0,0.0,Retain current actual/manual weight,Existing,KEEP,No defensible dimensional override from the partner extract.
⚪ Other,R32 Cooling Plate Garage Defend Style,All variants,2,Accessory,5,Accessory,,,,5.0,0.0,0.0,Retain current actual/manual weight,Existing,KEEP,No defensible dimensional override from the partner extract.
⚪ Other,R32 Doors,All variants,3,Door,64,Door,,,,64.0,0.0,0.0,Retain current — chassis dependent,Review,UPDATE SITE,No reliable exact chassis match; broad category data is too variable for a safe overwrite.
⚪ Other,R32 GTR Carbon Fiber Center Console,All variants,5,Interior Console,16,Interior Console,,,,16.0,0.0,0.0,Retain current actual/manual weight,Existing,KEEP,No defensible dimensional override from the partner extract.
⚪ Other,R32 GTR Do-Luck Style Front Bumper,All variants,5,Bumper,170,Front Bumper,,,,170.0,0.0,0.0,Retain current — bumper evidence sparse,Review,UPDATE SITE,Chinese extract does not contain enough consistent full-bumper observations for a bulk overwrite.
⚪ Other,R32 GTR Do-Luck Style Rear Bumper,All variants,5,Bumper,170,Rear Bumper,,,,170.0,0.0,0.0,Retain current — bumper evidence sparse,Review,UPDATE SITE,Chinese extract does not contain enough consistent full-bumper observations for a bulk overwrite.
⚪ Other,R32 GTR Front Bumper and Lip,All variants,3,Bumper,170,Front Bumper,,,,170.0,0.0,0.0,Retain current — bumper evidence sparse,Review,UPDATE SITE,Chinese extract does not contain enough consistent full-bumper observations for a bulk overwrite.
⚪ Other,R32 GTR NI Style Bonnet Hood Lip,All variants,4,Hood,98,Hood,161.0,151.0,20.0,98.0,0.0,0.0,Established ETi hood tier,Established,KEEP,Retain the established ETi large hood tier.
⚪ Other,R32 GTR OEM Style Carbon Fiber Front Grille,All variants,5,Accessory,15,Accessory,,,,15.0,0.0,0.0,Retain current actual/manual weight,Existing,KEEP,No defensible dimensional override from the partner extract.
⚪ Other,R32 GTR OEM Style Front Grille,All variants,5,Accessory,15,Accessory,,,,15.0,0.0,0.0,Retain current actual/manual weight,Existing,KEEP,No defensible dimensional override from the partner extract.
⚪ Other,R32 GTR Rear Diffuser TS Style Rear Diffuser,All variants,4,Rear Diffuser,48,Rear Diffuser,151.0,51.0,21.0,33.0,-15.0,-15.0,Cleaned category P75,Low,UPDATE SITE,Cleaned P75; full diffusers only. Representative carton: B-987-DIF-EPAGT / OD-0018908.
⚪ Other,R32 GTR TS Style Carbon Fiber Diffuser Only - Vortex Addon,All variants,4,Accessory,48,Rear Diffuser,151.0,51.0,21.0,33.0,-15.0,-15.0,Cleaned category P75,Low,UPDATE SITE,Cleaned P75; full diffusers only. Representative carton: B-987-DIF-EPAGT / OD-0018908.
⚪ Other,R32 GTS GTR OEM Style Trunk with Lock Hole,All variants,5,Trunk/Boot,88,Trunk / Boot,,,,88.0,0.0,0.0,Retain current — chassis dependent,Review,UPDATE SITE,No reliable exact chassis match; broad category data is too variable for a safe overwrite.
⚪ Other,R32 GTS GTR Style Front Bumper,All variants,5,Bumper,170,Front Bumper,,,,170.0,0.0,0.0,Retain current — bumper evidence sparse,Review,UPDATE SITE,Chinese extract does not contain enough consistent full-bumper observations for a bulk overwrite.
⚪ Other,R32 Gts GTR Lhs Full Carbon Fiber Headlamp Air Intake W. Lamp,All variants,5,Accessory,15,Accessory,,,,15.0,0.0,0.0,Retain current actual/manual weight,Existing,KEEP,No defensible dimensional override from the partner extract.
⚪ Other,R33 ECR33 GTS GTS-T RB25 DET SPARK PLUG COVER,All variants,5,Accessory,5,Accessory,,,,5.0,0.0,0.0,Retain current actual/manual weight,Existing,KEEP,No defensible dimensional override from the partner extract.
⚪ Other,R33 GTR End Caps,All variants,5,Accessory,5,Accessory,,,,5.0,0.0,0.0,Retain current actual/manual weight,Existing,KEEP,No defensible dimensional override from the partner extract.
⚪ Other,R33 GTR GTS Fuse Box Cover,All variants,5,Accessory,4,Accessory,,,,4.0,0.0,0.0,Retain current actual/manual weight,Existing,KEEP,No defensible dimensional override from the partner extract.
⚪ Other,R33 GTR GTS LHS Headlight Air Intake Vents Replacement,All variants,5,Accessory,15,Accessory,,,,15.0,0.0,0.0,Retain current actual/manual weight,Existing,KEEP,No defensible dimensional override from the partner extract.
⚪ Other,R33 GTR GTS Nismo Style Hood Bonnet Lip,All variants,4,Hood,98,Hood,161.0,151.0,20.0,98.0,0.0,0.0,Established ETi hood tier,Established,KEEP,Retain the established ETi large hood tier.
⚪ Other,R33 GTR GTS OEM Style Bootlid Tailgate,All variants,5,Trunk/Boot,88,Trunk / Boot,,,,88.0,0.0,0.0,Retain current — chassis dependent,Review,UPDATE SITE,No reliable exact chassis match; broad category data is too variable for a safe overwrite.
⚪ Other,R33 GTR GTS Wind Deflector 2 Pcs,All variants,5,Accessory,15,Accessory,,,,15.0,0.0,0.0,Retain current actual/manual weight,Existing,KEEP,No defensible dimensional override from the partner extract.
⚪ Other,R33 GTR TS Rear Diffuser 3pcs,All variants,4,Rear Diffuser,48,Rear Diffuser,151.0,51.0,21.0,33.0,-15.0,-15.0,Cleaned category P75,Low,UPDATE SITE,Cleaned P75; full diffusers only. Representative carton: B-987-DIF-EPAGT / OD-0018908.
⚪ Other,R33 GTR TS Rear Diffuser 5pcs,All variants,4,Rear Diffuser,48,Rear Diffuser,151.0,51.0,21.0,33.0,-15.0,-15.0,Cleaned category P75,Low,UPDATE SITE,Cleaned P75; full diffusers only. Representative carton: B-987-DIF-EPAGT / OD-0018908.
⚪ Other,R33 GTS Spec-1 GTR Style Front Grille,All variants,5,Accessory,15,Accessory,,,,15.0,0.0,0.0,Retain current actual/manual weight,Existing,KEEP,No defensible dimensional override from the partner extract.
⚪ Other,R33 GTST Carbon Grille S1,All variants,5,Accessory,5,Accessory,,,,5.0,0.0,0.0,Retain current actual/manual weight,Existing,KEEP,No defensible dimensional override from the partner extract.
⚪ Other,R33 GTST TS Top Secret Style Front Bumper (not GTR Models),All variants,5,Bumper,170,Front Bumper,,,,170.0,0.0,0.0,Retain current — bumper evidence sparse,Review,UPDATE SITE,Chinese extract does not contain enough consistent full-bumper observations for a bulk overwrite.
⚪ Other,R33 RB25 DET Cam Cover,All variants,5,Accessory,5,Accessory,,,,5.0,0.0,0.0,Retain current actual/manual weight,Existing,KEEP,No defensible dimensional override from the partner extract.
⚪ Other,R33 Skyline GTS/T M Sport 2 Door Coupe Front Bumper,All variants,5,Bumper,170,Front Bumper,,,,170.0,0.0,0.0,Retain current — bumper evidence sparse,Review,UPDATE SITE,Chinese extract does not contain enough consistent full-bumper observations for a bulk overwrite.
⚪ Other,R33 GTS JUN FRONT BUMPER,All variants,2,Accessory,86.4,Accessory,,,,86.4,0.0,0.0,Retain current actual/manual weight,Existing,KEEP,No defensible dimensional override from the partner extract.
⚪ Other,R34 GTR BN-Sports Style Front Fender,All variants,5,Front Fender,78,Front Fender,,,,78.0,0.0,0.0,Retain current — chassis dependent,Review,UPDATE SITE,No reliable exact chassis match; broad category data is too variable for a safe overwrite.
⚪ Other,R34 GTR Do-Luck Style Front Fender,All variants,5,Front Fender,78,Front Fender,,,,78.0,0.0,0.0,Retain current — chassis dependent,Review,UPDATE SITE,No reliable exact chassis match; broad category data is too variable for a safe overwrite.
⚪ Other,R34 GTR GTT Headlight Eyebrow Eyelid,All variants,1,Accessory,5,Accessory,,,,5.0,0.0,0.0,Retain current actual/manual weight,Existing,KEEP,No defensible dimensional override from the partner extract.
⚪ Other,R34 GTR GTT OEM Style Rear Trunk (W/O Brake Lamp Position),All variants,5,Trunk/Boot,88,Trunk / Boot,148.0,88.0,33.0,86.0,-2.0,-2.0,Exact vehicle + part P75,Low,UPDATE SITE,Matched R34-TRUNK cleaned historical cartons.
⚪ Other,R34 GTR GTT VS GT Style Rear Spoiler,All variants,5,Spoiler/Wing,30,Standard Spoiler / Wing,149.0,35.0,16.0,17.0,-13.0,-13.0,Exact vehicle + part P75,Low,UPDATE SITE,Matched R34-RS cleaned historical cartons.
⚪ Other,R34 GTR JUN Style Front Bumper,All variants,5,Bumper,170,Front Bumper,,,,170.0,0.0,0.0,Retain current — bumper evidence sparse,Review,UPDATE SITE,Chinese extract does not contain enough consistent full-bumper observations for a bulk overwrite.
⚪ Other,R34 GTR NI Style Hood,All variants,4,Hood,98,Hood,161.0,151.0,20.0,98.0,0.0,0.0,Established ETi hood tier,Established,KEEP,Retain the established ETi large hood tier.
⚪ Other,R34 GTR NI Z-Tune Style Front Bumper,All variants,5,Bumper,170,Front Bumper,,,,170.0,0.0,0.0,Retain current — bumper evidence sparse,Review,UPDATE SITE,Chinese extract does not contain enough consistent full-bumper observations for a bulk overwrite.
⚪ Other,R34 GTR NI Z-Tune Style Rear Bumper,All variants,5,Bumper,170,Rear Bumper,,,,170.0,0.0,0.0,Retain current — bumper evidence sparse,Review,UPDATE SITE,Chinese extract does not contain enough consistent full-bumper observations for a bulk overwrite.
⚪ Other,R34 GTR OEM Style Door Cards (4pcs),All variants,5,Door Card,50,Door Card,,,,50.0,0.0,0.0,Retain current actual/manual weight,Existing,KEEP,No defensible dimensional override from the partner extract.
⚪ Other,R34 GTR OEM Style Front Fender,All variants,5,Front Fender,78,Front Fender,,,,78.0,0.0,0.0,Retain current — chassis dependent,Review,UPDATE SITE,No reliable exact chassis match; broad category data is too variable for a safe overwrite.
⚪ Other,R34 GTR RHD Radio Monitor Surround / Gear Surround,All variants,5,Accessory,4,Accessory,,,,4.0,0.0,0.0,Retain current actual/manual weight,Existing,KEEP,No defensible dimensional override from the partner extract.
⚪ Other,R34 GTT GTR Mine’s Style Rear Trunk Spoiler Duckbill,All variants,5,Trunk/Boot,88,Duckbill / Small Spoiler,149.0,35.0,16.0,17.0,-71.0,-71.0,Exact vehicle + part P75,Low,UPDATE SITE,Matched R34-RS cleaned historical cartons.
⚪ Other,R34 GTT GTR OEM Style Trunk with Brake Light Cutout,All variants,5,Trunk/Boot,88,Trunk / Boot,148.0,88.0,33.0,86.0,-2.0,-2.0,Exact vehicle + part P75,Low,UPDATE SITE,Matched R34-TRUNK cleaned historical cartons.
⚪ Other,R34 GTT GTR Wind Deflector,All variants,5,Accessory,15,Accessory,,,,15.0,0.0,0.0,Retain current actual/manual weight,Existing,KEEP,No defensible dimensional override from the partner extract.
⚪ Other,R34 GTT Z-Tune Front Bumper / Skyline R34 GTT 2D 4D GTR-Style Front Bumper,All variants,5,Bumper,170,Front Bumper,,,,170.0,0.0,0.0,Retain current — bumper evidence sparse,Review,UPDATE SITE,Chinese extract does not contain enough consistent full-bumper observations for a bulk overwrite.
⚪ Other,R34 GTT Z-Tune Hood 1999-2000 Skyline R34 GTT 2D 4D GTR-Style Bonnet with Duct,All variants,4,Hood,98,Hood,161.0,151.0,20.0,98.0,0.0,0.0,Established ETi hood tier,Established,KEEP,Retain the established ETi large hood tier.
⚪ Other,R35 GT-R OEM Style Engine Compartment Cover Set 5pcs,All variants,5,Accessory,15,Accessory,,,,15.0,0.0,0.0,Retain current actual/manual weight,Existing,KEEP,No defensible dimensional override from the partner extract.
⚪ Other,R35 GTR CBA DBA Rear Spoiler Higher Legs,All variants,5,Spoiler/Wing,30,Standard Spoiler / Wing,137.0,45.0,13.0,17.0,-13.0,-13.0,Exact vehicle + part P75,Low,UPDATE SITE,Matched R35-RS cleaned historical cartons.
⚪ Other,R35 GTR CBA DBA VR38DETT Mine's Style Engine Cover,All variants,5,Accessory,15,Accessory,,,,15.0,0.0,0.0,Retain current actual/manual weight,Existing,KEEP,No defensible dimensional override from the partner extract.
⚪ Other,R35 GTR Center Console Trim LHD,All variants,5,Interior Console,16,Interior Console,,,,16.0,0.0,0.0,Retain current actual/manual weight,Existing,KEEP,No defensible dimensional override from the partner extract.
⚪ Other,R35 GTR Cooling Panel OEM Style Carbon Cooling Panel,All variants,4,Small Panel,15,Cooling Panel,132.0,32.0,14.0,12.0,-3.0,-3.0,Exact vehicle + part P75,Low,UPDATE SITE,Matched R35-CP cleaned historical cartons.
⚪ Other,R35 GTR ESPINT STYLE REAR SPOILER  (165CM),All variants,2,Spoiler/Wing,30,Standard Spoiler / Wing,137.0,45.0,13.0,17.0,-13.0,-13.0,Exact vehicle + part P75,Low,UPDATE SITE,Matched R35-RS cleaned historical cartons.
⚪ Other,R35 GTR Emblem Cover,All variants,5,Accessory,15,Accessory,,,,15.0,0.0,0.0,Retain current actual/manual weight,Existing,KEEP,No defensible dimensional override from the partner extract.
⚪ Other,R35 GTR Esprit Style Rear SPOILER (165CM),All variants,5,Spoiler/Wing,30,Standard Spoiler / Wing,137.0,45.0,13.0,17.0,-13.0,-13.0,Exact vehicle + part P75,Low,UPDATE SITE,Matched R35-RS cleaned historical cartons.
⚪ Other,R35 GTR GTR35 GT-R CBA DBA Gear Surround Trim Interior,All variants,5,Accessory,4,Accessory,,,,4.0,0.0,0.0,Retain current actual/manual weight,Existing,KEEP,No defensible dimensional override from the partner extract.
⚪ Other,R35 GTR GTR35 VS Style Side Low Mirror Under Cover,All variants,5,Mirror Cover,6,Mirror Cover,,,,6.0,0.0,0.0,Retain current actual/manual weight,Existing,KEEP,No defensible dimensional override from the partner extract.
⚪ Other,R35 GTR Mine's Style Rear Spoiler without Base,All variants,5,Spoiler/Wing,30,Standard Spoiler / Wing,137.0,45.0,13.0,17.0,-13.0,-13.0,Exact vehicle + part P75,Low,UPDATE SITE,Matched R35-RS cleaned historical cartons.
⚪ Other,R35 GTR Mines Rear Spoiler without Base,All variants,2,Spoiler/Wing,30,Standard Spoiler / Wing,137.0,45.0,13.0,17.0,-13.0,-13.0,Exact vehicle + part P75,Low,UPDATE SITE,Matched R35-RS cleaned historical cartons.
⚪ Other,R35 GTR OEM Style Bonnet (with hood scoop),All variants,4,Hood,98,Hood Vent / Scoop,39.0,20.0,15.0,3.0,-95.0,-95.0,Exact vehicle + part P75,Low,UPDATE SITE,Matched R35-HV cleaned historical cartons.
⚪ Other,R35 GTR OEM Style Exhaust Surround,All variants,5,Accessory,4,Accessory,,,,4.0,0.0,0.0,Retain current actual/manual weight,Existing,KEEP,No defensible dimensional override from the partner extract.
⚪ Other,R35 GTR OEM Style Rear Spoiler,All variants,5,Spoiler/Wing,30,Standard Spoiler / Wing,137.0,45.0,13.0,17.0,-13.0,-13.0,Exact vehicle + part P75,Low,UPDATE SITE,Matched R35-RS cleaned historical cartons.
⚪ Other,R35 GTR OEM Style Scoop Air Tunnel (Pair),All variants,5,Accessory,15,Accessory,,,,15.0,0.0,0.0,Retain current actual/manual weight,Existing,KEEP,No defensible dimensional override from the partner extract.
⚪ Other,R35 GTR OEM Style Wheel Arch Flares (10mm wider) 8pcs,All variants,5,Accessory,62,Accessory,,,,62.0,0.0,0.0,Retain current actual/manual weight,Existing,KEEP,No defensible dimensional override from the partner extract.
⚪ Other,R35 GTR R35 GTR ZELE Style Rear Lip,All variants,4,Accessory,46,Accessory,,,,46.0,0.0,0.0,Retain current actual/manual weight,Existing,KEEP,No defensible dimensional override from the partner extract.
⚪ Other,R35 GTR RSW Style LHD Control Panel,All variants,5,Accessory,5,Accessory,,,,5.0,0.0,0.0,Retain current actual/manual weight,Existing,KEEP,No defensible dimensional override from the partner extract.
⚪ Other,R35 GTR RSW Style LHD Monitor Cover,All variants,5,Accessory,15,Accessory,,,,15.0,0.0,0.0,Retain current actual/manual weight,Existing,KEEP,No defensible dimensional override from the partner extract.
⚪ Other,R35 GTR RSW Style LHD Window Switch Panel,All variants,5,Accessory,5,Accessory,,,,5.0,0.0,0.0,Retain current actual/manual weight,Existing,KEEP,No defensible dimensional override from the partner extract.
⚪ Other,R35 GTR Side Mirror Cover 2 PCS,All variants,5,Mirror Cover,6,Mirror Cover,,,,6.0,0.0,0.0,Retain current actual/manual weight,Existing,KEEP,No defensible dimensional override from the partner extract.
⚪ Other,R35 GTR VR38DETT OEM Style Engine Cover,All variants,5,Accessory,15,Accessory,,,,15.0,0.0,0.0,Retain current actual/manual weight,Existing,KEEP,No defensible dimensional override from the partner extract.
⚪ Other,R35 GTR Wald Style Bumper Headlight Eyebrow,All variants,5,Accessory,5,Accessory,,,,5.0,0.0,0.0,Retain current actual/manual weight,Existing,KEEP,No defensible dimensional override from the partner extract.
⚪ Other,R35 GTR Wald Style Bumper Lip,All variants,4,Accessory,46,Accessory,,,,46.0,0.0,0.0,Retain current actual/manual weight,Existing,KEEP,No defensible dimensional override from the partner extract.
⚪ Other,R35 GTR Wald Style Bumper Side Vent Cover,All variants,5,Small Panel,15,Small Panel,,,,15.0,0.0,0.0,Retain current actual/manual weight,Existing,KEEP,No defensible dimensional override from the partner extract.
⚪ Other,R35 GTR Wald Style Gurney Flap,All variants,5,Accessory,15,Accessory,,,,15.0,0.0,0.0,Retain current actual/manual weight,Existing,KEEP,No defensible dimensional override from the partner extract.
⚪ Other,R35 OEM Front Grille,All variants,5,Accessory,5,Accessory,,,,5.0,0.0,0.0,Retain current actual/manual weight,Existing,KEEP,No defensible dimensional override from the partner extract.
⚪ Other,R35 OEM Style GTR Rear Bumper,All variants,5,Bumper,170,Rear Bumper,,,,170.0,0.0,0.0,Retain current — bumper evidence sparse,Review,UPDATE SITE,Chinese extract does not contain enough consistent full-bumper observations for a bulk overwrite.
⚪ Other,RB26 Cam Cover,All variants,5,Accessory,5,Accessory,,,,5.0,0.0,0.0,Retain current actual/manual weight,Existing,KEEP,No defensible dimensional override from the partner extract.
⚪ Other,RB26 Coil Pack Cover,All variants,5,Accessory,5,Accessory,,,,5.0,0.0,0.0,Retain current actual/manual weight,Existing,KEEP,No defensible dimensional override from the partner extract.
⚪ Other,RB26 Plug Cover Fit For Skyline BNR32 R32 R33 R34,All variants,5,Accessory,15,Accessory,,,,15.0,0.0,0.0,Retain current actual/manual weight,Existing,KEEP,No defensible dimensional override from the partner extract.
⚪ Other,SC300 / SC400 / Soarer (Z30) Window Trims - Group Buy 2,All variants,5,Accessory,25,Accessory,,,,25.0,0.0,0.0,Retain current actual/manual weight,Existing,KEEP,No defensible dimensional override from the partner extract.
⚪ Other,Side Camera Protection Cover,All variants,2,Accessory,1,Accessory,,,,1.0,0.0,0.0,Retain current actual/manual weight,Existing,KEEP,No defensible dimensional override from the partner extract.
⚪ Other,Skyline R32 GTR Nismo Style Carbon Fiber Vented Hood,All variants,4,Hood,98,Hood,161.0,151.0,20.0,98.0,0.0,0.0,Established ETi hood tier,Established,KEEP,Retain the established ETi large hood tier.
⚪ Other,Skyline R32 GTS BN-Sports Style +30mm Front Fenders,All variants,5,Front Fender,78,Front Fender,148.0,76.0,34.0,77.0,-1.0,-1.0,Exact vehicle + part P75,Medium,KEEP,Matched R32-FF cleaned historical cartons.
⚪ Other,Skyline R32 GTS GTR LHS Vented Carbon Fiber Headlight Intake Replacement,All variants,5,Accessory,5,Accessory,,,,5.0,0.0,0.0,Retain current actual/manual weight,Existing,KEEP,No defensible dimensional override from the partner extract.
⚪ Other,Skyline R32 GTS OEM Style Front Fender,All variants,5,Front Fender,78,Front Fender,148.0,76.0,34.0,77.0,-1.0,-1.0,Exact vehicle + part P75,Medium,KEEP,Matched R32-FF cleaned historical cartons.
⚪ Other,Skyline R33 GTR BN-Style Front Fender,All variants,5,Front Fender,78,Front Fender,,,,78.0,0.0,0.0,Retain current — chassis dependent,Review,UPDATE SITE,No reliable exact chassis match; broad category data is too variable for a safe overwrite.
⚪ Other,Skyline R34 GTT Z-Tune Rear Bumper / Skyline R34 GTT 2D GTR Conversion GTR-Style Rear Bumper,All variants,5,Bumper,170,Rear Bumper,,,,170.0,0.0,0.0,Retain current — bumper evidence sparse,Review,UPDATE SITE,Chinese extract does not contain enough consistent full-bumper observations for a bulk overwrite.
⚪ Other,Solar Powered Window Fan,All variants,2,Accessory,1,Accessory,,,,1.0,0.0,0.0,Retain current actual/manual weight,Existing,KEEP,No defensible dimensional override from the partner extract.
⚪ Other,The James – Carbon Fiber Sink,All variants,1,Accessory,15,Accessory,,,,15.0,0.0,0.0,Retain current actual/manual weight,Existing,KEEP,No defensible dimensional override from the partner extract.
⚪ Other,Titanium 12 Point Nut,All variants,10,Hardware,0.1,Hardware,,,,0.1,0.0,0.0,Retain current actual/manual weight,Existing,KEEP,No defensible dimensional override from the partner extract.
⚪ Other,Titanium Ball Shift Knob,All variants,5,Accessory,5,Accessory,,,,5.0,0.0,0.0,Retain current actual/manual weight,Existing,KEEP,No defensible dimensional override from the partner extract.
⚪ Other,Titanium Bolts Button Head,All variants,50,Hardware,0.1,Hardware,,,,0.1,0.0,0.0,Retain current actual/manual weight,Existing,KEEP,No defensible dimensional override from the partner extract.
⚪ Other,Titanium Bolts Hex Head,All variants,50,Hardware,0.1,Hardware,,,,0.1,0.0,0.0,Retain current actual/manual weight,Existing,KEEP,No defensible dimensional override from the partner extract.
⚪ Other,Titanium EDC Style Wallet,All variants,18,Hardware,1,Hardware,,,,1.0,0.0,0.0,Retain current actual/manual weight,Existing,KEEP,No defensible dimensional override from the partner extract.
⚪ Other,Titanium Exhaust Manifold Stud M6 M8 and M10,All variants,24,Hardware,1,Hardware,,,,1.0,0.0,0.0,Retain current actual/manual weight,Existing,KEEP,No defensible dimensional override from the partner extract.
⚪ Other,Titanium Extended Shift Knob,All variants,6,Accessory,5,Accessory,,,,5.0,0.0,0.0,Retain current actual/manual weight,Existing,KEEP,No defensible dimensional override from the partner extract.
⚪ Other,Titanium Flange Nut,All variants,50,Hardware,0.1,Hardware,,,,0.1,0.0,0.0,Retain current actual/manual weight,Existing,KEEP,No defensible dimensional override from the partner extract.
⚪ Other,Titanium Hardware Add-on,All variants,1,Hardware,0.5,Hardware,,,,0.5,0.0,0.0,Retain current actual/manual weight,Existing,KEEP,No defensible dimensional override from the partner extract.
⚪ Other,Titanium Simple Wallet,All variants,12,Hardware,1,Hardware,,,,1.0,0.0,0.0,Retain current actual/manual weight,Existing,KEEP,No defensible dimensional override from the partner extract.
⚪ Other,Titanium Steering Wheel Bolt kit,All variants,3,Hardware,0.1,Hardware,,,,0.1,0.0,0.0,Retain current actual/manual weight,Existing,KEEP,No defensible dimensional override from the partner extract.
⚪ Other,Titanium Step Gasket Washer,All variants,20,Hardware,0.1,Hardware,,,,0.1,0.0,0.0,Retain current actual/manual weight,Existing,KEEP,No defensible dimensional override from the partner extract.
⚪ Other,Titanium Washer,All variants,42,Hardware,0.1,Hardware,,,,0.1,0.0,0.0,Retain current actual/manual weight,Existing,KEEP,No defensible dimensional override from the partner extract.
⚪ Other,Titanium Wheel Bolts,All variants,8,Hardware,1,Hardware,,,,1.0,0.0,0.0,Retain current actual/manual weight,Existing,KEEP,No defensible dimensional override from the partner extract.
⚪ Other,Tsurikawa Ring Heart,All variants,6,Accessory,1,Accessory,,,,1.0,0.0,0.0,Retain current actual/manual weight,Existing,KEEP,No defensible dimensional override from the partner extract.
⚪ Other,Window Switch Trim Cover,All variants,12,Accessory,1,Accessory,,,,1.0,0.0,0.0,Retain current actual/manual weight,Existing,KEEP,No defensible dimensional override from the partner extract.
⚪ Other,Xeno – Carbon Fiber Chair,All variants,2,Accessory,20,Accessory,,,,20.0,0.0,0.0,Retain current actual/manual weight,Existing,KEEP,No defensible dimensional override from the partner extract.
⚪ Other,tesst,All variants,50,Accessory,0,Accessory,,,,,,,Manual review,Manual,REVIEW,Current Shopify weight is zero and no reliable dimensional profile was found.
🌊 Subaru,ETi Subaru WRX 2018 Vented Hood,All variants,3,Hood,74,Hood,170.0,133.0,16.0,73.0,-1.0,-1.0,Established ETi hood tier,Established,KEEP,Retain the established ETi standard hood tier.
🌊 Subaru,ETi Subaru WRX 2018 Vented Hood V2,All variants,3,Hood,74,Hood,170.0,133.0,16.0,73.0,-1.0,-1.0,Established ETi hood tier,Established,KEEP,Retain the established ETi standard hood tier.
🌊 Subaru,Subaru BRZ Door Handle Trim Cover,All variants,1,Door,51,Accessory,,,,51.0,0.0,0.0,Retain current actual/manual weight,Existing,UPDATE SITE,No defensible dimensional override from the partner extract.
🌊 Subaru,Subaru Impreza 98-00 Hood Side Vent 1 PC,All variants,1,Hood,74,Hood,170.0,133.0,16.0,73.0,-1.0,-1.0,Established ETi hood tier,Established,KEEP,Retain the established ETi standard hood tier.
🌊 Subaru,Subaru Impreza 98-00 Roof Scoop,All variants,1,Roof Panel,55,Roof Panel,,,,55.0,0.0,0.0,Retain current — chassis dependent,Review,UPDATE SITE,No reliable exact chassis match; broad category data is too variable for a safe overwrite.
🌐 Universal,ETi Universal Aluminum Oil Cooler,All variants,12,Accessory,5,Accessory,,,,5.0,0.0,0.0,Retain current actual/manual weight,Existing,KEEP,No defensible dimensional override from the partner extract.
🌐 Universal,ETi Universal Titanium Turbo Guard,All variants,2,Accessory,2,Accessory,,,,2.0,0.0,0.0,Retain current actual/manual weight,Existing,KEEP,No defensible dimensional override from the partner extract.
🌐 Universal,Universal Demon Eyes Kit,All variants,5,Hardware,1,Hardware,,,,1.0,0.0,0.0,Retain current actual/manual weight,Existing,KEEP,No defensible dimensional override from the partner extract.
🏁 Porsche,ETi Carbon Fiber Hood – Porsche 987 / 981 / 991,All variants,4,Hood,74,Hood,170.0,133.0,16.0,73.0,-1.0,-1.0,Established ETi hood tier,Established,KEEP,Retain the established ETi standard hood tier.
🏁 Porsche,ETi Porsche 981 Corsa Bodykit – Full 718 Conversion,All variants,1,Full Body Kit,200,Full Body Kit,,,,,,,Manual multi-carton,Manual,REVIEW,Full kits require the sum of each component carton; do not use one generic Shopify weight.
🏁 Porsche,ETi Porsche 987 Aeris GT1 Widebody Kit,All variants,1,Full Body Kit,200,Full Body Kit,,,,,,,Manual multi-carton,Manual,REVIEW,Full kits require the sum of each component carton; do not use one generic Shopify weight.
🏁 Porsche,ETi Porsche Cayenne Gravis Bodykit,All variants,1,Full Body Kit,200,Full Body Kit,,,,,,,Manual multi-carton,Manual,REVIEW,Full kits require the sum of each component carton; do not use one generic Shopify weight.
🏁 Porsche,ETi Porsche Cayman 987 TechArt Widebody Kit,All variants,1,Full Body Kit,200,Full Body Kit,,,,,,,Manual multi-carton,Manual,REVIEW,Full kits require the sum of each component carton; do not use one generic Shopify weight.
🏎️ BMW,BMW M2 Dry Carbon Roof,All variants,5,Roof Panel,55,Roof Panel,,,,55.0,0.0,0.0,Retain current — chassis dependent,Review,UPDATE SITE,No reliable exact chassis match; broad category data is too variable for a safe overwrite.
🏎️ BMW,ETi BMW E46 Doors (2pcs) – Carbon Fiber / Dry Carbon,All variants,3,Door,51,Door,,,,51.0,0.0,0.0,Retain current — chassis dependent,Review,UPDATE SITE,No reliable exact chassis match; broad category data is too variable for a safe overwrite.
🏎️ BMW,ETi BMW E46 Front Fender – Carbon Fiber / Dry Carbon,All variants,2,Front Fender,66,Front Fender,,,,66.0,0.0,0.0,Retain current — chassis dependent,Review,UPDATE SITE,No reliable exact chassis match; broad category data is too variable for a safe overwrite.
🏎️ BMW,ETi BMW E46 Full Body Kit – Carbon Fiber / Dry Carbon,All variants,2,Full Body Kit,200,Full Body Kit,,,,,,,Manual multi-carton,Manual,REVIEW,Full kits require the sum of each component carton; do not use one generic Shopify weight.
🏎️ BMW,ETi BMW E46 Hood – Carbon Fiber / Dry Carbon,All variants,3,Hood,74,Hood,170.0,133.0,16.0,73.0,-1.0,-1.0,Established ETi hood tier,Established,KEEP,Retain the established ETi standard hood tier.
🏎️ BMW,ETi BMW E46 Rear Bumper – Carbon Fiber / Dry Carbon,All variants,2,Bumper,140,Rear Bumper,,,,140.0,0.0,0.0,Retain current — bumper evidence sparse,Review,UPDATE SITE,Chinese extract does not contain enough consistent full-bumper observations for a bulk overwrite.
🏎️ BMW,ETi BMW E46 Rear Fender – Carbon Fiber / Dry Carbon,All variants,2,Rear Fender,41,Rear Fender,,,,41.0,0.0,0.0,Retain current — chassis dependent,Review,UPDATE SITE,No reliable exact chassis match; broad category data is too variable for a safe overwrite.
🏎️ BMW,ETi BMW E46 Trunk – Carbon Fiber / Dry Carbon,All variants,2,Trunk/Boot,67,Trunk / Boot,132.0,73.0,42.0,81.0,14.0,14.0,Exact vehicle + part P75,Low,UPDATE SITE,Matched E46-TRUNK cleaned historical cartons.
🏎️ BMW,ETi BMW M3 E92 / E93 Rear Diffuser,All variants,5,Rear Diffuser,30,Rear Diffuser,151.0,51.0,21.0,33.0,3.0,3.0,Cleaned category P75,Low,UPDATE SITE,Cleaned P75; full diffusers only. Representative carton: B-987-DIF-EPAGT / OD-0018908.
🏎️ BMW,ETi Carbon Fiber Hood BMW M6 F06-F12-F13,All variants,4,Hood,74,Hood,170.0,133.0,16.0,73.0,-1.0,-1.0,Established ETi hood tier,Established,KEEP,Retain the established ETi standard hood tier.
🔱 Mercedes-Benz,Mercedes-Benz W 140 2DOOR FAB DESIGN Body Kit,Front Bumper / Fiberglass (FRP); Front Bumper / Forged Carbon; Front Bumper / Gloss Carbon; Front Bumper / Kevlar; Front Bumper / Matte Carbon,5,Bumper,140,Front Bumper,,,,140.0,0.0,0.0,Retain current — bumper evidence sparse,Review,UPDATE SITE,Chinese extract does not contain enough consistent full-bumper observations for a bulk overwrite.
🔱 Mercedes-Benz,Mercedes-Benz W 140 2DOOR FAB DESIGN Body Kit,Complete Body Kit / Fiberglass (FRP),1,Full Body Kit,200,Full Body Kit,,,,,,,Manual multi-carton,Manual,REVIEW,Full kits require the sum of each component carton; do not use one generic Shopify weight.
🔱 Mercedes-Benz,Mercedes-Benz W 140 2DOOR FAB DESIGN Body Kit,Rear Bumper / Fiberglass (FRP); Rear Bumper / Forged Carbon; Rear Bumper / Gloss Carbon; Rear Bumper / Kevlar; Rear Bumper / Matte Carbon,5,Bumper,140,Rear Bumper,,,,140.0,0.0,0.0,Retain current — bumper evidence sparse,Review,UPDATE SITE,Chinese extract does not contain enough consistent full-bumper observations for a bulk overwrite.
🔱 Mercedes-Benz,Mercedes-Benz W220 WALD Body Kit,Front Bumper / Fiberglass (FRP); Front Bumper / Forged Carbon; Front Bumper / Gloss Carbon; Front Bumper / Kevlar; Front Bumper / Matte Carbon,5,Bumper,140,Front Bumper,,,,140.0,0.0,0.0,Retain current — bumper evidence sparse,Review,UPDATE SITE,Chinese extract does not contain enough consistent full-bumper observations for a bulk overwrite.
🔱 Mercedes-Benz,Mercedes-Benz W220 WALD Body Kit,Complete Body Kit / Fiberglass (FRP),1,Full Body Kit,200,Full Body Kit,,,,,,,Manual multi-carton,Manual,REVIEW,Full kits require the sum of each component carton; do not use one generic Shopify weight.
🔱 Mercedes-Benz,Mercedes-Benz W220 WALD Body Kit,Rear Bumper / Fiberglass (FRP); Rear Bumper / Forged Carbon; Rear Bumper / Gloss Carbon; Rear Bumper / Kevlar; Rear Bumper / Matte Carbon,5,Bumper,140,Rear Bumper,,,,140.0,0.0,0.0,Retain current — bumper evidence sparse,Review,UPDATE SITE,Chinese extract does not contain enough consistent full-bumper observations for a bulk overwrite.
🔴 Mitsubishi,ETi Evo 8 Varis-Style Carbon Fiber Front Bumper Canards,All variants,4,Bumper,140,Canards,45.0,21.0,14.0,3.0,-137.0,-137.0,Exact vehicle + part P75,Low,UPDATE SITE,Matched EVO8-CANA cleaned historical cartons.
🔴 Mitsubishi,ETi Evo 8/9 Carbon Fiber Time Attack Hood,All variants,1,Hood,74,Hood,170.0,133.0,16.0,73.0,-1.0,-1.0,Established ETi hood tier,Established,KEEP,Retain the established ETi standard hood tier.
🔴 Mitsubishi,ETi Evo 8/9 Carbon Fiber Time Attack Voltex Front Bumper Lip,All variants,1,Bumper,140,Front Lip / Splitter,182.0,68.0,16.0,40.0,-100.0,-100.0,Exact vehicle + part P75,Low,UPDATE SITE,Matched EVO8-FL cleaned historical cartons.
🔴 Mitsubishi,ETi Evo 8/9 Carbon Fiber Time Attack Voltex Rear Bumper Diffuser,All variants,4,Bumper,140,Rear Diffuser,180.0,61.0,16.0,36.0,-104.0,-104.0,Exact vehicle + part P75,Low,UPDATE SITE,Matched EVO9-DIF cleaned historical cartons.
🔴 Mitsubishi,ETi Evo 8/9 Time Attack Voltex Version Front Bumper,All variants,1,Bumper,140,Front Bumper,,,,140.0,0.0,0.0,Retain current — bumper evidence sparse,Review,UPDATE SITE,Chinese extract does not contain enough consistent full-bumper observations for a bulk overwrite.
🔴 Mitsubishi,ETi Evo 8/9 Turbo Manifold,All variants,50,Accessory,10,Accessory,,,,10.0,0.0,0.0,Retain current actual/manual weight,Existing,KEEP,No defensible dimensional override from the partner extract.
🔴 Mitsubishi,ETi Evo 8/9 VRs-Style Carbon Fiber Rear Diffuser,All variants,4,Rear Diffuser,30,Rear Diffuser,180.0,61.0,16.0,36.0,6.0,6.0,Exact vehicle + part P75,Low,UPDATE SITE,Matched EVO9-DIF cleaned historical cartons.
🔴 Mitsubishi,ETi Evo 8/9 VRs-Style Carbon Fiber Wing,All variants,4,Spoiler/Wing,17,Standard Spoiler / Wing,153.0,43.0,19.0,26.0,9.0,9.0,Exact vehicle + part P75,Low,UPDATE SITE,Matched EVO8-RS cleaned historical cartons.
🔴 Mitsubishi,ETi Evo 8/9 – Project Oni: Type Zero Full Carbon Fiber BodyKit,All variants,1,Full Body Kit,200,Full Body Kit,,,,,,,Manual multi-carton,Manual,REVIEW,Full kits require the sum of each component carton; do not use one generic Shopify weight.
🔴 Mitsubishi,ETi Evo 9 Carbon Fiber MIVEC Cam Cover,All variants,5,Accessory,5,Accessory,,,,5.0,0.0,0.0,Retain current actual/manual weight,Existing,KEEP,No defensible dimensional override from the partner extract.
🔴 Mitsubishi,ETi Evo 9 Carbon Fiber Roof Cover,All variants,5,Roof Panel,55,Roof Panel,,,,55.0,0.0,0.0,Retain current — chassis dependent,Review,UPDATE SITE,No reliable exact chassis match; broad category data is too variable for a safe overwrite.
🔴 Mitsubishi,ETi Evolution 8 JP-Style Carbon Fiber Front Lip,All variants,1,Front Lip,32,Front Lip / Splitter,182.0,68.0,16.0,40.0,8.0,8.0,Exact vehicle + part P75,Low,UPDATE SITE,Matched EVO8-FL cleaned historical cartons.
🔴 Mitsubishi,ETi Evolution 8 OEM-Style Carbon Fiber Front Bumper Canards,All variants,1,Bumper,140,Canards,45.0,21.0,14.0,3.0,-137.0,-137.0,Exact vehicle + part P75,Low,UPDATE SITE,Matched EVO8-CANA cleaned historical cartons.
🔴 Mitsubishi,ETi Evolution 8/9 Carbon Fiber Headlight Eyebrows,All variants,5,Accessory,5,Accessory,,,,5.0,0.0,0.0,Retain current actual/manual weight,Existing,KEEP,No defensible dimensional override from the partner extract.
🔴 Mitsubishi,ETi Evolution 8/9 Carbon Fiber Spark Plug Cover,All variants,5,Accessory,5,Accessory,,,,5.0,0.0,0.0,Retain current actual/manual weight,Existing,KEEP,No defensible dimensional override from the partner extract.
🔴 Mitsubishi,ETi Evolution 8/9 Carbon Fiber Steering Wheel Bezel,All variants,5,Interior Dash,12,Interior Dash,,,,12.0,0.0,0.0,Retain current actual/manual weight,Existing,KEEP,No defensible dimensional override from the partner extract.
🔴 Mitsubishi,ETi Evolution 8/9 Carbon Fiber Triple Gauge Pod (LHD),All variants,5,Gauge Pod,5,Gauge Pod,,,,5.0,0.0,0.0,Retain current actual/manual weight,Existing,KEEP,No defensible dimensional override from the partner extract.
🔴 Mitsubishi,ETi Evolution 8/9 DL-Style Carbon Fiber Trunk,All variants,5,Trunk/Boot,67,Trunk / Boot,,,,67.0,0.0,0.0,Retain current — chassis dependent,Review,UPDATE SITE,No reliable exact chassis match; broad category data is too variable for a safe overwrite.
🔴 Mitsubishi,ETi Evolution 8/9 FQ-Type Carbon Fiber Trunk Wing,All variants,4,Trunk/Boot,67,Standard Spoiler / Wing,153.0,43.0,19.0,26.0,-41.0,-41.0,Exact vehicle + part P75,Low,UPDATE SITE,Matched EVO8-RS cleaned historical cartons.
🔴 Mitsubishi,ETi Mitsubishi EVO 6 Front Carbon Fiber Doors,All variants,8,Door,51,Door,,,,51.0,0.0,0.0,Retain current — chassis dependent,Review,UPDATE SITE,No reliable exact chassis match; broad category data is too variable for a safe overwrite.
🔴 Mitsubishi,ETi Mitsubishi EVO 6 for Race Carbon Fiber Dashboard,All variants,4,Full Dashboard,95,Full Dashboard,,,,95.0,0.0,0.0,Retain current actual/manual weight,Existing,KEEP,No defensible dimensional override from the partner extract.
🔴 Mitsubishi,ETi Mitsubishi EVO X Carbon Fiber X Clear Hood,All variants,3,Hood,74,Hood,170.0,133.0,16.0,73.0,-1.0,-1.0,Established ETi hood tier,Established,KEEP,Retain the established ETi standard hood tier.
🔴 Mitsubishi,ETi Mitsubishi EVO X Charge Speed Carbon Fiber Hood,All variants,8,Hood,74,Hood,170.0,133.0,16.0,73.0,-1.0,-1.0,Established ETi hood tier,Established,KEEP,Retain the established ETi standard hood tier.
🔴 Mitsubishi,ETi Mitsubishi EVO X Mod X Vented Carbon Fiber Hood,All variants,4,Hood,74,Hood,170.0,133.0,16.0,73.0,-1.0,-1.0,Established ETi hood tier,Established,KEEP,Retain the established ETi standard hood tier.
🔴 Mitsubishi,ETi Mitsubishi Evo 8/9 C-West Style Carbon Fiber Hood,All variants,4,Hood,74,Hood,170.0,133.0,16.0,73.0,-1.0,-1.0,Established ETi hood tier,Established,KEEP,Retain the established ETi standard hood tier.
🔴 Mitsubishi,ETi Mitsubishi Evo 8/9 Cyber Street Full Body Kit,All variants,1,Full Body Kit,200,Full Body Kit,,,,,,,Manual multi-carton,Manual,REVIEW,Full kits require the sum of each component carton; do not use one generic Shopify weight.
🔴 Mitsubishi,ETi Mitsubishi Evo 8/9 Cyber Street Style Front Bumper,All variants,1,Bumper,140,Front Bumper,,,,140.0,0.0,0.0,Retain current — bumper evidence sparse,Review,UPDATE SITE,Chinese extract does not contain enough consistent full-bumper observations for a bulk overwrite.
🔴 Mitsubishi,ETi Mitsubishi Evo 8/9 JDM OEM-Style Rear Bumper,All variants,5,Bumper,140,Rear Bumper,,,,140.0,0.0,0.0,Retain current — bumper evidence sparse,Review,UPDATE SITE,Chinese extract does not contain enough consistent full-bumper observations for a bulk overwrite.
🔴 Mitsubishi,ETi Mitsubishi Evo 8/9 OEM Style Trunk,All variants,10,Trunk/Boot,67,Trunk / Boot,,,,67.0,0.0,0.0,Retain current — chassis dependent,Review,UPDATE SITE,No reliable exact chassis match; broad category data is too variable for a safe overwrite.
🔴 Mitsubishi,ETi Mitsubishi Evo 8/9 OEM-Style Carbon Fiber Hood,All variants,3,Hood,74,Hood,170.0,133.0,16.0,73.0,-1.0,-1.0,Established ETi hood tier,Established,KEEP,Retain the established ETi standard hood tier.
🔴 Mitsubishi,ETi Mitsubishi Evo 8/9 Ralli-Style Carbon Fiber Front Lip,All variants,4,Front Lip,32,Front Lip / Splitter,182.0,68.0,16.0,40.0,8.0,8.0,Exact vehicle + part P75,Low,UPDATE SITE,Matched EVO8-FL cleaned historical cartons.
🔴 Mitsubishi,ETi Mitsubishi Evo 8/9 Voltex Front Splitter,All variants,4,Front Lip,32,Front Lip / Splitter,182.0,68.0,16.0,40.0,8.0,8.0,Exact vehicle + part P75,Low,UPDATE SITE,Matched EVO8-FL cleaned historical cartons.
🔴 Mitsubishi,ETi Mitsubishi Evo 8Do-Luck D-Style Carbon Fiber Front Lip,All variants,4,Front Lip,32,Front Lip / Splitter,182.0,68.0,16.0,40.0,8.0,8.0,Exact vehicle + part P75,Low,UPDATE SITE,Matched EVO8-FL cleaned historical cartons.
🔴 Mitsubishi,ETi Mitsubishi Evo 9 JUN-Style Front Bumper,All variants,5,Bumper,140,Front Bumper,,,,140.0,0.0,0.0,Retain current — bumper evidence sparse,Review,UPDATE SITE,Chinese extract does not contain enough consistent full-bumper observations for a bulk overwrite.
🔴 Mitsubishi,ETi Mitsubishi Evo 9 OEM Rear Bumper Diffuser,All variants,4,Bumper,140,Rear Diffuser,180.0,61.0,16.0,36.0,-104.0,-104.0,Exact vehicle + part P75,Low,UPDATE SITE,Matched EVO9-DIF cleaned historical cartons.
🔴 Mitsubishi,ETi Mitsubishi Evo 9 OEM-Style Front Bumper with Lip,All variants,4,Bumper,140,Front Bumper,,,,140.0,0.0,0.0,Retain current — bumper evidence sparse,Review,UPDATE SITE,Chinese extract does not contain enough consistent full-bumper observations for a bulk overwrite.
🔴 Mitsubishi,ETi Motorsports Supra Carbon Evolution Tee,All variants,24,Accessory,0,Accessory,,,,,,,Manual review,Manual,REVIEW,Current Shopify weight is zero and no reliable dimensional profile was found.
🔴 Mitsubishi,EVO HKS Widebody Front Bumper,All variants,2,Bumper,140,Front Bumper,,,,140.0,0.0,0.0,Retain current — bumper evidence sparse,Review,UPDATE SITE,Chinese extract does not contain enough consistent full-bumper observations for a bulk overwrite.
🔴 Mitsubishi,EVO HKS Widebody Front Fender,All variants,2,Front Fender,66,Front Fender,,,,66.0,0.0,0.0,Retain current — chassis dependent,Review,UPDATE SITE,No reliable exact chassis match; broad category data is too variable for a safe overwrite.
🔴 Mitsubishi,EVO HKS Widebody Hood,All variants,3,Hood,74,Hood,170.0,133.0,16.0,73.0,-1.0,-1.0,Established ETi hood tier,Established,KEEP,Retain the established ETi standard hood tier.
🔴 Mitsubishi,EVO HKS Widebody Rear Bumper,All variants,2,Bumper,140,Rear Bumper,,,,140.0,0.0,0.0,Retain current — bumper evidence sparse,Review,UPDATE SITE,Chinese extract does not contain enough consistent full-bumper observations for a bulk overwrite.
🔴 Mitsubishi,EVO HKS Widebody Rear Fender,All variants,2,Rear Fender,41,Fender Flare / Arch,126.0,43.0,15.0,17.0,-24.0,-24.0,Cleaned category P75,Low,UPDATE SITE,Small flare/arch pieces separated from full fenders. Representative carton: B-MX5-ARCH-RALLY-NC / OD-0020349.
🔴 Mitsubishi,Evo 8/9 Titanium Bolt Kit,All variants,6,Hardware,0.1,Hardware,,,,0.1,0.0,0.0,Retain current actual/manual weight,Existing,KEEP,No defensible dimensional override from the partner extract.
🔴 Mitsubishi,Mitsubishi EVO HKS Widebody Kit,All variants,1,Full Body Kit,200,Full Body Kit,,,,,,,Manual multi-carton,Manual,REVIEW,Full kits require the sum of each component carton; do not use one generic Shopify weight.
🔴 Mitsubishi,Mitsubishi EVO X Carbon Fiber Vented Hood,All variants,3,Hood,74,Hood,170.0,133.0,16.0,73.0,-1.0,-1.0,Established ETi hood tier,Established,KEEP,Retain the established ETi standard hood tier.
🔴 Mitsubishi,Mitsubishi Evo 8/9 Carbon Fiber Rear Diffuser,All variants,4,Rear Diffuser,30,Rear Diffuser,180.0,61.0,16.0,36.0,6.0,6.0,Exact vehicle + part P75,Low,UPDATE SITE,Matched EVO9-DIF cleaned historical cartons.
🔴 Mitsubishi,Mitsubishi Lancer Evolution X Carbon Fiber Front Fender Flare,All variants,5,Front Fender,66,Fender Flare / Arch,126.0,43.0,15.0,17.0,-49.0,-49.0,Cleaned category P75,Low,UPDATE SITE,Small flare/arch pieces separated from full fenders. Representative carton: B-MX5-ARCH-RALLY-NC / OD-0020349.
🔴 Mitsubishi,Mitsubishi Lancer Evolution X Carbon Fiber Rear Diffuser,All variants,4,Rear Diffuser,30,Rear Diffuser,151.0,51.0,21.0,33.0,3.0,3.0,Cleaned category P75,Low,UPDATE SITE,Cleaned P75; full diffusers only. Representative carton: B-987-DIF-EPAGT / OD-0018908.
🔴 Mitsubishi,Mitsubishi Lancer Evolution X Carbon Fiber Trunk with Duckbill,All variants,5,Trunk/Boot,67,Trunk / Boot,,,,67.0,0.0,0.0,Retain current — chassis dependent,Review,UPDATE SITE,No reliable exact chassis match; broad category data is too variable for a safe overwrite.
🔴 Mitsubishi,Mitsubishi Lancer Evolution X Wide Body Kit,All variants,1,Full Body Kit,200,Full Body Kit,,,,,,,Manual multi-carton,Manual,REVIEW,Full kits require the sum of each component carton; do not use one generic Shopify weight.
🔴 Mitsubishi,VTX Cyber Evo-Style Carbon Fiber Hood – Mitsubishi Evo 8/9,All variants,4,Hood,74,Hood,170.0,133.0,16.0,73.0,-1.0,-1.0,Established ETi hood tier,Established,KEEP,Retain the established ETi standard hood tier.
🔵 Honda,ETi 48mm Aluminum Performance Radiator – Honda Civic EG (1992-1995),All variants,1,Small Panel,5,Small Panel,,,,5.0,0.0,0.0,Retain current actual/manual weight,Existing,KEEP,No defensible dimensional override from the partner extract.
🔵 Honda,ETi Half-Size Aluminum Radiator – Honda Civic EG & EK (1992-2000),All variants,1,Small Panel,5,Small Panel,,,,5.0,0.0,0.0,Retain current actual/manual weight,Existing,KEEP,No defensible dimensional override from the partner extract.
🔵 Honda,ETi Honda Accord 03 ETi wide Carbon Fiber Hood,All variants,4,Hood,74,Hood,170.0,133.0,16.0,73.0,-1.0,-1.0,Established ETi hood tier,Established,KEEP,Retain the established ETi standard hood tier.
🔵 Honda,ETi Honda Accord 03 OEM Carbon Fiber Hood,All variants,4,Hood,74,Hood,170.0,133.0,16.0,73.0,-1.0,-1.0,Established ETi hood tier,Established,KEEP,Retain the established ETi standard hood tier.
🔵 Honda,ETi Honda Accord 09 ETi Carbon Fiber Hood,All variants,4,Hood,74,Hood,170.0,133.0,16.0,73.0,-1.0,-1.0,Established ETi hood tier,Established,KEEP,Retain the established ETi standard hood tier.
🔵 Honda,ETi Honda Accord 09 OEM Carbon Fiber Hood,All variants,4,Hood,74,Hood,170.0,133.0,16.0,73.0,-1.0,-1.0,Established ETi hood tier,Established,KEEP,Retain the established ETi standard hood tier.
🔵 Honda,ETi Honda Accord 09 OEM Carbon Fiber Trunk,All variants,4,Trunk/Boot,67,Trunk / Boot,,,,67.0,0.0,0.0,Retain current — chassis dependent,Review,UPDATE SITE,No reliable exact chassis match; broad category data is too variable for a safe overwrite.
🔵 Honda,ETi Honda Accord 2003 Carbon Fiber Roof,All variants,4,Roof Panel,55,Roof Panel,,,,55.0,0.0,0.0,Retain current — chassis dependent,Review,UPDATE SITE,No reliable exact chassis match; broad category data is too variable for a safe overwrite.
🔵 Honda,ETi Honda Accord 2009 Carbon Fiber Roof,All variants,4,Roof Panel,55,Roof Panel,,,,55.0,0.0,0.0,Retain current — chassis dependent,Review,UPDATE SITE,No reliable exact chassis match; broad category data is too variable for a safe overwrite.
🔵 Honda,ETi Honda Accord 96 ETi Carbon Fiber Hood,All variants,4,Hood,74,Hood,170.0,133.0,16.0,73.0,-1.0,-1.0,Established ETi hood tier,Established,KEEP,Retain the established ETi standard hood tier.
🔵 Honda,ETi Honda Accord 96 OEM Carbon Fiber Hood,All variants,4,Hood,74,Hood,170.0,133.0,16.0,73.0,-1.0,-1.0,Established ETi hood tier,Established,KEEP,Retain the established ETi standard hood tier.
🔵 Honda,ETi Honda Accord 98 OEM Carbon Fiber Hood,All variants,4,Hood,74,Hood,170.0,133.0,16.0,73.0,-1.0,-1.0,Established ETi hood tier,Established,KEEP,Retain the established ETi standard hood tier.
🔵 Honda,ETi Honda Brio Racing 45 Carbon Fiber Trunk,All variants,4,Trunk/Boot,67,Trunk / Boot,,,,67.0,0.0,0.0,Retain current — chassis dependent,Review,UPDATE SITE,No reliable exact chassis match; broad category data is too variable for a safe overwrite.
🔵 Honda,ETi Honda CR-V 2012 OEM Carbon Fiber Hood,All variants,4,Hood,74,Hood,170.0,133.0,16.0,73.0,-1.0,-1.0,Established ETi hood tier,Established,KEEP,Retain the established ETi standard hood tier.
🔵 Honda,ETi Honda CR-Z Racing 45 Carbon Fiber Trunk,All variants,4,Trunk/Boot,67,Trunk / Boot,,,,67.0,0.0,0.0,Retain current — chassis dependent,Review,UPDATE SITE,No reliable exact chassis match; broad category data is too variable for a safe overwrite.
🔵 Honda,ETi Honda City 2011 ETi Carbon Fiber Hood,All variants,4,Hood,74,Hood,170.0,133.0,16.0,73.0,-1.0,-1.0,Established ETi hood tier,Established,KEEP,Retain the established ETi standard hood tier.
🔵 Honda,ETi Honda City 2011 OEM Carbon Fiber Hood,All variants,4,Hood,74,Hood,170.0,133.0,16.0,73.0,-1.0,-1.0,Established ETi hood tier,Established,KEEP,Retain the established ETi standard hood tier.
🔵 Honda,ETi Honda City 2011 OEM Carbon Fiber Trunk,All variants,4,Trunk/Boot,67,Trunk / Boot,,,,67.0,0.0,0.0,Retain current — chassis dependent,Review,UPDATE SITE,No reliable exact chassis match; broad category data is too variable for a safe overwrite.
🔵 Honda,ETi Honda City OEM Hood,All variants,6,Hood,74,Hood,170.0,133.0,16.0,73.0,-1.0,-1.0,Established ETi hood tier,Established,KEEP,Retain the established ETi standard hood tier.
🔵 Honda,ETi Honda Civic 2006 Carbon Fiber Roof,All variants,4,Roof Panel,45,Roof Panel,,,,45.0,0.0,0.0,Retain current — chassis dependent,Review,UPDATE SITE,No reliable exact chassis match; broad category data is too variable for a safe overwrite.
🔵 Honda,ETi Honda Civic 2006 OEM Carbon Fiber Trunk,All variants,4,Trunk/Boot,52,Trunk / Boot,,,,52.0,0.0,0.0,Retain current — chassis dependent,Review,UPDATE SITE,No reliable exact chassis match; broad category data is too variable for a safe overwrite.
🔵 Honda,ETi Honda Civic EG 3-Door Carbon Fiber Doors,All variants,4,Door,40,Door,,,,40.0,0.0,0.0,Retain current — chassis dependent,Review,UPDATE SITE,No reliable exact chassis match; broad category data is too variable for a safe overwrite.
🔵 Honda,ETi Honda Civic EG Carbon Fiber Widebody Kit,All variants,1,Full Body Kit,156,Full Body Kit,,,,,,,Manual multi-carton,Manual,REVIEW,Full kits require the sum of each component carton; do not use one generic Shopify weight.
🔵 Honda,ETi Honda Civic EG Dry Carbon Drag Racing Door,All variants,5,Door,40,Door,,,,40.0,0.0,0.0,Retain current — chassis dependent,Review,UPDATE SITE,No reliable exact chassis match; broad category data is too variable for a safe overwrite.
🔵 Honda,ETi Honda Civic EG Dry Carbon Fiber Drag Racing Body Kit,All variants,1,Full Body Kit,156,Full Body Kit,,,,,,,Manual multi-carton,Manual,REVIEW,Full kits require the sum of each component carton; do not use one generic Shopify weight.
🔵 Honda,ETi Honda Civic EG Dry Carbon Fiber Drag Racing Bumper,All variants,5,Accessory,86.4,Accessory,,,,86.4,0.0,0.0,Retain current actual/manual weight,Existing,KEEP,No defensible dimensional override from the partner extract.
🔵 Honda,ETi Honda Civic EG Dry Carbon Roof,All variants,5,Roof Panel,45,Roof Panel,,,,45.0,0.0,0.0,Retain current — chassis dependent,Review,UPDATE SITE,No reliable exact chassis match; broad category data is too variable for a safe overwrite.
🔵 Honda,ETi Honda Civic EG Headlight Air Intake Vents (Dry Carbon),All variants,5,Accessory,5,Accessory,,,,5.0,0.0,0.0,Retain current actual/manual weight,Existing,KEEP,No defensible dimensional override from the partner extract.
🔵 Honda,ETi Honda Civic EG Racing Door 2pcs,All variants,5,Door,40,Door,,,,40.0,0.0,0.0,Retain current — chassis dependent,Review,UPDATE SITE,No reliable exact chassis match; broad category data is too variable for a safe overwrite.
🔵 Honda,ETi Honda Civic EG Racing Door Cards 2pcs,All variants,5,Door Card,31,Door Card,,,,31.0,0.0,0.0,Retain current actual/manual weight,Existing,KEEP,No defensible dimensional override from the partner extract.
🔵 Honda,ETi Honda Civic EG/EK Dry Carbon Wiper Cowl Cover,All variants,5,Accessory,5.5,Accessory,,,,5.5,0.0,0.0,Retain current actual/manual weight,Existing,KEEP,No defensible dimensional override from the partner extract.
🔵 Honda,ETi Honda Civic EK 2/4-Door Carbon Fiber Drag Stance Front Bumper,All variants,5,Bumper,105,Front Bumper,,,,105.0,0.0,0.0,Retain current — bumper evidence sparse,Review,UPDATE SITE,Chinese extract does not contain enough consistent full-bumper observations for a bulk overwrite.
🔵 Honda,ETi Honda Civic EK 2/4-Door Wide Drag Stance Carbon Fiber Fenders,All variants,5,Door,40,Door,,,,40.0,0.0,0.0,Retain current — chassis dependent,Review,UPDATE SITE,No reliable exact chassis match; broad category data is too variable for a safe overwrite.
🔵 Honda,ETi Honda Civic EK 4-Door Drag Stance Wide Carbon Fiber Rear Fender Flares,All variants,5,Rear Fender,30,Fender Flare / Arch,126.0,43.0,15.0,17.0,-13.0,-13.0,Cleaned category P75,Low,UPDATE SITE,Small flare/arch pieces separated from full fenders. Representative carton: B-MX5-ARCH-RALLY-NC / OD-0020349.
🔵 Honda,ETi Honda Civic EK Drag Stance Carbon Fiber Widebody Kit,All variants,1,Full Body Kit,156,Full Body Kit,,,,,,,Manual multi-carton,Manual,REVIEW,Full kits require the sum of each component carton; do not use one generic Shopify weight.
🔵 Honda,ETi Honda Civic EK Dry Carbon Roof,All variants,5,Roof Panel,45,Roof Panel,,,,45.0,0.0,0.0,Retain current — chassis dependent,Review,UPDATE SITE,No reliable exact chassis match; broad category data is too variable for a safe overwrite.
🔵 Honda,ETi Honda Civic EK Racing Door 2pcs,All variants,5,Door,40,Door,,,,40.0,0.0,0.0,Retain current — chassis dependent,Review,UPDATE SITE,No reliable exact chassis match; broad category data is too variable for a safe overwrite.
🔵 Honda,ETi Honda Civic EK/EG Carbon Fiber Intake Pipe + Air Filter,All variants,5,Accessory,10,Accessory,,,,10.0,0.0,0.0,Retain current actual/manual weight,Existing,KEEP,No defensible dimensional override from the partner extract.
🔵 Honda,ETi Honda Civic EK9 Carbon Fiber Doors,All variants,4,Door,40,Door,,,,40.0,0.0,0.0,Retain current — chassis dependent,Review,UPDATE SITE,No reliable exact chassis match; broad category data is too variable for a safe overwrite.
🔵 Honda,ETi Honda Civic EK9 Coupe Racing Dashboard,All variants,5,Full Dashboard,85,Full Dashboard,,,,85.0,0.0,0.0,Retain current actual/manual weight,Existing,KEEP,No defensible dimensional override from the partner extract.
🔵 Honda,ETi Honda Civic EK9 Coupe Racing Door Cards,All variants,5,Door Card,31,Door Card,,,,31.0,0.0,0.0,Retain current actual/manual weight,Existing,KEEP,No defensible dimensional override from the partner extract.
🔵 Honda,ETi Honda Civic EK9 OEM Carbon Fiber Trunk,All variants,4,Trunk/Boot,52,Trunk / Boot,,,,52.0,0.0,0.0,Retain current — chassis dependent,Review,UPDATE SITE,No reliable exact chassis match; broad category data is too variable for a safe overwrite.
🔵 Honda,ETi Honda Civic EK96-99 Race Carbon Fiber Dashboard,All variants,4,Full Dashboard,85,Full Dashboard,,,,85.0,0.0,0.0,Retain current actual/manual weight,Existing,KEEP,No defensible dimensional override from the partner extract.
🔵 Honda,ETi Honda Civic EK99 GTR Carbon Fiber Hood,All variants,4,Hood,98,Hood,161.0,151.0,20.0,98.0,0.0,0.0,Established ETi hood tier,Established,KEEP,Retain the established ETi large hood tier.
🔵 Honda,ETi Honda Civic EP3 Race Carbon Fiber Dashboard,All variants,4,Full Dashboard,85,Full Dashboard,,,,85.0,0.0,0.0,Retain current actual/manual weight,Existing,KEEP,No defensible dimensional override from the partner extract.
🔵 Honda,ETi Honda Civic Engine Bay Dress Up Kit,All variants,5,Accessory,5,Accessory,,,,5.0,0.0,0.0,Retain current actual/manual weight,Existing,KEEP,No defensible dimensional override from the partner extract.
🔵 Honda,ETi Honda Civic FB 2012 OEM Carbon Fiber Trunk,All variants,4,Trunk/Boot,52,Trunk / Boot,,,,52.0,0.0,0.0,Retain current — chassis dependent,Review,UPDATE SITE,No reliable exact chassis match; broad category data is too variable for a safe overwrite.
🔵 Honda,ETi Honda Civic FC Carbon Fiber Widebody Kit,All variants,1,Full Body Kit,156,Full Body Kit,,,,,,,Manual multi-carton,Manual,REVIEW,Full kits require the sum of each component carton; do not use one generic Shopify weight.
🔵 Honda,ETi Honda Civic FK Type R Widebody Kit,All variants,1,Full Body Kit,156,Full Body Kit,,,,,,,Manual multi-carton,Manual,REVIEW,Full kits require the sum of each component carton; do not use one generic Shopify weight.
🔵 Honda,ETi Honda DC2 Round Eye ETi Carbon Fiber Hood,All variants,4,Hood,74,Hood,170.0,133.0,16.0,73.0,-1.0,-1.0,Established ETi hood tier,Established,KEEP,Retain the established ETi standard hood tier.
🔵 Honda,ETi Honda DC2 Squared Eye ETi Carbon Fiber Hood,All variants,4,Hood,74,Hood,170.0,133.0,16.0,73.0,-1.0,-1.0,Established ETi hood tier,Established,KEEP,Retain the established ETi standard hood tier.
🔵 Honda,ETi Honda DC5 Carbon Fiber Doors,All variants,4,Door,51,Door,,,,51.0,0.0,0.0,Retain current — chassis dependent,Review,UPDATE SITE,No reliable exact chassis match; broad category data is too variable for a safe overwrite.
🔵 Honda,ETi Honda DC5 OEM Carbon Fiber Hood,All variants,4,Hood,74,Hood,170.0,133.0,16.0,73.0,-1.0,-1.0,Established ETi hood tier,Established,KEEP,Retain the established ETi standard hood tier.
🔵 Honda,ETi Honda DC5 OEM Carbon Fiber Trunk,All variants,4,Trunk/Boot,67,Trunk / Boot,,,,67.0,0.0,0.0,Retain current — chassis dependent,Review,UPDATE SITE,No reliable exact chassis match; broad category data is too variable for a safe overwrite.
🔵 Honda,ETi Honda DC5 Porno Body Kit,All variants,1,Full Body Kit,200,Full Body Kit,,,,,,,Manual multi-carton,Manual,REVIEW,Full kits require the sum of each component carton; do not use one generic Shopify weight.
🔵 Honda,ETi Honda Dimension 01 ETi Carbon Fiber Hood,All variants,4,Hood,74,Hood,170.0,133.0,16.0,73.0,-1.0,-1.0,Established ETi hood tier,Established,KEEP,Retain the established ETi standard hood tier.
🔵 Honda,ETi Honda Dimension 01 OEM Carbon Fiber Hood,All variants,4,Hood,74,Hood,170.0,133.0,16.0,73.0,-1.0,-1.0,Established ETi hood tier,Established,KEEP,Retain the established ETi standard hood tier.
🔵 Honda,ETi Honda Dimension 04 ETi Carbon Fiber Hood,All variants,4,Hood,74,Hood,170.0,133.0,16.0,73.0,-1.0,-1.0,Established ETi hood tier,Established,KEEP,Retain the established ETi standard hood tier.
🔵 Honda,ETi Honda Dimension 04 OEM Carbon Fiber Hood,All variants,4,Hood,74,Hood,170.0,133.0,16.0,73.0,-1.0,-1.0,Established ETi hood tier,Established,KEEP,Retain the established ETi standard hood tier.
🔵 Honda,ETi Honda Dimension Body Kit,All variants,6,Full Body Kit,200,Full Body Kit,,,,,,,Manual multi-carton,Manual,REVIEW,Full kits require the sum of each component carton; do not use one generic Shopify weight.
🔵 Honda,ETi Honda EK/ EG Titanium Strut Bar,All variants,2,Accessory,2.5,Accessory,,,,2.5,0.0,0.0,Retain current actual/manual weight,Existing,KEEP,No defensible dimensional override from the partner extract.
🔵 Honda,ETi Honda EP3 Carbon Fiber Doors,All variants,4,Door,51,Door,,,,51.0,0.0,0.0,Retain current — chassis dependent,Review,UPDATE SITE,No reliable exact chassis match; broad category data is too variable for a safe overwrite.
🔵 Honda,ETi Honda EP3 OEM Carbon Fiber Trunk,All variants,4,Trunk/Boot,67,Trunk / Boot,,,,67.0,0.0,0.0,Retain current — chassis dependent,Review,UPDATE SITE,No reliable exact chassis match; broad category data is too variable for a safe overwrite.
🔵 Honda,ETi Honda Hybrid Civic FD OEM Carbon Fiber Trunk,All variants,4,Trunk/Boot,52,Trunk / Boot,,,,52.0,0.0,0.0,Retain current — chassis dependent,Review,UPDATE SITE,No reliable exact chassis match; broad category data is too variable for a safe overwrite.
🔵 Honda,ETi Honda Jazz 2010 OEM Carbon Fiber Trunk,All variants,4,Trunk/Boot,52,Trunk / Boot,,,,52.0,0.0,0.0,Retain current — chassis dependent,Review,UPDATE SITE,No reliable exact chassis match; broad category data is too variable for a safe overwrite.
🔵 Honda,ETi Honda Jazz Carbon Fiber Roof,All variants,4,Roof Panel,45,Roof Panel,,,,45.0,0.0,0.0,Retain current — chassis dependent,Review,UPDATE SITE,No reliable exact chassis match; broad category data is too variable for a safe overwrite.
🔵 Honda,ETi Honda Jazz GE OEM Carbon Fiber Fender,All variants,4,Accessory,48,Accessory,,,,48.0,0.0,0.0,Retain current actual/manual weight,Existing,KEEP,No defensible dimensional override from the partner extract.
🔵 Honda,ETi Honda Prelude Pop-Up ETi Carbon Fiber Hood,All variants,4,Hood,74,Hood,170.0,133.0,16.0,73.0,-1.0,-1.0,Established ETi hood tier,Established,KEEP,Retain the established ETi standard hood tier.
🔵 Honda,ETi Honda Prelude S15 Carbon Fiber Hood,All variants,4,Hood,74,Hood,170.0,133.0,16.0,73.0,-1.0,-1.0,Established ETi hood tier,Established,KEEP,Retain the established ETi standard hood tier.
🔵 Honda,ETi Honda Prelude/S15 S15 Carbon Fiber Trunk,All variants,4,Trunk/Boot,67,Trunk / Boot,,,,67.0,0.0,0.0,Retain current — chassis dependent,Review,UPDATE SITE,No reliable exact chassis match; broad category data is too variable for a safe overwrite.
🔵 Honda,ETi Honda S2000 OEM Carbon Fiber Hood,All variants,4,Hood,74,Hood,170.0,133.0,16.0,73.0,-1.0,-1.0,Established ETi hood tier,Established,KEEP,Retain the established ETi standard hood tier.
🔵 Honda,ETi Honda S2000 OEM Carbon Fiber Trunk,All variants,4,Trunk/Boot,67,Trunk / Boot,,,,67.0,0.0,0.0,Retain current — chassis dependent,Review,UPDATE SITE,No reliable exact chassis match; broad category data is too variable for a safe overwrite.
🔵 Honda,ETi Honda Stream 05 OEM Carbon Fiber Hood,All variants,4,Hood,74,Hood,170.0,133.0,16.0,73.0,-1.0,-1.0,Established ETi hood tier,Established,KEEP,Retain the established ETi standard hood tier.
🔵 Honda,Honda Accord 09 Top Secret Style Carbon Fiber Hood,All variants,4,Hood,74,Hood,170.0,133.0,16.0,73.0,-1.0,-1.0,Established ETi hood tier,Established,KEEP,Retain the established ETi standard hood tier.
🔵 Honda,Honda Accord 2003 Junction Produce Style Body Kit,All variants,1,Full Body Kit,200,Full Body Kit,,,,,,,Manual multi-carton,Manual,REVIEW,Full kits require the sum of each component carton; do not use one generic Shopify weight.
🔵 Honda,Honda Accord 2003 Modulo Style Body Kit,All variants,10,Full Body Kit,200,Full Body Kit,,,,,,,Manual multi-carton,Manual,REVIEW,Full kits require the sum of each component carton; do not use one generic Shopify weight.
🔵 Honda,Honda Accord 2003 Mugen Skirt Style Body Kit,All variants,15,Full Body Kit,200,Full Body Kit,,,,,,,Manual multi-carton,Manual,REVIEW,Full kits require the sum of each component carton; do not use one generic Shopify weight.
🔵 Honda,Honda Accord 2003 Wald Skirt Style Body Kit,All variants,1,Full Body Kit,200,Full Body Kit,,,,,,,Manual multi-carton,Manual,REVIEW,Full kits require the sum of each component carton; do not use one generic Shopify weight.
🔵 Honda,Honda Accord 2008 ETi M3 Body Kit,All variants,1,Full Body Kit,200,Full Body Kit,,,,,,,Manual multi-carton,Manual,REVIEW,Full kits require the sum of each component carton; do not use one generic Shopify weight.
🔵 Honda,Honda Accord 2008 Mugen Style Body Kit,All variants,6,Full Body Kit,200,Full Body Kit,,,,,,,Manual multi-carton,Manual,REVIEW,Full kits require the sum of each component carton; do not use one generic Shopify weight.
🔵 Honda,Honda Civic 2006 Modulo Skirt Style Body Kit,All variants,10,Full Body Kit,156,Full Body Kit,,,,,,,Manual multi-carton,Manual,REVIEW,Full kits require the sum of each component carton; do not use one generic Shopify weight.
🔵 Honda,Honda Civic 2006 Mugen RR Style Body Kit,All variants,16,Full Body Kit,156,Full Body Kit,,,,,,,Manual multi-carton,Manual,REVIEW,Full kits require the sum of each component carton; do not use one generic Shopify weight.
🔵 Honda,Honda Civic 2006 Mugen Skirt Style Body Kit,All variants,15,Full Body Kit,156,Full Body Kit,,,,,,,Manual multi-carton,Manual,REVIEW,Full kits require the sum of each component carton; do not use one generic Shopify weight.
🔵 Honda,Honda Civic 2006 for Type R Style Body Kit,All variants,6,Full Body Kit,156,Full Body Kit,,,,,,,Manual multi-carton,Manual,REVIEW,Full kits require the sum of each component carton; do not use one generic Shopify weight.
🔵 Honda,Honda Civic EF ETi Body Kit,All variants,4,Full Body Kit,156,Full Body Kit,,,,,,,Manual multi-carton,Manual,REVIEW,Full kits require the sum of each component carton; do not use one generic Shopify weight.
🔵 Honda,Honda Civic EG Dry Carbon Fiber Drag Racing Body Kit,All variants,1,Full Body Kit,156,Full Body Kit,,,,,,,Manual multi-carton,Manual,REVIEW,Full kits require the sum of each component carton; do not use one generic Shopify weight.
🔵 Honda,Honda Civic EK Big Eye 96 Mugen C-West Style Body Kit,All variants,5,Full Body Kit,156,Full Body Kit,,,,,,,Manual multi-carton,Manual,REVIEW,Full kits require the sum of each component carton; do not use one generic Shopify weight.
🔵 Honda,Honda Civic EK Big Eye 96 Mugen Style Body Kit,All variants,6,Full Body Kit,156,Full Body Kit,,,,,,,Manual multi-carton,Manual,REVIEW,Full kits require the sum of each component carton; do not use one generic Shopify weight.
🔵 Honda,Honda Civic EK Big Eye 96 Type R Style Skirt Body Kit,All variants,15,Full Body Kit,156,Full Body Kit,,,,,,,Manual multi-carton,Manual,REVIEW,Full kits require the sum of each component carton; do not use one generic Shopify weight.
🔵 Honda,Honda Civic EK Big Eye 99 Buddy Club Style Body Kit,All variants,6,Full Body Kit,156,Full Body Kit,,,,,,,Manual multi-carton,Manual,REVIEW,Full kits require the sum of each component carton; do not use one generic Shopify weight.
🔵 Honda,Honda Civic EK Big Eye 99 Mugen Skirt Style Body Kit,All variants,15,Full Body Kit,156,Full Body Kit,,,,,,,Manual multi-carton,Manual,REVIEW,Full kits require the sum of each component carton; do not use one generic Shopify weight.
🔵 Honda,Honda Civic EK Dashboard,All variants,2,Full Dashboard,85,Full Dashboard,,,,85.0,0.0,0.0,Retain current actual/manual weight,Existing,KEEP,No defensible dimensional override from the partner extract.
🔵 Honda,Honda Civic EK Door Cards 2pcs,All variants,2,Door Card,31,Door Card,,,,31.0,0.0,0.0,Retain current actual/manual weight,Existing,KEEP,No defensible dimensional override from the partner extract.
🔵 Honda,Honda Civic EK Spoon Style Bumper Lip,All variants,2,Accessory,21.5,Accessory,,,,21.5,0.0,0.0,Retain current actual/manual weight,Existing,KEEP,No defensible dimensional override from the partner extract.
🔵 Honda,Honda Civic EK9 Type R Style Body Kit,All variants,6,Full Body Kit,156,Full Body Kit,,,,,,,Manual multi-carton,Manual,REVIEW,Full kits require the sum of each component carton; do not use one generic Shopify weight.
🔵 Honda,Honda Civic EP3 Buddy Club Style Body Kit,All variants,1,Full Body Kit,156,Full Body Kit,,,,,,,Manual multi-carton,Manual,REVIEW,Full kits require the sum of each component carton; do not use one generic Shopify weight.
🔵 Honda,Honda DC5 Buddy Club Widebody Style Kit,All variants,1,Full Body Kit,200,Full Body Kit,,,,,,,Manual multi-carton,Manual,REVIEW,Full kits require the sum of each component carton; do not use one generic Shopify weight.
🔵 Honda,Honda DC5 Dynamite Widebody Style Kit,Complete Body Kit / Fiberglass (FRP),1,Full Body Kit,200,Full Body Kit,,,,,,,Manual multi-carton,Manual,REVIEW,Full kits require the sum of each component carton; do not use one generic Shopify weight.
🔵 Honda,Honda DC5 Dynamite Widebody Style Kit,Diffuser / Forged Carbon; Diffuser / Gloss Carbon; Diffuser / Kevlar; Diffuser / Matte Carbon,4,Accessory,5,Rear Diffuser,151.0,51.0,21.0,33.0,28.0,28.0,Cleaned category P75,Low,UPDATE SITE,Cleaned P75; full diffusers only. Representative carton: B-987-DIF-EPAGT / OD-0018908.
🔵 Honda,Honda DC5 INGS+1 Style Body Kit,All variants,1,Full Body Kit,200,Full Body Kit,,,,,,,Manual multi-carton,Manual,REVIEW,Full kits require the sum of each component carton; do not use one generic Shopify weight.
🔵 Honda,Honda DC5 Mugen Style Body Kit,All variants,1,Full Body Kit,200,Full Body Kit,,,,,,,Manual multi-carton,Manual,REVIEW,Full kits require the sum of each component carton; do not use one generic Shopify weight.
🔵 Honda,Honda DC5 Mugen Style Carbon Fiber Hood,All variants,4,Hood,74,Hood,170.0,133.0,16.0,73.0,-1.0,-1.0,Established ETi hood tier,Established,KEEP,Retain the established ETi standard hood tier.
🔵 Honda,Honda Dimension Mugen Skirt Style Body Kit,All variants,10,Full Body Kit,200,Full Body Kit,,,,,,,Manual multi-carton,Manual,REVIEW,Full kits require the sum of each component carton; do not use one generic Shopify weight.
🔵 Honda,Honda Jazz 2007 INGS+1 Style Body Kit,All variants,1,Full Body Kit,156,Full Body Kit,,,,,,,Manual multi-carton,Manual,REVIEW,Full kits require the sum of each component carton; do not use one generic Shopify weight.
🔵 Honda,Honda Jazz 2007 J's Racing Style' Body Kit,All variants,5,Full Body Kit,156,Full Body Kit,,,,,,,Manual multi-carton,Manual,REVIEW,Full kits require the sum of each component carton; do not use one generic Shopify weight.
🔵 Honda,Honda Jazz MC Modulo Style Body Kit,All variants,6,Full Body Kit,156,Full Body Kit,,,,,,,Manual multi-carton,Manual,REVIEW,Full kits require the sum of each component carton; do not use one generic Shopify weight.
🔵 Honda,Honda Jazz MC Mugen Style New Skirt Body Kit,All variants,10,Full Body Kit,156,Full Body Kit,,,,,,,Manual multi-carton,Manual,REVIEW,Full kits require the sum of each component carton; do not use one generic Shopify weight.
🔵 Honda,Honda S2000 J's Racing Style Carbon Fiber Hood,All variants,4,Hood,74,Hood,170.0,133.0,16.0,73.0,-1.0,-1.0,Established ETi hood tier,Established,KEEP,Retain the established ETi standard hood tier.
🚙 Ford,ETi T7 Ford Ranger Carbon Fiber Doors (2015-2019),All variants,2,Door,84,Door,,,,84.0,0.0,0.0,Retain current — chassis dependent,Review,UPDATE SITE,No reliable exact chassis match; broad category data is too variable for a safe overwrite.
🚙 Ford,ETi T7 Ford Ranger Vented Carbon Fiber Hood,All variants,2,Hood,112,Hood,160.0,158.0,22.0,112.0,0.0,0.0,Established ETi hood tier,Established,KEEP,Retain the established ETi XL hood tier; apply only to known XL products.
🚙 Ford,T6 Ford Ranger Dry Carbon Fenders,Carbon,1,Accessory,55,Accessory,,,,55.0,0.0,0.0,Retain current actual/manual weight,Existing,KEEP,No defensible dimensional override from the partner extract.
🚙 Ford,T6 Ford Ranger Dry Carbon Fenders,Dry Carbon,1,Accessory,58,Accessory,,,,58.0,0.0,0.0,Retain current actual/manual weight,Existing,KEEP,No defensible dimensional override from the partner extract.
🚙 Ford,T6 Ford Ranger Dry Carbon Vented Hood,All variants,2,Hood,112,Hood,160.0,158.0,22.0,112.0,0.0,0.0,Established ETi hood tier,Established,KEEP,Retain the established ETi XL hood tier; apply only to known XL products.
🚙 Ford,T7 Ford Ranger Hood,All variants,2,Hood,112,Hood,160.0,158.0,22.0,112.0,0.0,0.0,Established ETi hood tier,Established,KEEP,Retain the established ETi XL hood tier; apply only to known XL products.
🚙 Ford,T7 Ford Ranger Tailgate Cover,All variants,2,Accessory,16,Accessory,,,,16.0,0.0,0.0,Retain current actual/manual weight,Existing,KEEP,No defensible dimensional override from the partner extract.
🟠 Toyota,BRZ ZC6 Toyota FR-S GT86 FT86 ZN6 OEM Rear Diffuser,All variants,4,Rear Diffuser,30,Rear Diffuser,151.0,51.0,21.0,33.0,3.0,3.0,Cleaned category P75,Low,UPDATE SITE,Cleaned P75; full diffusers only. Representative carton: B-987-DIF-EPAGT / OD-0018908.
🟠 Toyota,ETi GT86 / BRZ Carbon Fiber Vented Hood,All variants,4,Hood,74,Hood,170.0,133.0,16.0,73.0,-1.0,-1.0,Established ETi hood tier,Established,KEEP,Retain the established ETi standard hood tier.
🟠 Toyota,ETi GT86 Lambo Vented Style Carbon Fiber Hood,All variants,4,Hood,74,Hood,170.0,133.0,16.0,73.0,-1.0,-1.0,Established ETi hood tier,Established,KEEP,Retain the established ETi standard hood tier.
🟠 Toyota,ETi GT86 Mod-X Vented Hood,All variants,4,Hood,74,Hood,170.0,133.0,16.0,73.0,-1.0,-1.0,Established ETi hood tier,Established,KEEP,Retain the established ETi standard hood tier.
🟠 Toyota,ETi Motorsports A80 Supra Full Carbon Tee,All variants,24,Accessory,0,Accessory,,,,,,,Manual review,Manual,REVIEW,Current Shopify weight is zero and no reliable dimensional profile was found.
🟠 Toyota,ETi Supra Coil / Spark Plug Cover,Forged carbon fiber / Black / Non VVTI; Gloss Carbon / Black / Non VVTI; Kevlar / Black / Non VVTI; Matte Carbon / Black / Non VVTI,4,Accessory,5,Accessory,,,,5.0,0.0,0.0,Retain current actual/manual weight,Existing,KEEP,No defensible dimensional override from the partner extract.
🟠 Toyota,ETi Supra Coil / Spark Plug Cover,Forged carbon fiber / Black / VVTI; Gloss Carbon / Black / VVTI; Kevlar / Black / VVTI; Matte Carbon / Black / VVTI,4,Accessory,9,Accessory,,,,9.0,0.0,0.0,Retain current actual/manual weight,Existing,KEEP,No defensible dimensional override from the partner extract.
🟠 Toyota,ETi Supra Door Cards with Handles (RHD),All variants,3,Door Card,50,Door Card,,,,50.0,0.0,0.0,Retain current actual/manual weight,Existing,KEEP,No defensible dimensional override from the partner extract.
🟠 Toyota,ETi Supra Fuse Box Cover,All variants,4,Accessory,4,Accessory,,,,4.0,0.0,0.0,Retain current actual/manual weight,Existing,KEEP,No defensible dimensional override from the partner extract.
🟠 Toyota,ETi Supra Lower Glove Box Cover RHD,All variants,3,Accessory,4,Accessory,,,,4.0,0.0,0.0,Retain current actual/manual weight,Existing,KEEP,No defensible dimensional override from the partner extract.
🟠 Toyota,ETi Supra Rear Hatch,All variants,8,Trunk/Boot,88,Trunk / Boot,,,,88.0,0.0,0.0,Retain current — chassis dependent,Review,UPDATE SITE,No reliable exact chassis match; broad category data is too variable for a safe overwrite.
🟠 Toyota,ETi Supra Roof,All variants,4,Roof Panel,72,Roof Panel,,,,72.0,0.0,0.0,Retain current — chassis dependent,Review,UPDATE SITE,No reliable exact chassis match; broad category data is too variable for a safe overwrite.
🟠 Toyota,ETi Supra Titanium Bolt Kit,All variants,6,Hardware,0.1,Hardware,,,,0.1,0.0,0.0,Retain current actual/manual weight,Existing,KEEP,No defensible dimensional override from the partner extract.
🟠 Toyota,ETi Supra Tucked AC Kit (RHD),All variants,1,Accessory,5.56,Accessory,,,,5.6,0.0,0.0,Retain current actual/manual weight,Existing,KEEP,No defensible dimensional override from the partner extract.
🟠 Toyota,ETi Supra Upper Glove Box Cover RHD,All variants,3,Accessory,4,Accessory,,,,4.0,0.0,0.0,Retain current actual/manual weight,Existing,KEEP,No defensible dimensional override from the partner extract.
🟠 Toyota,ETi Toyota Alphard 30 ETi Carbon Fiber Hood,All variants,4,Hood,74,Hood,170.0,133.0,16.0,73.0,-1.0,-1.0,Established ETi hood tier,Established,KEEP,Retain the established ETi standard hood tier.
🟠 Toyota,ETi Toyota Alphard 30 OEM Carbon Fiber Hood,All variants,4,Hood,74,Hood,170.0,133.0,16.0,73.0,-1.0,-1.0,Established ETi hood tier,Established,KEEP,Retain the established ETi standard hood tier.
🟠 Toyota,ETi Toyota Altezza OEM Carbon Fiber Hood,All variants,4,Hood,74,Hood,170.0,133.0,16.0,73.0,-1.0,-1.0,Established ETi hood tier,Established,KEEP,Retain the established ETi standard hood tier.
🟠 Toyota,ETi Toyota Altis 2011 OEM Carbon Fiber Trunk,All variants,4,Trunk/Boot,67,Trunk / Boot,,,,67.0,0.0,0.0,Retain current — chassis dependent,Review,UPDATE SITE,No reliable exact chassis match; broad category data is too variable for a safe overwrite.
🟠 Toyota,ETi Toyota Altis ETi Carbon Fiber Hood,All variants,4,Hood,74,Hood,170.0,133.0,16.0,73.0,-1.0,-1.0,Established ETi hood tier,Established,KEEP,Retain the established ETi standard hood tier.
🟠 Toyota,ETi Toyota Camry 07 Carbon Fiber Roof,All variants,4,Roof Panel,55,Roof Panel,,,,55.0,0.0,0.0,Retain current — chassis dependent,Review,UPDATE SITE,No reliable exact chassis match; broad category data is too variable for a safe overwrite.
🟠 Toyota,ETi Toyota Camry 07 ETi Carbon Fiber Hood,All variants,4,Hood,74,Hood,170.0,133.0,16.0,73.0,-1.0,-1.0,Established ETi hood tier,Established,KEEP,Retain the established ETi standard hood tier.
🟠 Toyota,ETi Toyota Camry 07 OEM Carbon Fiber Hood,All variants,4,Hood,74,Hood,170.0,133.0,16.0,73.0,-1.0,-1.0,Established ETi hood tier,Established,KEEP,Retain the established ETi standard hood tier.
🟠 Toyota,ETi Toyota Camry Hybrid OEM Carbon Fiber Fender,All variants,4,Accessory,66,Accessory,,,,66.0,0.0,0.0,Retain current actual/manual weight,Existing,KEEP,No defensible dimensional override from the partner extract.
🟠 Toyota,ETi Toyota Camry Hybrid OEM Carbon Fiber Hood,All variants,4,Hood,74,Hood,170.0,133.0,16.0,73.0,-1.0,-1.0,Established ETi hood tier,Established,KEEP,Retain the established ETi standard hood tier.
🟠 Toyota,ETi Toyota Camry Hybrid OEM Carbon Fiber Trunk,All variants,4,Trunk/Boot,67,Trunk / Boot,,,,67.0,0.0,0.0,Retain current — chassis dependent,Review,UPDATE SITE,No reliable exact chassis match; broad category data is too variable for a safe overwrite.
🟠 Toyota,ETi Toyota Celica (Pop) OEM Carbon Fiber Hood,All variants,4,Hood,74,Hood,170.0,133.0,16.0,73.0,-1.0,-1.0,Established ETi hood tier,Established,KEEP,Retain the established ETi standard hood tier.
🟠 Toyota,ETi Toyota Celica New ETi Carbon Fiber Hood,All variants,4,Hood,74,Hood,170.0,133.0,16.0,73.0,-1.0,-1.0,Established ETi hood tier,Established,KEEP,Retain the established ETi standard hood tier.
🟠 Toyota,ETi Toyota Celica New ETi2 Carbon Fiber Hood,All variants,4,Hood,74,Hood,170.0,133.0,16.0,73.0,-1.0,-1.0,Established ETi hood tier,Established,KEEP,Retain the established ETi standard hood tier.
🟠 Toyota,ETi Toyota Celica New OEM Carbon Fiber Hood,All variants,4,Hood,74,Hood,170.0,133.0,16.0,73.0,-1.0,-1.0,Established ETi hood tier,Established,KEEP,Retain the established ETi standard hood tier.
🟠 Toyota,ETi Toyota FT86 Carbon Fiber Roof,All variants,4,Roof Panel,55,Roof Panel,,,,55.0,0.0,0.0,Retain current — chassis dependent,Review,UPDATE SITE,No reliable exact chassis match; broad category data is too variable for a safe overwrite.
🟠 Toyota,ETi Toyota FT86 OEM Carbon Fiber Hood,All variants,4,Hood,74,Hood,170.0,133.0,16.0,73.0,-1.0,-1.0,Established ETi hood tier,Established,KEEP,Retain the established ETi standard hood tier.
🟠 Toyota,ETi Toyota FT86 OEM Carbon Fiber Trunk,All variants,4,Trunk/Boot,67,Trunk / Boot,125.0,69.0,33.0,57.0,-10.0,-10.0,Exact vehicle + part P75,Low,UPDATE SITE,Matched FT86-TRUNK cleaned historical cartons.
🟠 Toyota,ETi Toyota FT86 Race Version Front Carbon Fiber Doors,All variants,4,Door,51,Door,,,,51.0,0.0,0.0,Retain current — chassis dependent,Review,UPDATE SITE,No reliable exact chassis match; broad category data is too variable for a safe overwrite.
🟠 Toyota,ETi Toyota FT86 Top Secret Carbon Fiber Hood,All variants,4,Hood,74,Hood,170.0,133.0,16.0,73.0,-1.0,-1.0,Established ETi hood tier,Established,KEEP,Retain the established ETi standard hood tier.
🟠 Toyota,ETi Toyota Face Off ETi Carbon Fiber Hood,All variants,4,Hood,74,Hood,170.0,133.0,16.0,73.0,-1.0,-1.0,Established ETi hood tier,Established,KEEP,Retain the established ETi standard hood tier.
🟠 Toyota,ETi Toyota Face Off OEM Carbon Fiber Hood,All variants,4,Hood,74,Hood,170.0,133.0,16.0,73.0,-1.0,-1.0,Established ETi hood tier,Established,KEEP,Retain the established ETi standard hood tier.
🟠 Toyota,ETi Toyota Fortuner ETi Carbon Fiber Hood,All variants,4,Hood,112,Hood,160.0,158.0,22.0,112.0,0.0,0.0,Established ETi hood tier,Established,KEEP,Retain the established ETi XL hood tier; apply only to known XL products.
🟠 Toyota,ETi Toyota Fortuner OEM Carbon Fiber Fender,All variants,4,Accessory,90,Accessory,,,,90.0,0.0,0.0,Retain current actual/manual weight,Existing,KEEP,No defensible dimensional override from the partner extract.
🟠 Toyota,ETi Toyota Fortuner Turbo Carbon Fiber Hood,All variants,4,Hood,112,Hood,160.0,158.0,22.0,112.0,0.0,0.0,Established ETi hood tier,Established,KEEP,Retain the established ETi XL hood tier; apply only to known XL products.
🟠 Toyota,ETi Toyota GT86 Door,All variants,5,Door,51,Door,,,,51.0,0.0,0.0,Retain current — chassis dependent,Review,UPDATE SITE,No reliable exact chassis match; broad category data is too variable for a safe overwrite.
🟠 Toyota,ETi Toyota MR2 ETi Carbon Fiber Trunk,All variants,4,Trunk/Boot,52,Trunk / Boot,,,,52.0,0.0,0.0,Retain current — chassis dependent,Review,UPDATE SITE,No reliable exact chassis match; broad category data is too variable for a safe overwrite.
🟠 Toyota,ETi Toyota MRS Carbon Fiber Roof,All variants,4,Roof Panel,45,Roof Panel,,,,45.0,0.0,0.0,Retain current — chassis dependent,Review,UPDATE SITE,No reliable exact chassis match; broad category data is too variable for a safe overwrite.
🟠 Toyota,ETi Toyota Mark 2 JP 95-00 ETi Carbon Fiber Hood,All variants,4,Hood,74,Hood,170.0,133.0,16.0,73.0,-1.0,-1.0,Established ETi hood tier,Established,KEEP,Retain the established ETi standard hood tier.
🟠 Toyota,ETi Toyota Revo / Fortuner ETi Carbon Fiber Hood,All variants,4,Hood,112,Hood,160.0,158.0,22.0,112.0,0.0,0.0,Established ETi hood tier,Established,KEEP,Retain the established ETi XL hood tier; apply only to known XL products.
🟠 Toyota,ETi Toyota Revo / Fortuner OEM Carbon Fiber Fender,All variants,4,Accessory,90,Accessory,,,,90.0,0.0,0.0,Retain current actual/manual weight,Existing,KEEP,No defensible dimensional override from the partner extract.
🟠 Toyota,ETi Toyota Revo / Fortuner OEM Carbon Fiber Hood,All variants,4,Hood,112,Hood,160.0,158.0,22.0,112.0,0.0,0.0,Established ETi hood tier,Established,KEEP,Retain the established ETi XL hood tier; apply only to known XL products.
🟠 Toyota,ETi Toyota Supra A80 Orido/TS Blend Body Kit,All variants,1,Full Body Kit,220,Full Body Kit,,,,,,,Manual multi-carton,Manual,REVIEW,Full kits require the sum of each component carton; do not use one generic Shopify weight.
🟠 Toyota,ETi Toyota Supra MK4 (JZA80) OEM-Style Carbon Cowl Panel,All variants,4,Accessory,15,Accessory,,,,15.0,0.0,0.0,Retain current actual/manual weight,Existing,KEEP,No defensible dimensional override from the partner extract.
🟠 Toyota,ETi Toyota Supra MK5 (A90) Carbon Fiber Door Blades,All variants,5,Door,64,Door,,,,64.0,0.0,0.0,Retain current — chassis dependent,Review,UPDATE SITE,No reliable exact chassis match; broad category data is too variable for a safe overwrite.
🟠 Toyota,ETi Toyota Supra MK5 (A90) Carbon Fiber Side Mirror Covers,All variants,5,Mirror Cover,6,Mirror Cover,,,,6.0,0.0,0.0,Retain current actual/manual weight,Existing,KEEP,No defensible dimensional override from the partner extract.
🟠 Toyota,ETi Toyota Supra MK5 (A90) Carbon Hood,All variants,4,Hood,98,Hood,161.0,151.0,20.0,98.0,0.0,0.0,Established ETi hood tier,Established,KEEP,Retain the established ETi large hood tier.
🟠 Toyota,ETi Toyota Supra MK5 (A90) Carbon Rear Diffuser,All variants,4,Rear Diffuser,48,Rear Diffuser,151.0,51.0,21.0,33.0,-15.0,-15.0,Cleaned category P75,Low,UPDATE SITE,Cleaned P75; full diffusers only. Representative carton: B-987-DIF-EPAGT / OD-0018908.
🟠 Toyota,ETi Toyota Supra MKIV Carbon Fiber Center Console RHD,All variants,3,Interior Console,16,Interior Console,,,,16.0,0.0,0.0,Retain current actual/manual weight,Existing,KEEP,No defensible dimensional override from the partner extract.
🟠 Toyota,ETi Toyota Supra MKIV Cowl Panel,All variants,6,Accessory,15,Accessory,,,,15.0,0.0,0.0,Retain current actual/manual weight,Existing,KEEP,No defensible dimensional override from the partner extract.
🟠 Toyota,ETi Toyota Supra MKIV TRD Body Kit,All variants,1,Full Body Kit,220,Full Body Kit,,,,,,,Manual multi-carton,Manual,REVIEW,Full kits require the sum of each component carton; do not use one generic Shopify weight.
🟠 Toyota,ETi Toyota Supra MKIV TS Style Full Body Kit,All variants,1,Full Body Kit,220,Full Body Kit,,,,,,,Manual multi-carton,Manual,REVIEW,Full kits require the sum of each component carton; do not use one generic Shopify weight.
🟠 Toyota,ETi Toyota Supra MKIV Tamon Style Widebody Kit,All variants,2,Full Body Kit,220,Full Body Kit,,,,,,,Manual multi-carton,Manual,REVIEW,Full kits require the sum of each component carton; do not use one generic Shopify weight.
🟠 Toyota,ETi Toyota Supra MKIV Varis Style Hood,All variants,4,Hood,98,Hood,161.0,151.0,20.0,98.0,0.0,0.0,Established ETi hood tier,Established,KEEP,Retain the established ETi large hood tier.
🟠 Toyota,ETi Toyota Vigo Champ ETi Carbon Fiber Hood,All variants,4,Hood,112,Hood,160.0,158.0,22.0,112.0,0.0,0.0,Established ETi hood tier,Established,KEEP,Retain the established ETi XL hood tier; apply only to known XL products.
🟠 Toyota,ETi Toyota Vigo Champ ETi V2 Carbon Fiber Hood,All variants,4,Hood,112,Hood,160.0,158.0,22.0,112.0,0.0,0.0,Established ETi hood tier,Established,KEEP,Retain the established ETi XL hood tier; apply only to known XL products.
🟠 Toyota,ETi Toyota Vigo Champ OEM Carbon Fiber Hood,All variants,4,Hood,112,Hood,160.0,158.0,22.0,112.0,0.0,0.0,Established ETi hood tier,Established,KEEP,Retain the established ETi XL hood tier; apply only to known XL products.
🟠 Toyota,ETi Toyota Vios 2006 OEM Carbon Fiber Trunk,All variants,4,Trunk/Boot,67,Trunk / Boot,,,,67.0,0.0,0.0,Retain current — chassis dependent,Review,UPDATE SITE,No reliable exact chassis match; broad category data is too variable for a safe overwrite.
🟠 Toyota,ETi Toyota Vios 2012 OEM Carbon Fiber Trunk,All variants,4,Trunk/Boot,67,Trunk / Boot,,,,67.0,0.0,0.0,Retain current — chassis dependent,Review,UPDATE SITE,No reliable exact chassis match; broad category data is too variable for a safe overwrite.
🟠 Toyota,ETi Toyota Vios New 2006 OEM Carbon Fiber Hood,All variants,4,Hood,74,Hood,170.0,133.0,16.0,73.0,-1.0,-1.0,Established ETi hood tier,Established,KEEP,Retain the established ETi standard hood tier.
🟠 Toyota,ETi Toyota Vios New 2012 OEM Carbon Fiber Hood,All variants,4,Hood,74,Hood,170.0,133.0,16.0,73.0,-1.0,-1.0,Established ETi hood tier,Established,KEEP,Retain the established ETi standard hood tier.
🟠 Toyota,ETi Toyota Vios OEM Carbon Fiber Trunk,All variants,4,Trunk/Boot,67,Trunk / Boot,,,,67.0,0.0,0.0,Retain current — chassis dependent,Review,UPDATE SITE,No reliable exact chassis match; broad category data is too variable for a safe overwrite.
🟠 Toyota,ETi Toyota Wish ETi Carbon Fiber Hood,All variants,4,Hood,74,Hood,170.0,133.0,16.0,73.0,-1.0,-1.0,Established ETi hood tier,Established,KEEP,Retain the established ETi standard hood tier.
🟠 Toyota,ETi Toyota Wish OEM Carbon Fiber Hood,All variants,4,Hood,74,Hood,170.0,133.0,16.0,73.0,-1.0,-1.0,Established ETi hood tier,Established,KEEP,Retain the established ETi standard hood tier.
🟠 Toyota,ETi Toyota Yaris ETi Carbon Fiber Fender,All variants,4,Accessory,46,Accessory,,,,46.0,0.0,0.0,Retain current actual/manual weight,Existing,KEEP,No defensible dimensional override from the partner extract.
🟠 Toyota,ETi Tucked AC Kit – Toyota Supra MK4 (JZA80) RHD,All variants,1,Accessory,5.56,Accessory,,,,5.6,0.0,0.0,Retain current actual/manual weight,Existing,KEEP,No defensible dimensional override from the partner extract.
🟠 Toyota,ETi Widebody Rear Bumper Toyota GT86 / Subaru BRZ / Scion FR-S,All variants,5,Bumper,140,Rear Bumper,,,,140.0,0.0,0.0,Retain current — bumper evidence sparse,Review,UPDATE SITE,Chinese extract does not contain enough consistent full-bumper observations for a bulk overwrite.
🟠 Toyota,GT86 / BRZ ZN6 Fender Emblem Cover,All variants,5,Accessory,2,Accessory,,,,2.0,0.0,0.0,Retain current actual/manual weight,Existing,KEEP,No defensible dimensional override from the partner extract.
🟠 Toyota,GT86 AE Fenders,All variants,5,Accessory,66,Accessory,,,,66.0,0.0,0.0,Retain current actual/manual weight,Existing,KEEP,No defensible dimensional override from the partner extract.
🟠 Toyota,GT86 BRZ Intake Manifold Cover,All variants,1,Accessory,10,Accessory,,,,10.0,0.0,0.0,Retain current actual/manual weight,Existing,KEEP,No defensible dimensional override from the partner extract.
🟠 Toyota,GT86 GFB Front Bumper,All variants,5,Bumper,140,Front Bumper,,,,140.0,0.0,0.0,Retain current — bumper evidence sparse,Review,UPDATE SITE,Chinese extract does not contain enough consistent full-bumper observations for a bulk overwrite.
🟠 Toyota,GT86 GFB Skirt Extensions (2pcs),All variants,5,Accessory,28,Accessory,,,,28.0,0.0,0.0,Retain current actual/manual weight,Existing,KEEP,No defensible dimensional override from the partner extract.
🟠 Toyota,GT86 GFB Skirts (2pcs),All variants,5,Accessory,28,Accessory,,,,28.0,0.0,0.0,Retain current actual/manual weight,Existing,KEEP,No defensible dimensional override from the partner extract.
🟠 Toyota,GT86 GFB Spatz (2pcs),All variants,4,Accessory,15,Accessory,,,,15.0,0.0,0.0,Retain current actual/manual weight,Existing,KEEP,No defensible dimensional override from the partner extract.
🟠 Toyota,GT86 GFB Widebody Fender Seals (4pcs),All variants,5,Accessory,66,Accessory,,,,66.0,0.0,0.0,Retain current actual/manual weight,Existing,KEEP,No defensible dimensional override from the partner extract.
🟠 Toyota,GT86 Shift Frame Cover,All variants,5,Accessory,10,Accessory,,,,10.0,0.0,0.0,Retain current actual/manual weight,Existing,KEEP,No defensible dimensional override from the partner extract.
🟠 Toyota,GT86 Varis Arising II Rear Diffuser,All variants,4,Rear Diffuser,30,Rear Diffuser,151.0,51.0,21.0,33.0,3.0,3.0,Cleaned category P75,Low,UPDATE SITE,Cleaned P75; full diffusers only. Representative carton: B-987-DIF-EPAGT / OD-0018908.
🟠 Toyota,GT86 Varis Diffuser,All variants,4,Accessory,30,Rear Diffuser,151.0,51.0,21.0,33.0,3.0,3.0,Cleaned category P75,Low,UPDATE SITE,Cleaned P75; full diffusers only. Representative carton: B-987-DIF-EPAGT / OD-0018908.
🟠 Toyota,GT86 Varis Lip,All variants,4,Accessory,32,Accessory,,,,32.0,0.0,0.0,Retain current actual/manual weight,Existing,KEEP,No defensible dimensional override from the partner extract.
🟠 Toyota,GT86 Varis Rear Bumper,All variants,5,Bumper,140,Rear Bumper,,,,140.0,0.0,0.0,Retain current — bumper evidence sparse,Review,UPDATE SITE,Chinese extract does not contain enough consistent full-bumper observations for a bulk overwrite.
🟠 Toyota,GT86 Varis Spatz,All variants,4,Accessory,15,Accessory,,,,15.0,0.0,0.0,Retain current actual/manual weight,Existing,KEEP,No defensible dimensional override from the partner extract.
🟠 Toyota,Scion FR-S Toyota GT86 FT86 ZN6 CS Bottomline Style Side Front Lip,All variants,4,Front Lip,32,Front Lip / Splitter,167.0,66.0,24.0,53.0,21.0,21.0,Exact vehicle + part P75,Low,UPDATE SITE,Matched 86ZN-FL cleaned historical cartons.
🟠 Toyota,Supra AB-Flug Style Body Kit,Canard Carbon / Forged Carbon; Canard Carbon / Gloss Carbon; Canard Carbon / Kevlar; Canard Carbon / Matte Carbon,4,Canards,7,Canards,63.0,30.0,17.0,7.0,0.0,0.0,Exact vehicle + part P75,Medium,KEEP,Matched SUPRA-CANA cleaned historical cartons.
🟠 Toyota,Supra AB-Flug Style Body Kit,Front Bumper / Fiberglass (FRP); Front Bumper / Forged Carbon; Front Bumper / Gloss Carbon; Front Bumper / Kevlar; Front Bumper / Matte Carbon,5,Bumper,170,Front Bumper,,,,170.0,0.0,0.0,Retain current — bumper evidence sparse,Review,UPDATE SITE,Chinese extract does not contain enough consistent full-bumper observations for a bulk overwrite.
🟠 Toyota,Supra AB-Flug Style Body Kit,Complete Body Kit / Fiberglass (FRP),1,Full Body Kit,220,Full Body Kit,,,,,,,Manual multi-carton,Manual,REVIEW,Full kits require the sum of each component carton; do not use one generic Shopify weight.
🟠 Toyota,Supra AB-Flug Style Body Kit,Rear Bumper / Fiberglass (FRP); Rear Bumper / Forged Carbon; Rear Bumper / Gloss Carbon; Rear Bumper / Kevlar; Rear Bumper / Matte Carbon,5,Bumper,170,Rear Bumper,,,,170.0,0.0,0.0,Retain current — bumper evidence sparse,Review,UPDATE SITE,Chinese extract does not contain enough consistent full-bumper observations for a bulk overwrite.
🟠 Toyota,Supra AB-Flug Style Body Kit,Rear Diffuser Carbon / Fiberglass (FRP); Rear Diffuser Carbon / Forged Carbon; Rear Diffuser Carbon / Gloss Carbon; Rear Diffuser Carbon / Kevlar; Rear Diffuser Carbon / Matte Carbon,5,Rear Diffuser,48,Rear Diffuser,151.0,51.0,21.0,33.0,-15.0,-15.0,Cleaned category P75,Low,UPDATE SITE,Cleaned P75; full diffusers only. Representative carton: B-987-DIF-EPAGT / OD-0018908.
🟠 Toyota,Supra AB-Flug Style Body Kit,Rear Fender / Fiberglass (FRP); Rear Fender / Forged Carbon; Rear Fender / Gloss Carbon; Rear Fender / Kevlar; Rear Fender / Matte Carbon,5,Rear Fender,62,Rear Fender,,,,62.0,0.0,0.0,Retain current — chassis dependent,Review,UPDATE SITE,No reliable exact chassis match; broad category data is too variable for a safe overwrite.
🟠 Toyota,Supra AB-Flug Style Hood,All variants,8,Hood,98,Hood,161.0,151.0,20.0,98.0,0.0,0.0,Established ETi hood tier,Established,KEEP,Retain the established ETi large hood tier.
🟠 Toyota,Supra BOMEX Style Body Kit,Front Bumper / Fiberglass (FRP); Front Bumper / Forged Carbon; Front Bumper / Gloss Carbon; Front Bumper / Kevlar; Front Bumper / Matte Carbon,5,Bumper,170,Front Bumper,,,,170.0,0.0,0.0,Retain current — bumper evidence sparse,Review,UPDATE SITE,Chinese extract does not contain enough consistent full-bumper observations for a bulk overwrite.
🟠 Toyota,Supra BOMEX Style Body Kit,Complete Body Kit / Fiberglass (FRP),1,Full Body Kit,220,Full Body Kit,,,,,,,Manual multi-carton,Manual,REVIEW,Full kits require the sum of each component carton; do not use one generic Shopify weight.
🟠 Toyota,Supra Blitz Style Body Kit,Front Bumper / Fiberglass (FRP); Front Bumper / Forged Carbon; Front Bumper / Gloss Carbon; Front Bumper / Kevlar; Front Bumper / Matte Carbon,5,Bumper,170,Front Bumper,,,,170.0,0.0,0.0,Retain current — bumper evidence sparse,Review,UPDATE SITE,Chinese extract does not contain enough consistent full-bumper observations for a bulk overwrite.
🟠 Toyota,Supra Blitz Style Body Kit,Complete Body Kit / Fiberglass (FRP),1,Full Body Kit,220,Full Body Kit,,,,,,,Manual multi-carton,Manual,REVIEW,Full kits require the sum of each component carton; do not use one generic Shopify weight.
🟠 Toyota,Supra Border Style Body Kit,Front Bumper / Fiberglass (FRP); Front Bumper / Forged Carbon; Front Bumper / Gloss Carbon; Front Bumper / Kevlar; Front Bumper / Matte Carbon,5,Bumper,170,Front Bumper,,,,170.0,0.0,0.0,Retain current — bumper evidence sparse,Review,UPDATE SITE,Chinese extract does not contain enough consistent full-bumper observations for a bulk overwrite.
🟠 Toyota,Supra Border Style Body Kit,Complete Body Kit / Fiberglass (FRP),1,Full Body Kit,220,Full Body Kit,,,,,,,Manual multi-carton,Manual,REVIEW,Full kits require the sum of each component carton; do not use one generic Shopify weight.
🟠 Toyota,Supra Do-Luck Style Body Kit,All variants,5,Bumper,170,Front Bumper,,,,170.0,0.0,0.0,Retain current — bumper evidence sparse,Review,UPDATE SITE,Chinese extract does not contain enough consistent full-bumper observations for a bulk overwrite.
🟠 Toyota,Supra Max Racing Style Body Kit,Canard Carbon / Forged Carbon; Canard Carbon / Gloss Carbon; Canard Carbon / Kevlar; Canard Carbon / Matte Carbon,4,Canards,7,Canards,63.0,30.0,17.0,7.0,0.0,0.0,Exact vehicle + part P75,Medium,KEEP,Matched SUPRA-CANA cleaned historical cartons.
🟠 Toyota,Supra Max Racing Style Body Kit,Front Bumper / Fiberglass (FRP); Front Bumper / Forged Carbon; Front Bumper / Gloss Carbon; Front Bumper / Kevlar; Front Bumper / Matte Carbon,5,Bumper,170,Front Bumper,,,,170.0,0.0,0.0,Retain current — bumper evidence sparse,Review,UPDATE SITE,Chinese extract does not contain enough consistent full-bumper observations for a bulk overwrite.
🟠 Toyota,Supra Max Racing Style Body Kit,Complete Body Kit / Fiberglass (FRP),1,Full Body Kit,220,Full Body Kit,,,,,,,Manual multi-carton,Manual,REVIEW,Full kits require the sum of each component carton; do not use one generic Shopify weight.
🟠 Toyota,Supra Max Racing Style Body Kit,Rear Diffuser / Forged Carbon; Rear Diffuser / Gloss Carbon; Rear Diffuser / Kevlar; Rear Diffuser / Matte Carbon,4,Rear Diffuser,48,Rear Diffuser,151.0,51.0,21.0,33.0,-15.0,-15.0,Cleaned category P75,Low,UPDATE SITE,Cleaned P75; full diffusers only. Representative carton: B-987-DIF-EPAGT / OD-0018908.
🟠 Toyota,Supra Max-Top Style Body Kit,Front Bumper / Fiberglass (FRP); Front Bumper / Forged Carbon; Front Bumper / Gloss Carbon; Front Bumper / Kevlar; Front Bumper / Matte Carbon,5,Bumper,170,Front Bumper,,,,170.0,0.0,0.0,Retain current — bumper evidence sparse,Review,UPDATE SITE,Chinese extract does not contain enough consistent full-bumper observations for a bulk overwrite.
🟠 Toyota,Supra Max-Top Style Body Kit,Complete Body Kit / Fiberglass (FRP),1,Full Body Kit,220,Full Body Kit,,,,,,,Manual multi-carton,Manual,REVIEW,Full kits require the sum of each component carton; do not use one generic Shopify weight.
🟠 Toyota,Supra OEM Style Front Bumper,All variants,5,Bumper,170,Front Bumper,,,,170.0,0.0,0.0,Retain current — bumper evidence sparse,Review,UPDATE SITE,Chinese extract does not contain enough consistent full-bumper observations for a bulk overwrite.
🟠 Toyota,Supra Ridox Non-Widebody Style Body Kit,All variants,1,Full Body Kit,220,Full Body Kit,,,,,,,Manual multi-carton,Manual,REVIEW,Full kits require the sum of each component carton; do not use one generic Shopify weight.
🟠 Toyota,Supra Ridox Style Narrow Body Kit,Front Canards / Fiberglass (FRP); Front Canards / Forged Carbon; Front Canards / Gloss Carbon; Front Canards / Kevlar; Front Canards / Matte Carbon,5,Canards,7,Canards,63.0,30.0,17.0,7.0,0.0,0.0,Exact vehicle + part P75,Medium,KEEP,Matched SUPRA-CANA cleaned historical cartons.
🟠 Toyota,Supra Ridox Style Narrow Body Kit,Front Bumper / Fiberglass (FRP); Front Bumper / Forged Carbon; Front Bumper / Gloss Carbon; Front Bumper / Kevlar; Front Bumper / Matte Carbon,5,Bumper,170,Front Bumper,,,,170.0,0.0,0.0,Retain current — bumper evidence sparse,Review,UPDATE SITE,Chinese extract does not contain enough consistent full-bumper observations for a bulk overwrite.
🟠 Toyota,Supra Ridox Style Narrow Body Kit,Complete Body Kit / Fiberglass (FRP); Complete Body Kit / Forged Carbon; Complete Body Kit / Gloss Carbon; Complete Body Kit / Kevlar; Complete Body Kit / Matte Carbon,5,Full Body Kit,220,Full Body Kit,,,,,,,Manual multi-carton,Manual,REVIEW,Full kits require the sum of each component carton; do not use one generic Shopify weight.
🟠 Toyota,Supra Ridox Style Narrow Body Kit,Rear Diffuser / Forged Carbon; Rear Diffuser / Gloss Carbon; Rear Diffuser / Kevlar; Rear Diffuser / Matte Carbon,4,Rear Diffuser,48,Rear Diffuser,151.0,51.0,21.0,33.0,-15.0,-15.0,Cleaned category P75,Low,UPDATE SITE,Cleaned P75; full diffusers only. Representative carton: B-987-DIF-EPAGT / OD-0018908.
🟠 Toyota,Supra Ridox Style Narrow Body Kit,Rear Fenders / Fiberglass (FRP); Rear Fenders / Forged Carbon; Rear Fenders / Gloss Carbon; Rear Fenders / Kevlar; Rear Fenders / Matte Carbon,5,Rear Fender,62,Rear Fender,,,,62.0,0.0,0.0,Retain current — chassis dependent,Review,UPDATE SITE,No reliable exact chassis match; broad category data is too variable for a safe overwrite.
🟠 Toyota,Supra Ridox Style Widebody Body Kit,Canard / Forged Carbon; Canard / Gloss Carbon; Canard / Kevlar; Canard / Matte Carbon,4,Canards,7,Canards,63.0,30.0,17.0,7.0,0.0,0.0,Exact vehicle + part P75,Medium,KEEP,Matched SUPRA-CANA cleaned historical cartons.
🟠 Toyota,Supra Ridox Style Widebody Body Kit,Rear Fender / Fiberglass (FRP); Rear Fender / Forged Carbon; Rear Fender / Gloss Carbon; Rear Fender / Kevlar; Rear Fender / Matte Carbon,5,Rear Fender,62,Fender Flare / Arch,126.0,43.0,15.0,17.0,-45.0,-45.0,Cleaned category P75,Low,UPDATE SITE,Small flare/arch pieces separated from full fenders. Representative carton: B-MX5-ARCH-RALLY-NC / OD-0020349.
🟠 Toyota,Supra Ridox Style Widebody Body Kit,Front Bumper / Fiberglass (FRP); Front Bumper / Forged Carbon; Front Bumper / Gloss Carbon; Front Bumper / Kevlar; Front Bumper / Matte Carbon,5,Bumper,170,Front Bumper,,,,170.0,0.0,0.0,Retain current — bumper evidence sparse,Review,UPDATE SITE,Chinese extract does not contain enough consistent full-bumper observations for a bulk overwrite.
🟠 Toyota,Supra Ridox Style Widebody Body Kit,Complete Body Kit / Fiberglass (FRP),1,Full Body Kit,220,Full Body Kit,,,,,,,Manual multi-carton,Manual,REVIEW,Full kits require the sum of each component carton; do not use one generic Shopify weight.
🟠 Toyota,Supra TRD 3000GT Style Body Kit,All variants,1,Full Body Kit,220,Full Body Kit,,,,,,,Manual multi-carton,Manual,REVIEW,Full kits require the sum of each component carton; do not use one generic Shopify weight.
🟠 Toyota,Supra TRD 3000GT Style Widebody Body Kit,Rear Fender / Fiberglass (FRP); Rear Fender / Forged Carbon; Rear Fender / Gloss Carbon; Rear Fender / Kevlar; Rear Fender / Matte Carbon,5,Rear Fender,62,Fender Flare / Arch,126.0,43.0,15.0,17.0,-45.0,-45.0,Cleaned category P75,Low,UPDATE SITE,Small flare/arch pieces separated from full fenders. Representative carton: B-MX5-ARCH-RALLY-NC / OD-0020349.
🟠 Toyota,Supra TRD 3000GT Style Widebody Body Kit,Front Bumper V1 / Fiberglass (FRP); Front Bumper V1 / Forged Carbon; Front Bumper V1 / Gloss Carbon; Front Bumper V1 / Kevlar; Front Bumper V1 / Matte Carbon; Front Bumper V2 / Fiberglass (FRP); …,10,Bumper,170,Front Bumper,,,,170.0,0.0,0.0,Retain current — bumper evidence sparse,Review,UPDATE SITE,Chinese extract does not contain enough consistent full-bumper observations for a bulk overwrite.
🟠 Toyota,Supra TRD 3000GT Style Widebody Body Kit,Complete Body Kit / Fiberglass (FRP),1,Full Body Kit,220,Full Body Kit,,,,,,,Manual multi-carton,Manual,REVIEW,Full kits require the sum of each component carton; do not use one generic Shopify weight.
🟠 Toyota,Supra TRD 3000GT Style Widebody Body Kit,Rear Bumper / Fiberglass (FRP); Rear Bumper / Forged Carbon; Rear Bumper / Gloss Carbon; Rear Bumper / Kevlar; Rear Bumper / Matte Carbon,5,Bumper,170,Rear Bumper,,,,170.0,0.0,0.0,Retain current — bumper evidence sparse,Review,UPDATE SITE,Chinese extract does not contain enough consistent full-bumper observations for a bulk overwrite.
🟠 Toyota,Supra TRD Style Hood,All variants,8,Hood,98,Hood,161.0,151.0,20.0,98.0,0.0,0.0,Established ETi hood tier,Established,KEEP,Retain the established ETi large hood tier.
🟠 Toyota,Supra Tamon Style Widebody Body Kit,All variants,1,Full Body Kit,220,Full Body Kit,,,,,,,Manual multi-carton,Manual,REVIEW,Full kits require the sum of each component carton; do not use one generic Shopify weight.
🟠 Toyota,Supra Top Secret Style Body Kit,Front Bumper / Fiberglass (FRP); Front Bumper / Forged Carbon; Front Bumper / Gloss Carbon; Front Bumper / Kevlar; Front Bumper / Matte Carbon,5,Bumper,170,Front Bumper,,,,170.0,0.0,0.0,Retain current — bumper evidence sparse,Review,UPDATE SITE,Chinese extract does not contain enough consistent full-bumper observations for a bulk overwrite.
🟠 Toyota,Supra Top Secret Style Body Kit,Complete Body Kit / Fiberglass (FRP),1,Full Body Kit,220,Full Body Kit,,,,,,,Manual multi-carton,Manual,REVIEW,Full kits require the sum of each component carton; do not use one generic Shopify weight.
🟠 Toyota,Supra Top Secret Style Hood,All variants,8,Hood,98,Hood,161.0,151.0,20.0,98.0,0.0,0.0,Established ETi hood tier,Established,KEEP,Retain the established ETi large hood tier.
🟠 Toyota,Supra Top Secret Style Widebody Body Kit,Canard / Forged Carbon; Canard / Gloss Carbon; Canard / Kevlar; Canard / Matte Carbon,4,Canards,7,Canards,63.0,30.0,17.0,7.0,0.0,0.0,Exact vehicle + part P75,Medium,KEEP,Matched SUPRA-CANA cleaned historical cartons.
🟠 Toyota,Supra Top Secret Style Widebody Body Kit,Rear Fender / Fiberglass (FRP); Rear Fender / Forged Carbon; Rear Fender / Gloss Carbon; Rear Fender / Kevlar; Rear Fender / Matte Carbon,5,Rear Fender,62,Fender Flare / Arch,126.0,43.0,15.0,17.0,-45.0,-45.0,Cleaned category P75,Low,UPDATE SITE,Small flare/arch pieces separated from full fenders. Representative carton: B-MX5-ARCH-RALLY-NC / OD-0020349.
🟠 Toyota,Supra Top Secret Style Widebody Body Kit,Front Bumper / Fiberglass (FRP); Front Bumper / Forged Carbon; Front Bumper / Gloss Carbon; Front Bumper / Kevlar; Front Bumper / Matte Carbon,5,Bumper,170,Front Bumper,,,,170.0,0.0,0.0,Retain current — bumper evidence sparse,Review,UPDATE SITE,Chinese extract does not contain enough consistent full-bumper observations for a bulk overwrite.
🟠 Toyota,Supra Top Secret Style Widebody Body Kit,Complete Body Kit / Fiberglass (FRP),1,Full Body Kit,220,Full Body Kit,,,,,,,Manual multi-carton,Manual,REVIEW,Full kits require the sum of each component carton; do not use one generic Shopify weight.
🟠 Toyota,Supra Top Secret Style Widebody Body Kit,Rear Bumper / Fiberglass (FRP); Rear Bumper / Forged Carbon; Rear Bumper / Gloss Carbon; Rear Bumper / Kevlar; Rear Bumper / Matte Carbon,5,Bumper,170,Rear Bumper,,,,170.0,0.0,0.0,Retain current — bumper evidence sparse,Review,UPDATE SITE,Chinese extract does not contain enough consistent full-bumper observations for a bulk overwrite.
🟠 Toyota,Supra Top Secret Style Widebody Body Kit,Rear Diffuser / Forged Carbon; Rear Diffuser / Gloss Carbon; Rear Diffuser / Kevlar; Rear Diffuser / Matte Carbon,4,Rear Diffuser,48,Rear Diffuser,151.0,51.0,21.0,33.0,-15.0,-15.0,Cleaned category P75,Low,UPDATE SITE,Cleaned P75; full diffusers only. Representative carton: B-987-DIF-EPAGT / OD-0018908.
🟠 Toyota,Supra Top Secret V12 Style Body Kit,Front Bumper / Fiberglass (FRP); Front Bumper / Forged Carbon; Front Bumper / Gloss Carbon; Front Bumper / Kevlar; Front Bumper / Matte Carbon,5,Bumper,170,Front Bumper,,,,170.0,0.0,0.0,Retain current — bumper evidence sparse,Review,UPDATE SITE,Chinese extract does not contain enough consistent full-bumper observations for a bulk overwrite.
🟠 Toyota,Supra Top Secret V12 Style Body Kit,Complete Body Kit / Fiberglass (FRP),1,Full Body Kit,220,Full Body Kit,,,,,,,Manual multi-carton,Manual,REVIEW,Full kits require the sum of each component carton; do not use one generic Shopify weight.
🟠 Toyota,Supra Top Secret V12 Style Body Kit,Rear Bumper / Fiberglass (FRP); Rear Bumper / Forged Carbon; Rear Bumper / Gloss Carbon; Rear Bumper / Kevlar; Rear Bumper / Matte Carbon,5,Bumper,170,Rear Bumper,,,,170.0,0.0,0.0,Retain current — bumper evidence sparse,Review,UPDATE SITE,Chinese extract does not contain enough consistent full-bumper observations for a bulk overwrite.
🟠 Toyota,Supra Top Secret V12 Style Body Kit,Rear Fender / Fiberglass (FRP); Rear Fender / Forged Carbon; Rear Fender / Gloss Carbon; Rear Fender / Kevlar; Rear Fender / Matte Carbon,5,Rear Fender,62,Rear Fender,,,,62.0,0.0,0.0,Retain current — chassis dependent,Review,UPDATE SITE,No reliable exact chassis match; broad category data is too variable for a safe overwrite.
🟠 Toyota,Supra VeilSide Style Body Kit,Front Bumper / Fiberglass (FRP); Front Bumper / Forged Carbon; Front Bumper / Gloss Carbon; Front Bumper / Kevlar; Front Bumper / Matte Carbon,5,Bumper,170,Front Bumper,,,,170.0,0.0,0.0,Retain current — bumper evidence sparse,Review,UPDATE SITE,Chinese extract does not contain enough consistent full-bumper observations for a bulk overwrite.
🟠 Toyota,Supra VeilSide Style Body Kit,Complete Body Kit / Fiberglass (FRP),1,Full Body Kit,220,Full Body Kit,,,,,,,Manual multi-carton,Manual,REVIEW,Full kits require the sum of each component carton; do not use one generic Shopify weight.
🟠 Toyota,Supra VeilSide Style Body Kit,Mirror / Fiberglass (FRP); Mirror / Forged Carbon; Mirror / Gloss Carbon; Mirror / Kevlar; Mirror / Matte Carbon,5,Mirror Cover,6,Mirror Cover,,,,6.0,0.0,0.0,Retain current actual/manual weight,Existing,KEEP,No defensible dimensional override from the partner extract.
🟠 Toyota,Supra VeilSide Style Hood,All variants,8,Hood,98,Hood,161.0,151.0,20.0,98.0,0.0,0.0,Established ETi hood tier,Established,KEEP,Retain the established ETi large hood tier.
🟠 Toyota,Supra ZEEK Style Front Bumper,All variants,5,Bumper,170,Front Bumper,,,,170.0,0.0,0.0,Retain current — bumper evidence sparse,Review,UPDATE SITE,Chinese extract does not contain enough consistent full-bumper observations for a bulk overwrite.
🟠 Toyota,Toyota Alphard 30 Kulk Racing 1 Body Kit,Complete Body Kit / Fiberglass (FRP),1,Full Body Kit,200,Full Body Kit,,,,,,,Manual multi-carton,Manual,REVIEW,Full kits require the sum of each component carton; do not use one generic Shopify weight.
🟠 Toyota,Toyota Alphard 30 Kulk Racing 2 Body Kit,Complete Body Kit / Fiberglass (FRP),1,Full Body Kit,200,Full Body Kit,,,,,,,Manual multi-carton,Manual,REVIEW,Full kits require the sum of each component carton; do not use one generic Shopify weight.
🟠 Toyota,Toyota Alphard 30 Silk Blade Body Kit,Front Bumper / Fiberglass (FRP); Front Bumper / Forged Carbon; Front Bumper / Gloss Carbon; Front Bumper / Kevlar; Front Bumper / Matte Carbon,5,Bumper,140,Front Bumper,,,,140.0,0.0,0.0,Retain current — bumper evidence sparse,Review,UPDATE SITE,Chinese extract does not contain enough consistent full-bumper observations for a bulk overwrite.
🟠 Toyota,Toyota Alphard 30 Silk Blade Body Kit,Complete Body Kit / Fiberglass (FRP),1,Full Body Kit,200,Full Body Kit,,,,,,,Manual multi-carton,Manual,REVIEW,Full kits require the sum of each component carton; do not use one generic Shopify weight.
🟠 Toyota,Toyota Alphard 30 Silk Blade Body Kit,Rear Bumper / Fiberglass (FRP); Rear Bumper / Forged Carbon; Rear Bumper / Gloss Carbon; Rear Bumper / Kevlar; Rear Bumper / Matte Carbon,5,Bumper,140,Rear Bumper,,,,140.0,0.0,0.0,Retain current — bumper evidence sparse,Review,UPDATE SITE,Chinese extract does not contain enough consistent full-bumper observations for a bulk overwrite.
🟠 Toyota,Toyota Alphard 30 Silk Blade Body Kit,Trunk Side air inlet / Fiberglass (FRP); Trunk Side air inlet / Forged Carbon; Trunk Side air inlet / Gloss Carbon; Trunk Side air inlet / Kevlar; Trunk Side air inlet / Matte Carbon,5,Trunk/Boot,67,Trunk / Boot,,,,67.0,0.0,0.0,Retain current — chassis dependent,Review,UPDATE SITE,No reliable exact chassis match; broad category data is too variable for a safe overwrite.
🟠 Toyota,Toyota Altezza C-West Body Kit,Complete Body Kit / Fiberglass (FRP),1,Full Body Kit,200,Full Body Kit,,,,,,,Manual multi-carton,Manual,REVIEW,Full kits require the sum of each component carton; do not use one generic Shopify weight.
🟠 Toyota,Toyota FT86 GT86 Scion FR-S TRD Style Rear Under Diffuser,All variants,4,Accessory,30,Rear Diffuser,151.0,51.0,21.0,33.0,3.0,3.0,Cleaned category P75,Low,UPDATE SITE,Cleaned P75; full diffusers only. Representative carton: B-987-DIF-EPAGT / OD-0018908.
🟠 Toyota,Toyota FT86 PD V3 Body Kit,Front Canard Big / Forged Carbon; Front Canard Big / Gloss Carbon; Front Canard Big / Kevlar; Front Canard Big / Matte Carbon; Front Canard Small / Forged Carbon; Front Canard Small / Gloss Carbon; …,16,Canards,4,Canards,62.0,18.0,16.0,4.0,0.0,0.0,Exact vehicle + part P75,Low,UPDATE SITE,Matched FT86-CANA cleaned historical cartons.
🟠 Toyota,Toyota FT86 PD V3 Body Kit,Front Bumper / Fiberglass (FRP); Front Bumper / Forged Carbon; Front Bumper / Gloss Carbon; Front Bumper / Kevlar; Front Bumper / Matte Carbon,5,Bumper,140,Front Bumper,,,,140.0,0.0,0.0,Retain current — bumper evidence sparse,Review,UPDATE SITE,Chinese extract does not contain enough consistent full-bumper observations for a bulk overwrite.
🟠 Toyota,Toyota FT86 PD V3 Body Kit,Complete Body Kit / Fiberglass (FRP),1,Full Body Kit,200,Full Body Kit,,,,,,,Manual multi-carton,Manual,REVIEW,Full kits require the sum of each component carton; do not use one generic Shopify weight.
🟠 Toyota,Toyota FT86 PD V3 Body Kit,Rear Diffuser / Forged Carbon; Rear Diffuser / Gloss Carbon; Rear Diffuser / Kevlar; Rear Diffuser / Matte Carbon,4,Rear Diffuser,30,Rear Diffuser,151.0,51.0,21.0,33.0,3.0,3.0,Cleaned category P75,Low,UPDATE SITE,Cleaned P75; full diffusers only. Representative carton: B-987-DIF-EPAGT / OD-0018908.
🟠 Toyota,Toyota FT86 Pandem V3 Body Kit,Front Door / Fiberglass (FRP); Front Door / Forged Carbon; Front Door / Gloss Carbon; Front Door / Kevlar; Front Door / Matte Carbon,5,Door,51,Door,,,,51.0,0.0,0.0,Retain current — chassis dependent,Review,UPDATE SITE,No reliable exact chassis match; broad category data is too variable for a safe overwrite.
🟠 Toyota,Toyota FT86 Pandem V3 Body Kit,Complete Body Kit / Fiberglass (FRP),1,Full Body Kit,200,Full Body Kit,,,,,,,Manual multi-carton,Manual,REVIEW,Full kits require the sum of each component carton; do not use one generic Shopify weight.
🟠 Toyota,Toyota FT86 Pandem V3 Body Kit,Hood / Fiberglass (FRP); Hood / Forged Carbon; Hood / Gloss Carbon; Hood / Kevlar; Hood / Matte Carbon,5,Hood,74,Hood,170.0,133.0,16.0,73.0,-1.0,-1.0,Established ETi hood tier,Established,KEEP,Retain the established ETi standard hood tier.
🟠 Toyota,Toyota FT86 Pandem V3 Body Kit,Trunk / Fiberglass (FRP); Trunk / Forged Carbon; Trunk / Gloss Carbon; Trunk / Kevlar; Trunk / Matte Carbon,5,Trunk/Boot,67,Trunk / Boot,125.0,69.0,33.0,57.0,-10.0,-10.0,Exact vehicle + part P75,Low,UPDATE SITE,Matched FT86-TRUNK cleaned historical cartons.
🟠 Toyota,Toyota FT86 Varis V3 Body Kit,Complete Body Kit / Fiberglass (FRP),1,Full Body Kit,200,Full Body Kit,,,,,,,Manual multi-carton,Manual,REVIEW,Full kits require the sum of each component carton; do not use one generic Shopify weight.
🟠 Toyota,Toyota FT86 Varis V3 Body Kit,Rear Bumper / Fiberglass (FRP); Rear Bumper / Forged Carbon; Rear Bumper / Gloss Carbon; Rear Bumper / Kevlar; Rear Bumper / Matte Carbon,5,Bumper,140,Rear Bumper,,,,140.0,0.0,0.0,Retain current — bumper evidence sparse,Review,UPDATE SITE,Chinese extract does not contain enough consistent full-bumper observations for a bulk overwrite.
🟠 Toyota,Toyota Fortuner TRD New Body Kit,Complete Body Kit / Fiberglass (FRP),1,Full Body Kit,260,Full Body Kit,,,,,,,Manual multi-carton,Manual,REVIEW,Full kits require the sum of each component carton; do not use one generic Shopify weight.
🟠 Toyota,Toyota Fortuner TRD New Body Kit,Rear Diffuser / Forged Carbon; Rear Diffuser / Gloss Carbon; Rear Diffuser / Kevlar; Rear Diffuser / Matte Carbon,4,Rear Diffuser,62,Rear Diffuser,151.0,51.0,21.0,33.0,-29.0,-29.0,Cleaned category P75,Low,UPDATE SITE,Cleaned P75; full diffusers only. Representative carton: B-987-DIF-EPAGT / OD-0018908.
🟠 Toyota,Toyota GR86 Carbon Fiber Euro 1 Vented Hood,All variants,4,Hood,74,Hood,170.0,133.0,16.0,73.0,-1.0,-1.0,Established ETi hood tier,Established,KEEP,Retain the established ETi standard hood tier.
🟠 Toyota,Toyota GR86 Carbon Fiber Lambo Euro Vented Hood,All variants,4,Hood,74,Hood,170.0,133.0,16.0,73.0,-1.0,-1.0,Established ETi hood tier,Established,KEEP,Retain the established ETi standard hood tier.
🟠 Toyota,Toyota GR86 Carbon Fiber Mod-X Euro Vented Hood,All variants,4,Hood,74,Hood,170.0,133.0,16.0,73.0,-1.0,-1.0,Established ETi hood tier,Established,KEEP,Retain the established ETi standard hood tier.
🟠 Toyota,Toyota GR86 Pandem V1 Body Kit,All variants,5,Full Body Kit,200,Full Body Kit,,,,,,,Manual multi-carton,Manual,REVIEW,Full kits require the sum of each component carton; do not use one generic Shopify weight.
🟠 Toyota,Toyota GR86 Street Kit,Door / Fiberglass (FRP); Door / Forged Carbon; Door / Gloss Carbon; Door / Kevlar; Door / Matte Carbon,5,Door,51,Door,,,,51.0,0.0,0.0,Retain current — chassis dependent,Review,UPDATE SITE,No reliable exact chassis match; broad category data is too variable for a safe overwrite.
🟠 Toyota,Toyota GR86 Street Kit,Front Bumper / Fiberglass (FRP); Front Bumper / Forged Carbon; Front Bumper / Gloss Carbon; Front Bumper / Kevlar; Front Bumper / Matte Carbon,5,Bumper,140,Front Bumper,,,,140.0,0.0,0.0,Retain current — bumper evidence sparse,Review,UPDATE SITE,Chinese extract does not contain enough consistent full-bumper observations for a bulk overwrite.
🟠 Toyota,Toyota GR86 Street Kit,Front Fender / Fiberglass (FRP); Front Fender / Forged Carbon; Front Fender / Gloss Carbon; Front Fender / Kevlar; Front Fender / Matte Carbon,5,Front Fender,66,Front Fender,,,,66.0,0.0,0.0,Retain current — chassis dependent,Review,UPDATE SITE,No reliable exact chassis match; broad category data is too variable for a safe overwrite.
🟠 Toyota,Toyota GR86 Street Kit,Complete Body Kit / Fiberglass (FRP),1,Full Body Kit,200,Full Body Kit,,,,,,,Manual multi-carton,Manual,REVIEW,Full kits require the sum of each component carton; do not use one generic Shopify weight.
🟠 Toyota,Toyota GR86 Street Kit,Hood / Fiberglass (FRP); Hood / Forged Carbon; Hood / Gloss Carbon; Hood / Kevlar; Hood / Matte Carbon,5,Hood,74,Hood,170.0,133.0,16.0,73.0,-1.0,-1.0,Established ETi hood tier,Established,KEEP,Retain the established ETi standard hood tier.
🟠 Toyota,Toyota GR86 Street Kit,Rear Diffuser / Forged Carbon; Rear Diffuser / Gloss Carbon; Rear Diffuser / Kevlar; Rear Diffuser / Matte Carbon,4,Rear Diffuser,30,Rear Diffuser,151.0,51.0,21.0,33.0,3.0,3.0,Cleaned category P75,Low,UPDATE SITE,Cleaned P75; full diffusers only. Representative carton: B-987-DIF-EPAGT / OD-0018908.
🟠 Toyota,Toyota GR86 Street Kit,Rear Fender / Fiberglass (FRP); Rear Fender / Forged Carbon; Rear Fender / Gloss Carbon; Rear Fender / Kevlar; Rear Fender / Matte Carbon,5,Rear Fender,41,Rear Fender,,,,41.0,0.0,0.0,Retain current — chassis dependent,Review,UPDATE SITE,No reliable exact chassis match; broad category data is too variable for a safe overwrite.
🟠 Toyota,Toyota GT86 FT86 ZN6 Scion FR-S Vertex Front Lip,All variants,4,Front Lip,32,Front Lip / Splitter,167.0,66.0,24.0,53.0,21.0,21.0,Exact vehicle + part P75,Low,UPDATE SITE,Matched 86ZN-FL cleaned historical cartons.
🟠 Toyota,Toyota GT86 N Spec Rear Bumper,All variants,5,Bumper,140,Rear Bumper,,,,140.0,0.0,0.0,Retain current — bumper evidence sparse,Review,UPDATE SITE,Chinese extract does not contain enough consistent full-bumper observations for a bulk overwrite.
🟠 Toyota,Toyota GT86 RB Carbon Fiber Trunk,All variants,5,Trunk/Boot,67,Trunk / Boot,125.0,69.0,33.0,57.0,-10.0,-10.0,Exact vehicle + part P75,Low,UPDATE SITE,Matched FT86-TRUNK cleaned historical cartons.
🟠 Toyota,Toyota GT86 Rocket Bunny V1 Style Kit,Complete Body Kit / Fiberglass (FRP); Complete Body Kit / Forged Carbon; Complete Body Kit / Gloss Carbon; Complete Body Kit / Kevlar; Complete Body Kit / Matte Carbon,5,Full Body Kit,200,Full Body Kit,,,,,,,Manual multi-carton,Manual,REVIEW,Full kits require the sum of each component carton; do not use one generic Shopify weight.
🟠 Toyota,Toyota GT86 ZN Front Bumper,All variants,5,Bumper,140,Front Bumper,,,,140.0,0.0,0.0,Retain current — bumper evidence sparse,Review,UPDATE SITE,Chinese extract does not contain enough consistent full-bumper observations for a bulk overwrite.
🟠 Toyota,Toyota GT86 ZN Front Lip,All variants,4,Front Lip,32,Front Lip / Splitter,167.0,66.0,24.0,53.0,21.0,21.0,Exact vehicle + part P75,Low,UPDATE SITE,Matched 86ZN-FL cleaned historical cartons.
🟠 Toyota,Toyota GT86 ZN Rear Diffuser,All variants,4,Rear Diffuser,30,Rear Diffuser,151.0,51.0,21.0,33.0,3.0,3.0,Cleaned category P75,Low,UPDATE SITE,Cleaned P75; full diffusers only. Representative carton: B-987-DIF-EPAGT / OD-0018908.
🟠 Toyota,Toyota GT86 ZN6 Rear Fender Arches,All variants,5,Rear Fender,41,Fender Flare / Arch,126.0,43.0,15.0,17.0,-24.0,-24.0,Cleaned category P75,Low,UPDATE SITE,Small flare/arch pieces separated from full fenders. Representative carton: B-MX5-ARCH-RALLY-NC / OD-0020349.
🟠 Toyota,Toyota Harrier (New) Standard Body Kit,Complete Body Kit / Fiberglass (FRP),1,Full Body Kit,200,Full Body Kit,,,,,,,Manual multi-carton,Manual,REVIEW,Full kits require the sum of each component carton; do not use one generic Shopify weight.
🟠 Toyota,Toyota Harrier (New) Standard Body Kit,Rear Diffuser / Forged Carbon; Rear Diffuser / Gloss Carbon; Rear Diffuser / Kevlar; Rear Diffuser / Matte Carbon,4,Rear Diffuser,30,Rear Diffuser,151.0,51.0,21.0,33.0,3.0,3.0,Cleaned category P75,Low,UPDATE SITE,Cleaned P75; full diffusers only. Representative carton: B-987-DIF-EPAGT / OD-0018908.
🟠 Toyota,Toyota Hilux Vigo ETi Skirt Kit,Complete Body Kit / Fiberglass (FRP),1,Full Body Kit,260,Full Body Kit,,,,,,,Manual multi-carton,Manual,REVIEW,Full kits require the sum of each component carton; do not use one generic Shopify weight.
🟠 Toyota,Toyota Hilux Vigo ETi Skirt Kit,Rear Diffuser / Forged Carbon; Rear Diffuser / Gloss Carbon; Rear Diffuser / Kevlar; Rear Diffuser / Matte Carbon,4,Rear Diffuser,62,Rear Diffuser,151.0,51.0,21.0,33.0,-29.0,-29.0,Cleaned category P75,Low,UPDATE SITE,Cleaned P75; full diffusers only. Representative carton: B-987-DIF-EPAGT / OD-0018908.
🟠 Toyota,Toyota Lexus IS 250 Blitz Body Kit,All variants,1,Full Body Kit,200,Full Body Kit,,,,,,,Manual multi-carton,Manual,REVIEW,Full kits require the sum of each component carton; do not use one generic Shopify weight.
🟠 Toyota,Toyota Lexus IS 250 TOM'S Body Kit,Complete Body Kit / Fiberglass (FRP),1,Full Body Kit,200,Full Body Kit,,,,,,,Manual multi-carton,Manual,REVIEW,Full kits require the sum of each component carton; do not use one generic Shopify weight.
🟠 Toyota,Toyota Lexus RX Branew Skirt Body Kit,Complete Body Kit / Fiberglass (FRP),1,Full Body Kit,200,Full Body Kit,,,,,,,Manual multi-carton,Manual,REVIEW,Full kits require the sum of each component carton; do not use one generic Shopify weight.
🟠 Toyota,Toyota Lexus RX Branew Skirt Body Kit,Rear Diffuser / Forged Carbon; Rear Diffuser / Gloss Carbon; Rear Diffuser / Kevlar; Rear Diffuser / Matte Carbon,4,Rear Diffuser,30,Rear Diffuser,151.0,51.0,21.0,33.0,3.0,3.0,Cleaned category P75,Low,UPDATE SITE,Cleaned P75; full diffusers only. Representative carton: B-987-DIF-EPAGT / OD-0018908.
🟠 Toyota,Toyota MR2 AB-FULK Body Kit,All variants,1,Full Body Kit,156,Full Body Kit,,,,,,,Manual multi-carton,Manual,REVIEW,Full kits require the sum of each component carton; do not use one generic Shopify weight.
🟠 Toyota,Toyota MR2 Bomex Body Kit,Front Bumper / Fiberglass (FRP); Front Bumper / Forged Carbon; Front Bumper / Gloss Carbon; Front Bumper / Kevlar; Front Bumper / Matte Carbon,5,Bumper,105,Front Bumper,,,,105.0,0.0,0.0,Retain current — bumper evidence sparse,Review,UPDATE SITE,Chinese extract does not contain enough consistent full-bumper observations for a bulk overwrite.
🟠 Toyota,Toyota MR2 Bomex Body Kit,Complete Body Kit / Fiberglass (FRP),1,Full Body Kit,156,Full Body Kit,,,,,,,Manual multi-carton,Manual,REVIEW,Full kits require the sum of each component carton; do not use one generic Shopify weight.
🟠 Toyota,Toyota MR2 TRD GT2000 Body Kit 10pcs,Front Bumper / Fiberglass (FRP); Front Bumper / Forged Carbon; Front Bumper / Gloss Carbon; Front Bumper / Kevlar; Front Bumper / Matte Carbon,5,Bumper,105,Front Bumper,,,,105.0,0.0,0.0,Retain current — bumper evidence sparse,Review,UPDATE SITE,Chinese extract does not contain enough consistent full-bumper observations for a bulk overwrite.
🟠 Toyota,Toyota MR2 TRD GT2000 Body Kit 10pcs,Front Fender / Fiberglass (FRP); Front Fender / Forged Carbon; Front Fender / Gloss Carbon; Front Fender / Kevlar; Front Fender / Matte Carbon,5,Front Fender,46,Front Fender,,,,46.0,0.0,0.0,Retain current — chassis dependent,Review,UPDATE SITE,No reliable exact chassis match; broad category data is too variable for a safe overwrite.
🟠 Toyota,Toyota MR2 TRD GT2000 Body Kit 10pcs,Complete Body Kit / Fiberglass (FRP),1,Full Body Kit,156,Full Body Kit,,,,,,,Manual multi-carton,Manual,REVIEW,Full kits require the sum of each component carton; do not use one generic Shopify weight.
🟠 Toyota,Toyota MR2 TRD GT2000 Body Kit 10pcs,Rear Bumper / Fiberglass (FRP); Rear Bumper / Forged Carbon; Rear Bumper / Gloss Carbon; Rear Bumper / Kevlar; Rear Bumper / Matte Carbon,5,Bumper,105,Rear Bumper,,,,105.0,0.0,0.0,Retain current — bumper evidence sparse,Review,UPDATE SITE,Chinese extract does not contain enough consistent full-bumper observations for a bulk overwrite.
🟠 Toyota,Toyota MR2 TRD GT2000 Body Kit 10pcs,Rear Fender / Fiberglass (FRP); Rear Fender / Forged Carbon; Rear Fender / Gloss Carbon; Rear Fender / Kevlar; Rear Fender / Matte Carbon,5,Rear Fender,30,Rear Fender,,,,30.0,0.0,0.0,Retain current — chassis dependent,Review,UPDATE SITE,No reliable exact chassis match; broad category data is too variable for a safe overwrite.
🟠 Toyota,Toyota MRS Aero Kit,Fender / Fiberglass (FRP); Fender / Forged Carbon; Fender / Gloss Carbon; Fender / Kevlar; Fender / Matte Carbon,5,Accessory,46,Accessory,,,,46.0,0.0,0.0,Retain current actual/manual weight,Existing,KEEP,No defensible dimensional override from the partner extract.
🟠 Toyota,Toyota MRS Aero Kit,Flare / Fiberglass (FRP); Flare / Forged Carbon; Flare / Gloss Carbon; Flare / Kevlar; Flare / Matte Carbon,5,Accessory,30,Accessory,,,,30.0,0.0,0.0,Retain current actual/manual weight,Existing,KEEP,No defensible dimensional override from the partner extract.
🟠 Toyota,Toyota MRS Aero Kit,Complete Body Kit / Fiberglass (FRP),1,Full Body Kit,156,Full Body Kit,,,,,,,Manual multi-carton,Manual,REVIEW,Full kits require the sum of each component carton; do not use one generic Shopify weight.
🟠 Toyota,Toyota MRS Full Kit,Cover / Fiberglass (FRP); Cover / Forged Carbon; Cover / Gloss Carbon; Cover / Kevlar; Cover / Matte Carbon; Front Vent Carbon / Fiberglass (FRP); …,25,Accessory,5,Accessory,,,,5.0,0.0,0.0,Retain current actual/manual weight,Existing,KEEP,No defensible dimensional override from the partner extract.
🟠 Toyota,Toyota MRS Full Kit,Fender / Fiberglass (FRP); Fender / Forged Carbon; Fender / Gloss Carbon; Fender / Kevlar; Fender / Matte Carbon,5,Accessory,46,Accessory,,,,46.0,0.0,0.0,Retain current actual/manual weight,Existing,KEEP,No defensible dimensional override from the partner extract.
🟠 Toyota,Toyota MRS Full Kit,Front Door / Fiberglass (FRP); Front Door / Forged Carbon; Front Door / Gloss Carbon; Front Door / Kevlar; Front Door / Matte Carbon,5,Door,40,Door,,,,40.0,0.0,0.0,Retain current — chassis dependent,Review,UPDATE SITE,No reliable exact chassis match; broad category data is too variable for a safe overwrite.
🟠 Toyota,Toyota MRS Full Kit,Complete Body Kit / Fiberglass (FRP),1,Full Body Kit,156,Full Body Kit,,,,,,,Manual multi-carton,Manual,REVIEW,Full kits require the sum of each component carton; do not use one generic Shopify weight.
🟠 Toyota,Toyota MRS Full Kit,Mirror / Fiberglass (FRP); Mirror / Forged Carbon; Mirror / Gloss Carbon; Mirror / Kevlar; Mirror / Matte Carbon,5,Mirror Cover,6,Mirror Cover,,,,6.0,0.0,0.0,Retain current actual/manual weight,Existing,KEEP,No defensible dimensional override from the partner extract.
🟠 Toyota,Toyota MRS Full Kit,Front Diffuser / Forged Carbon; Front Diffuser / Gloss Carbon; Front Diffuser / Kevlar; Front Diffuser / Matte Carbon,4,Front Lip,12,Rear Diffuser,151.0,51.0,21.0,33.0,21.0,21.0,Cleaned category P75,Low,UPDATE SITE,Cleaned P75; full diffusers only. Representative carton: B-987-DIF-EPAGT / OD-0018908.
🟠 Toyota,Toyota MRS Gemballa Mirage Body Kit,All variants,5,Bumper,105,Front Bumper,,,,105.0,0.0,0.0,Retain current — bumper evidence sparse,Review,UPDATE SITE,Chinese extract does not contain enough consistent full-bumper observations for a bulk overwrite.
🟠 Toyota,Toyota MRS Porsche Carrera GT Widebody Core Kit,Rear Fender / Fiberglass (FRP); Rear Fender / Forged Carbon; Rear Fender / Gloss Carbon; Rear Fender / Kevlar; Rear Fender / Matte Carbon,5,Rear Fender,30,Fender Flare / Arch,126.0,43.0,15.0,17.0,-13.0,-13.0,Cleaned category P75,Low,UPDATE SITE,Small flare/arch pieces separated from full fenders. Representative carton: B-MX5-ARCH-RALLY-NC / OD-0020349.
🟠 Toyota,Toyota MRS Porsche Carrera GT Widebody Core Kit,Front Fender / Fiberglass (FRP); Front Fender / Forged Carbon; Front Fender / Gloss Carbon; Front Fender / Kevlar; Front Fender / Matte Carbon,5,Front Fender,46,Front Fender,,,,46.0,0.0,0.0,Retain current — chassis dependent,Review,UPDATE SITE,No reliable exact chassis match; broad category data is too variable for a safe overwrite.
🟠 Toyota,Toyota MRS Porsche Carrera GT Widebody Core Kit,Complete Body Kit / Fiberglass (FRP),1,Full Body Kit,156,Full Body Kit,,,,,,,Manual multi-carton,Manual,REVIEW,Full kits require the sum of each component carton; do not use one generic Shopify weight.
🟠 Toyota,Toyota MRS Porsche Carrera GT Widebody Core Kit,Rear Bumper / Fiberglass (FRP); Rear Bumper / Forged Carbon; Rear Bumper / Gloss Carbon; Rear Bumper / Kevlar; Rear Bumper / Matte Carbon,5,Bumper,105,Rear Bumper,,,,105.0,0.0,0.0,Retain current — bumper evidence sparse,Review,UPDATE SITE,Chinese extract does not contain enough consistent full-bumper observations for a bulk overwrite.
🟠 Toyota,Toyota Majesty OP Aimgen Body Kit,Complete Body Kit / Fiberglass (FRP),1,Full Body Kit,200,Full Body Kit,,,,,,,Manual multi-carton,Manual,REVIEW,Full kits require the sum of each component carton; do not use one generic Shopify weight.
🟠 Toyota,Toyota New Camry ETi Street Body Kit,Complete Body Kit / Fiberglass (FRP),1,Full Body Kit,200,Full Body Kit,,,,,,,Manual multi-carton,Manual,REVIEW,Full kits require the sum of each component carton; do not use one generic Shopify weight.
🟠 Toyota,Toyota New Camry ETi VIP1 Body Kit,All variants,5,Bumper,140,Front Bumper,,,,140.0,0.0,0.0,Retain current — bumper evidence sparse,Review,UPDATE SITE,Chinese extract does not contain enough consistent full-bumper observations for a bulk overwrite.
🟠 Toyota,Toyota New Camry Full Bumper Body Kit,All variants,5,Bumper,140,Rear Bumper,,,,140.0,0.0,0.0,Retain current — bumper evidence sparse,Review,UPDATE SITE,Chinese extract does not contain enough consistent full-bumper observations for a bulk overwrite.
🟠 Toyota,Toyota Vellfire 20 Wald Body Kit,Door / Fiberglass (FRP); Door / Forged Carbon; Door / Gloss Carbon; Door / Kevlar; Door / Matte Carbon,5,Door,51,Door,,,,51.0,0.0,0.0,Retain current — chassis dependent,Review,UPDATE SITE,No reliable exact chassis match; broad category data is too variable for a safe overwrite.
🟠 Toyota,Toyota Vellfire 20 Wald Body Kit,Front Bumper / Fiberglass (FRP); Front Bumper / Forged Carbon; Front Bumper / Gloss Carbon; Front Bumper / Kevlar; Front Bumper / Matte Carbon,5,Bumper,140,Front Bumper,,,,140.0,0.0,0.0,Retain current — bumper evidence sparse,Review,UPDATE SITE,Chinese extract does not contain enough consistent full-bumper observations for a bulk overwrite.
🟠 Toyota,Toyota Vellfire 20 Wald Body Kit,Complete Body Kit / Fiberglass (FRP),1,Full Body Kit,200,Full Body Kit,,,,,,,Manual multi-carton,Manual,REVIEW,Full kits require the sum of each component carton; do not use one generic Shopify weight.
🟠 Toyota,Toyota Vellfire 20 Wald Body Kit,Rear Bumper / Fiberglass (FRP); Rear Bumper / Forged Carbon; Rear Bumper / Gloss Carbon; Rear Bumper / Kevlar; Rear Bumper / Matte Carbon,5,Bumper,140,Rear Bumper,,,,140.0,0.0,0.0,Retain current — bumper evidence sparse,Review,UPDATE SITE,Chinese extract does not contain enough consistent full-bumper observations for a bulk overwrite.
🟠 Toyota,Toyota Wish ETi Bumper Body Kit,All variants,5,Bumper,140,Front Bumper,,,,140.0,0.0,0.0,Retain current — bumper evidence sparse,Review,UPDATE SITE,Chinese extract does not contain enough consistent full-bumper observations for a bulk overwrite.
🟠 Toyota,Toyota Wish Ken Style (Full) Body Kit,Front Bumper / Fiberglass (FRP); Front Bumper / Forged Carbon; Front Bumper / Gloss Carbon; Front Bumper / Kevlar; Front Bumper / Matte Carbon,5,Bumper,140,Front Bumper,,,,140.0,0.0,0.0,Retain current — bumper evidence sparse,Review,UPDATE SITE,Chinese extract does not contain enough consistent full-bumper observations for a bulk overwrite.
🟠 Toyota,Toyota Wish Ken Style (Full) Body Kit,Front Fender / Fiberglass (FRP); Front Fender / Forged Carbon; Front Fender / Gloss Carbon; Front Fender / Kevlar; Front Fender / Matte Carbon,5,Front Fender,66,Front Fender,,,,66.0,0.0,0.0,Retain current — chassis dependent,Review,UPDATE SITE,No reliable exact chassis match; broad category data is too variable for a safe overwrite.
🟠 Toyota,Toyota Wish Ken Style (Full) Body Kit,Complete Body Kit / Fiberglass (FRP),1,Full Body Kit,200,Full Body Kit,,,,,,,Manual multi-carton,Manual,REVIEW,Full kits require the sum of each component carton; do not use one generic Shopify weight.
🟠 Toyota,Toyota Wish Ken Style (Full) Body Kit,Rear Bumper / Fiberglass (FRP); Rear Bumper / Forged Carbon; Rear Bumper / Gloss Carbon; Rear Bumper / Kevlar; Rear Bumper / Matte Carbon,5,Bumper,140,Rear Bumper,,,,140.0,0.0,0.0,Retain current — bumper evidence sparse,Review,UPDATE SITE,Chinese extract does not contain enough consistent full-bumper observations for a bulk overwrite.
🟠 Toyota,Toyota Wish Ken Style Skirt Body Kit,Complete Body Kit / Fiberglass (FRP),1,Full Body Kit,200,Full Body Kit,,,,,,,Manual multi-carton,Manual,REVIEW,Full kits require the sum of each component carton; do not use one generic Shopify weight.
🟠 Toyota,Toyota Wish MC Eye Line Body Kit,All variants,5,Full Body Kit,200,Full Body Kit,,,,,,,Manual multi-carton,Manual,REVIEW,Full kits require the sum of each component carton; do not use one generic Shopify weight.
🟠 Toyota,Toyota Wish MC Ken Style Skirt Body Kit,Complete Body Kit / Fiberglass (FRP),1,Full Body Kit,200,Full Body Kit,,,,,,,Manual multi-carton,Manual,REVIEW,Full kits require the sum of each component carton; do not use one generic Shopify weight.
🟠 Toyota,Toyota Wish MC Ken Style Skirt Body Kit,Rear Diffuser / Forged Carbon; Rear Diffuser / Gloss Carbon; Rear Diffuser / Kevlar; Rear Diffuser / Matte Carbon,4,Rear Diffuser,30,Rear Diffuser,151.0,51.0,21.0,33.0,3.0,3.0,Cleaned category P75,Low,UPDATE SITE,Cleaned P75; full diffusers only. Representative carton: B-987-DIF-EPAGT / OD-0018908.
🟠 Toyota,Toyota Wish MC Modellita Skirt Body Kit,Complete Body Kit / Fiberglass (FRP),1,Full Body Kit,200,Full Body Kit,,,,,,,Manual multi-carton,Manual,REVIEW,Full kits require the sum of each component carton; do not use one generic Shopify weight.
🟠 Toyota,Toyota Wish MC Modellita Skirt Body Kit,Rear Diffuser / Forged Carbon; Rear Diffuser / Gloss Carbon; Rear Diffuser / Kevlar; Rear Diffuser / Matte Carbon,4,Rear Diffuser,30,Rear Diffuser,151.0,51.0,21.0,33.0,3.0,3.0,Cleaned category P75,Low,UPDATE SITE,Cleaned P75; full diffusers only. Representative carton: B-987-DIF-EPAGT / OD-0018908.
🟠 Toyota,Toyota Wish Modellita Body Kit,Complete Body Kit / Fiberglass (FRP),1,Full Body Kit,200,Full Body Kit,,,,,,,Manual multi-carton,Manual,REVIEW,Full kits require the sum of each component carton; do not use one generic Shopify weight.
🟠 Toyota,Toyota Wish Modellita Body Kit,Rear Diffuser / Forged Carbon; Rear Diffuser / Gloss Carbon; Rear Diffuser / Kevlar; Rear Diffuser / Matte Carbon,4,Rear Diffuser,30,Rear Diffuser,151.0,51.0,21.0,33.0,3.0,3.0,Cleaned category P75,Low,UPDATE SITE,Cleaned P75; full diffusers only. Representative carton: B-987-DIF-EPAGT / OD-0018908.
🟠 Toyota,Toyota Wish Skirt Body Kit,Front Fender / Fiberglass (FRP); Front Fender / Forged Carbon; Front Fender / Gloss Carbon; Front Fender / Kevlar; Front Fender / Matte Carbon,5,Front Fender,66,Front Fender,,,,66.0,0.0,0.0,Retain current — chassis dependent,Review,UPDATE SITE,No reliable exact chassis match; broad category data is too variable for a safe overwrite.
🟠 Toyota,Toyota Wish Skirt Body Kit,Complete Body Kit / Fiberglass (FRP),1,Full Body Kit,200,Full Body Kit,,,,,,,Manual multi-carton,Manual,REVIEW,Full kits require the sum of each component carton; do not use one generic Shopify weight.
🟠 Toyota,Toyota Wish Skirt Body Kit,Rear Fender / Fiberglass (FRP); Rear Fender / Forged Carbon; Rear Fender / Gloss Carbon; Rear Fender / Kevlar; Rear Fender / Matte Carbon,5,Rear Fender,41,Rear Fender,,,,41.0,0.0,0.0,Retain current — chassis dependent,Review,UPDATE SITE,No reliable exact chassis match; broad category data is too variable for a safe overwrite.
🟠 Toyota,Toyota Wish TRD Body Kit,All variants,5,Bumper,140,Front Bumper,,,,140.0,0.0,0.0,Retain current — bumper evidence sparse,Review,UPDATE SITE,Chinese extract does not contain enough consistent full-bumper observations for a bulk overwrite.
🟠 Toyota,Toyota Wish Wald Body Kit,Complete Body Kit / Fiberglass (FRP),1,Full Body Kit,200,Full Body Kit,,,,,,,Manual multi-carton,Manual,REVIEW,Full kits require the sum of each component carton; do not use one generic Shopify weight.
🟢 Nissan,ETi Aluminum Coolant Tank – Nissan GT-R R35,All variants,1,Accessory,5.5,Accessory,,,,5.5,0.0,0.0,Retain current actual/manual weight,Existing,KEEP,No defensible dimensional override from the partner extract.
🟢 Nissan,ETi NISSAN 200 SX ETi Carbon Fiber Hood,All variants,4,Hood,74,Hood,170.0,133.0,16.0,73.0,-1.0,-1.0,Established ETi hood tier,Established,KEEP,Retain the established ETi standard hood tier.
🟢 Nissan,ETi NISSAN 300 ZX ETi Carbon Fiber Hood,All variants,4,Hood,74,Hood,170.0,133.0,16.0,73.0,-1.0,-1.0,Established ETi hood tier,Established,KEEP,Retain the established ETi standard hood tier.
🟢 Nissan,ETi NISSAN CEFIRO A31 ETi V3 Carbon Fiber Hood,All variants,4,Hood,74,Hood,170.0,133.0,16.0,73.0,-1.0,-1.0,Established ETi hood tier,Established,KEEP,Retain the established ETi standard hood tier.
🟢 Nissan,ETi NISSAN JUKE ETi Carbon Fiber Fender,All variants,4,Accessory,66,Accessory,,,,66.0,0.0,0.0,Retain current actual/manual weight,Existing,KEEP,No defensible dimensional override from the partner extract.
🟢 Nissan,ETi NISSAN JUKE ETi Carbon Fiber Hood,All variants,4,Hood,74,Hood,170.0,133.0,16.0,73.0,-1.0,-1.0,Established ETi hood tier,Established,KEEP,Retain the established ETi standard hood tier.
🟢 Nissan,ETi NISSAN R32 GTR Carbon Fiber Hood,All variants,4,Hood,98,Hood,161.0,151.0,20.0,98.0,0.0,0.0,Established ETi hood tier,Established,KEEP,Retain the established ETi large hood tier.
🟢 Nissan,ETi NISSAN R32 GTS JP GTS Carbon Fiber Hood,All variants,4,Hood,98,Hood,161.0,151.0,20.0,98.0,0.0,0.0,Established ETi hood tier,Established,KEEP,Retain the established ETi large hood tier.
🟢 Nissan,ETi NISSAN R33 GTR Carbon Fiber Hood,All variants,4,Hood,98,Hood,161.0,151.0,20.0,98.0,0.0,0.0,Established ETi hood tier,Established,KEEP,Retain the established ETi large hood tier.
🟢 Nissan,ETi NISSAN R33 GTS GTS Carbon Fiber Hood,All variants,4,Hood,98,Hood,161.0,151.0,20.0,98.0,0.0,0.0,Established ETi hood tier,Established,KEEP,Retain the established ETi large hood tier.
🟢 Nissan,ETi NISSAN R34 GTR ETi Carbon Fiber Hood,All variants,4,Hood,98,Hood,161.0,151.0,20.0,98.0,0.0,0.0,Established ETi hood tier,Established,KEEP,Retain the established ETi large hood tier.
🟢 Nissan,ETi NISSAN R35 08-15 Air Dam Carbon Fiber Hood,All variants,4,Hood,98,Hood,161.0,151.0,20.0,98.0,0.0,0.0,Established ETi hood tier,Established,KEEP,Retain the established ETi large hood tier.
🟢 Nissan,ETi NISSAN R35 08-15 GT Carbon Fiber Hood,All variants,4,Hood,98,Hood,161.0,151.0,20.0,98.0,0.0,0.0,Established ETi hood tier,Established,KEEP,Retain the established ETi large hood tier.
🟢 Nissan,ETi NISSAN R35 08-15 GT500 Carbon Fiber Hood,All variants,4,Hood,98,Hood,161.0,151.0,20.0,98.0,0.0,0.0,Established ETi hood tier,Established,KEEP,Retain the established ETi large hood tier.
🟢 Nissan,ETi NISSAN R35 TOP Carbon Fiber Spoiler,All variants,4,Spoiler/Wing,30,Standard Spoiler / Wing,137.0,45.0,13.0,17.0,-13.0,-13.0,Exact vehicle + part P75,Low,UPDATE SITE,Matched R35-RS cleaned historical cartons.
🟢 Nissan,ETi NISSAN S14 ETi Carbon Fiber Hood,All variants,4,Hood,74,Hood,170.0,133.0,16.0,73.0,-1.0,-1.0,Established ETi hood tier,Established,KEEP,Retain the established ETi standard hood tier.
🟢 Nissan,ETi NISSAN S14 MC ETi Carbon Fiber Hood,All variants,4,Hood,74,Hood,170.0,133.0,16.0,73.0,-1.0,-1.0,Established ETi hood tier,Established,KEEP,Retain the established ETi standard hood tier.
🟢 Nissan,ETi NISSAN S14 MC ETi V2 Carbon Fiber Hood,All variants,4,Hood,74,Hood,170.0,133.0,16.0,73.0,-1.0,-1.0,Established ETi hood tier,Established,KEEP,Retain the established ETi standard hood tier.
🟢 Nissan,ETi NISSAN S14 MC JP Carbon Fiber Hood,All variants,4,Hood,74,Hood,170.0,133.0,16.0,73.0,-1.0,-1.0,Established ETi hood tier,Established,KEEP,Retain the established ETi standard hood tier.
🟢 Nissan,ETi NISSAN S15 GTR Carbon Fiber Hood,All variants,4,Hood,98,Hood,161.0,151.0,20.0,98.0,0.0,0.0,Established ETi hood tier,Established,KEEP,Retain the established ETi large hood tier.
🟢 Nissan,ETi NISSAN SKYLINE R35 REVO Carbon Fiber Trunk,All variants,4,Trunk/Boot,107,Trunk / Boot,,,,107.0,0.0,0.0,Retain current — chassis dependent,Review,UPDATE SITE,No reliable exact chassis match; broad category data is too variable for a safe overwrite.
🟢 Nissan,ETi Nissan 180SX M Sport Body Kit,All variants,4,Full Body Kit,200,Full Body Kit,,,,,,,Manual multi-carton,Manual,REVIEW,Full kits require the sum of each component carton; do not use one generic Shopify weight.
🟢 Nissan,ETi Nissan 200SX Carbon Fiber Door,All variants,2,Door,51,Door,,,,51.0,0.0,0.0,Retain current — chassis dependent,Review,UPDATE SITE,No reliable exact chassis match; broad category data is too variable for a safe overwrite.
🟢 Nissan,ETi Nissan 200SX Carbon Fiber Doors,All variants,4,Door,51,Door,,,,51.0,0.0,0.0,Retain current — chassis dependent,Review,UPDATE SITE,No reliable exact chassis match; broad category data is too variable for a safe overwrite.
🟢 Nissan,ETi Nissan 200SX Carbon Fiber Front Bumper,All variants,5,Bumper,140,Front Bumper,,,,140.0,0.0,0.0,Retain current — bumper evidence sparse,Review,UPDATE SITE,Chinese extract does not contain enough consistent full-bumper observations for a bulk overwrite.
🟢 Nissan,ETi Nissan 200SX JP JP Carbon Fiber Hood,All variants,4,Hood,74,Hood,170.0,133.0,16.0,73.0,-1.0,-1.0,Established ETi hood tier,Established,KEEP,Retain the established ETi standard hood tier.
🟢 Nissan,ETi Nissan 200SX Widebody Body Kit,Rear Fender / Fiberglass (FRP); Rear Fender / Forged Carbon; Rear Fender / Gloss Carbon; Rear Fender / Kevlar; Rear Fender / Matte Carbon,5,Rear Fender,41,Fender Flare / Arch,126.0,43.0,15.0,17.0,-24.0,-24.0,Cleaned category P75,Low,UPDATE SITE,Small flare/arch pieces separated from full fenders. Representative carton: B-MX5-ARCH-RALLY-NC / OD-0020349.
🟢 Nissan,ETi Nissan 200SX Widebody Body Kit,Front Fender / Fiberglass (FRP); Front Fender / Forged Carbon; Front Fender / Gloss Carbon; Front Fender / Kevlar; Front Fender / Matte Carbon,5,Front Fender,66,Front Fender,,,,66.0,0.0,0.0,Retain current — chassis dependent,Review,UPDATE SITE,No reliable exact chassis match; broad category data is too variable for a safe overwrite.
🟢 Nissan,ETi Nissan 200SX Widebody Body Kit,Complete Body Kit / Fiberglass (FRP),1,Full Body Kit,200,Full Body Kit,,,,,,,Manual multi-carton,Manual,REVIEW,Full kits require the sum of each component carton; do not use one generic Shopify weight.
🟢 Nissan,ETi Nissan 200SX Widebody Kit,All variants,1,Full Body Kit,200,Full Body Kit,,,,,,,Manual multi-carton,Manual,REVIEW,Full kits require the sum of each component carton; do not use one generic Shopify weight.
🟢 Nissan,ETi Nissan 350Z Rear Glass Louvers,All variants,5,Accessory,10,Accessory,,,,10.0,0.0,0.0,Retain current actual/manual weight,Existing,KEEP,No defensible dimensional override from the partner extract.
🟢 Nissan,ETi Nissan 350Z Seido Ducktail,All variants,1,Accessory,17,Accessory,,,,17.0,0.0,0.0,Retain current actual/manual weight,Existing,KEEP,No defensible dimensional override from the partner extract.
🟢 Nissan,ETi Nissan 370Z Engine Bay Cover Kit – (5-Piece Set),All variants,5,Accessory,10,Accessory,,,,10.0,0.0,0.0,Retain current actual/manual weight,Existing,KEEP,No defensible dimensional override from the partner extract.
🟢 Nissan,ETi Nissan 370Z Raikou Style Kit,All variants,5,Accessory,200,Accessory,,,,200.0,0.0,0.0,Retain current actual/manual weight,Existing,KEEP,No defensible dimensional override from the partner extract.
🟢 Nissan,ETi Nissan 370Z Rear Glass Louvers,All variants,5,Accessory,10,Accessory,,,,10.0,0.0,0.0,Retain current actual/manual weight,Existing,KEEP,No defensible dimensional override from the partner extract.
🟢 Nissan,ETi Nissan A31 Carbon Fiber Roof,All variants,4,Roof Panel,55,Roof Panel,,,,55.0,0.0,0.0,Retain current — chassis dependent,Review,UPDATE SITE,No reliable exact chassis match; broad category data is too variable for a safe overwrite.
🟢 Nissan,ETi Nissan Cefiro 31 Widebody Body Kit,All variants,5,Front Fender,66,Front Fender,,,,66.0,0.0,0.0,Retain current — chassis dependent,Review,UPDATE SITE,No reliable exact chassis match; broad category data is too variable for a safe overwrite.
🟢 Nissan,ETi Nissan Cefiro A31 Front Carbon Fiber Doors,All variants,4,Door,51,Door,,,,51.0,0.0,0.0,Retain current — chassis dependent,Review,UPDATE SITE,No reliable exact chassis match; broad category data is too variable for a safe overwrite.
🟢 Nissan,ETi Nissan Cefiro A31 wide Rear Carbon Fiber Doors,All variants,4,Door,51,Door,,,,51.0,0.0,0.0,Retain current — chassis dependent,Review,UPDATE SITE,No reliable exact chassis match; broad category data is too variable for a safe overwrite.
🟢 Nissan,ETi Nissan GTR R35 Carbon Fiber Roof,All variants,4,Roof Panel,72,Roof Panel,,,,72.0,0.0,0.0,Retain current — chassis dependent,Review,UPDATE SITE,No reliable exact chassis match; broad category data is too variable for a safe overwrite.
🟢 Nissan,ETi Nissan Juke Body Kit,Front Fender / Fiberglass (FRP); Front Fender / Forged Carbon; Front Fender / Gloss Carbon; Front Fender / Kevlar; Front Fender / Matte Carbon,5,Front Fender,66,Front Fender,,,,66.0,0.0,0.0,Retain current — chassis dependent,Review,UPDATE SITE,No reliable exact chassis match; broad category data is too variable for a safe overwrite.
🟢 Nissan,ETi Nissan Juke Body Kit,Complete Body Kit / Fiberglass (FRP),1,Full Body Kit,200,Full Body Kit,,,,,,,Manual multi-carton,Manual,REVIEW,Full kits require the sum of each component carton; do not use one generic Shopify weight.
🟢 Nissan,ETi Nissan R32 GTR TS Style Diffuser,All variants,4,Accessory,48,Rear Diffuser,151.0,51.0,21.0,33.0,-15.0,-15.0,Cleaned category P75,Low,UPDATE SITE,Cleaned P75; full diffusers only. Representative carton: B-987-DIF-EPAGT / OD-0018908.
🟢 Nissan,ETi Nissan R35 Carbon Fiber Hood,All variants,4,Hood,98,Hood,161.0,151.0,20.0,98.0,0.0,0.0,Established ETi hood tier,Established,KEEP,Retain the established ETi large hood tier.
🟢 Nissan,ETi Nissan R35 Dry Carbon Hood,All variants,4,Hood,98,Hood,161.0,151.0,20.0,98.0,0.0,0.0,Established ETi hood tier,Established,KEEP,Retain the established ETi large hood tier.
🟢 Nissan,ETi Nissan R35 GT-R Lightweight Roof,All variants,5,Roof Panel,72,Roof Panel,,,,72.0,0.0,0.0,Retain current — chassis dependent,Review,UPDATE SITE,No reliable exact chassis match; broad category data is too variable for a safe overwrite.
🟢 Nissan,ETi Nissan R35 GTR GT-R CBA DBA GTII Style Hood,All variants,4,Hood,98,Hood,161.0,151.0,20.0,98.0,0.0,0.0,Established ETi hood tier,Established,KEEP,Retain the established ETi large hood tier.
🟢 Nissan,ETi Nissan S13 / 200SX / 180SX Carbon Fiber Rear Hatch,All variants,9,Trunk/Boot,67,Trunk / Boot,,,,67.0,0.0,0.0,Retain current — chassis dependent,Review,UPDATE SITE,No reliable exact chassis match; broad category data is too variable for a safe overwrite.
🟢 Nissan,ETi Nissan S13 / 200SX / 180SX Rear Diffuser,All variants,4,Rear Diffuser,30,Rear Diffuser,151.0,51.0,21.0,33.0,3.0,3.0,Cleaned category P75,Low,UPDATE SITE,Cleaned P75; full diffusers only. Representative carton: B-987-DIF-EPAGT / OD-0018908.
🟢 Nissan,ETi Nissan S13 JP JP Carbon Fiber Hood,All variants,4,Hood,74,Hood,170.0,133.0,16.0,73.0,-1.0,-1.0,Established ETi hood tier,Established,KEEP,Retain the established ETi standard hood tier.
🟢 Nissan,ETi Nissan S14 Carbon Fiber Trunk,All variants,5,Trunk/Boot,67,Trunk / Boot,,,,67.0,0.0,0.0,Retain current — chassis dependent,Review,UPDATE SITE,No reliable exact chassis match; broad category data is too variable for a safe overwrite.
🟢 Nissan,ETi Nissan S15 JP JP Carbon Fiber Hood,All variants,4,Hood,74,Hood,170.0,133.0,16.0,73.0,-1.0,-1.0,Established ETi hood tier,Established,KEEP,Retain the established ETi standard hood tier.
🟢 Nissan,ETi Nissan S15 Racing Dashboard,All variants,5,Full Dashboard,95,Full Dashboard,,,,95.0,0.0,0.0,Retain current actual/manual weight,Existing,KEEP,No defensible dimensional override from the partner extract.
🟢 Nissan,ETi Nissan Skyline R32 Carbon Fiber Doors,All variants,4,Door,64,Door,,,,64.0,0.0,0.0,Retain current — chassis dependent,Review,UPDATE SITE,No reliable exact chassis match; broad category data is too variable for a safe overwrite.
🟢 Nissan,ETi Nissan Skyline R32 GTR Drag Style Hood,All variants,4,Hood,98,Hood,161.0,151.0,20.0,98.0,0.0,0.0,Established ETi hood tier,Established,KEEP,Retain the established ETi large hood tier.
🟢 Nissan,ETi Nissan Skyline R34 Tail Light Covers,All variants,5,Fog Cover,5,Fog / Light Cover,,,,5.0,0.0,0.0,Retain current actual/manual weight,Existing,UPDATE SITE,No defensible dimensional override from the partner extract.
🟢 Nissan,ETi Nissan Skyline R34 Z-Tune Style Front Fenders,All variants,5,Front Fender,78,Front Fender,,,,78.0,0.0,0.0,Retain current — chassis dependent,Review,UPDATE SITE,No reliable exact chassis match; broad category data is too variable for a safe overwrite.
🟢 Nissan,NISSAN 200 SX MINOR Body Kit,Complete Body Kit / Fiberglass (FRP),1,Full Body Kit,200,Full Body Kit,,,,,,,Manual multi-carton,Manual,REVIEW,Full kits require the sum of each component carton; do not use one generic Shopify weight.
🟢 Nissan,NISSAN 200 SX MINOR Body Kit,Rear Diffuser / Forged Carbon; Rear Diffuser / Gloss Carbon; Rear Diffuser / Kevlar; Rear Diffuser / Matte Carbon,4,Rear Diffuser,30,Rear Diffuser,151.0,51.0,21.0,33.0,3.0,3.0,Cleaned category P75,Low,UPDATE SITE,Cleaned P75; full diffusers only. Representative carton: B-987-DIF-EPAGT / OD-0018908.
🟢 Nissan,NISSAN 200 SX widebody Body Kit,All variants,5,Rear Fender,41,Fender Flare / Arch,126.0,43.0,15.0,17.0,-24.0,-24.0,Cleaned category P75,Low,UPDATE SITE,Small flare/arch pieces separated from full fenders. Representative carton: B-MX5-ARCH-RALLY-NC / OD-0020349.
🟢 Nissan,NISSAN JUKE Ken style Body Kit,All variants,1,Full Body Kit,200,Full Body Kit,,,,,,,Manual multi-carton,Manual,REVIEW,Full kits require the sum of each component carton; do not use one generic Shopify weight.
🟢 Nissan,NISSAN JUKE Standard Body Kit,Complete Body Kit / Fiberglass (FRP),1,Full Body Kit,200,Full Body Kit,,,,,,,Manual multi-carton,Manual,REVIEW,Full kits require the sum of each component carton; do not use one generic Shopify weight.
🟢 Nissan,NISSAN S15 KRR Body Kit,All variants,5,Front Fender,66,Front Fender,,,,66.0,0.0,0.0,Retain current — chassis dependent,Review,UPDATE SITE,No reliable exact chassis match; broad category data is too variable for a safe overwrite.
🟢 Nissan,NISSAN SILVIA S14 MC Standard Body Kit,All variants,5,Front Fender,66,Front Fender,,,,66.0,0.0,0.0,Retain current — chassis dependent,Review,UPDATE SITE,No reliable exact chassis match; broad category data is too variable for a safe overwrite.
🟢 Nissan,NISSAN SKYLINE GTR Body Kit,Complete Body Kit / Fiberglass (FRP),1,Full Body Kit,220,Full Body Kit,,,,,,,Manual multi-carton,Manual,REVIEW,Full kits require the sum of each component carton; do not use one generic Shopify weight.
🟢 Nissan,NISSAN SKYLINE GTR Body Kit,Spoiler / Fiberglass (FRP); Spoiler / Forged Carbon; Spoiler / Gloss Carbon; Spoiler / Kevlar; Spoiler / Matte Carbon,5,Spoiler/Wing,30,Standard Spoiler / Wing,133.0,43.0,26.0,30.0,0.0,0.0,Cleaned category P75,High,KEEP,Generic standard-wing fallback; exact vehicle evidence preferred. Representative carton: A-DE5-RS-AR2& / OD-0022319. Representative carton: B-YARISGR-RS-GV / OD-0027494.
🟢 Nissan,NISSAN SKYLINE R32 GTR Body Kit,Front Bumper / Fiberglass (FRP); Front Bumper / Forged Carbon; Front Bumper / Gloss Carbon; Front Bumper / Kevlar; Front Bumper / Matte Carbon,5,Bumper,170,Front Bumper,,,,170.0,0.0,0.0,Retain current — bumper evidence sparse,Review,UPDATE SITE,Chinese extract does not contain enough consistent full-bumper observations for a bulk overwrite.
🟢 Nissan,NISSAN SKYLINE R32 GTR Body Kit,Front Fender / Fiberglass (FRP); Front Fender / Forged Carbon; Front Fender / Gloss Carbon; Front Fender / Kevlar; Front Fender / Matte Carbon,5,Front Fender,78,Front Fender,148.0,76.0,34.0,77.0,-1.0,-1.0,Exact vehicle + part P75,Medium,KEEP,Matched R32-FF cleaned historical cartons.
🟢 Nissan,NISSAN SKYLINE R32 GTR Body Kit,Complete Body Kit / Fiberglass (FRP),1,Full Body Kit,220,Full Body Kit,,,,,,,Manual multi-carton,Manual,REVIEW,Full kits require the sum of each component carton; do not use one generic Shopify weight.
🟢 Nissan,NISSAN SKYLINE R32 GTR Body Kit,Rear Fender / Fiberglass (FRP); Rear Fender / Forged Carbon; Rear Fender / Gloss Carbon; Rear Fender / Kevlar; Rear Fender / Matte Carbon,5,Rear Fender,62,Rear Fender,,,,62.0,0.0,0.0,Retain current — chassis dependent,Review,UPDATE SITE,No reliable exact chassis match; broad category data is too variable for a safe overwrite.
🟢 Nissan,NISSAN SKYLINE R34 GTR Body Kit,Front Bumper / Fiberglass (FRP); Front Bumper / Forged Carbon; Front Bumper / Gloss Carbon; Front Bumper / Kevlar; Front Bumper / Matte Carbon,5,Bumper,170,Front Bumper,,,,170.0,0.0,0.0,Retain current — bumper evidence sparse,Review,UPDATE SITE,Chinese extract does not contain enough consistent full-bumper observations for a bulk overwrite.
🟢 Nissan,NISSAN SKYLINE R34 GTR Body Kit,Front Fender / Fiberglass (FRP); Front Fender / Forged Carbon; Front Fender / Gloss Carbon; Front Fender / Kevlar; Front Fender / Matte Carbon,5,Front Fender,78,Front Fender,,,,78.0,0.0,0.0,Retain current — chassis dependent,Review,UPDATE SITE,No reliable exact chassis match; broad category data is too variable for a safe overwrite.
🟢 Nissan,NISSAN SKYLINE R34 GTR Body Kit,Complete Body Kit / Fiberglass (FRP),1,Full Body Kit,220,Full Body Kit,,,,,,,Manual multi-carton,Manual,REVIEW,Full kits require the sum of each component carton; do not use one generic Shopify weight.
🟢 Nissan,NISSAN SKYLINE R34 GTS (Blue) Body Kit,Complete Body Kit / Fiberglass (FRP),1,Full Body Kit,220,Full Body Kit,,,,,,,Manual multi-carton,Manual,REVIEW,Full kits require the sum of each component carton; do not use one generic Shopify weight.
🟢 Nissan,NISSAN SKYLINE R34 GTS (Blue) Body Kit,Rear Bumper / Fiberglass (FRP); Rear Bumper / Forged Carbon; Rear Bumper / Gloss Carbon; Rear Bumper / Kevlar; Rear Bumper / Matte Carbon,5,Bumper,170,Rear Bumper,,,,170.0,0.0,0.0,Retain current — bumper evidence sparse,Review,UPDATE SITE,Chinese extract does not contain enough consistent full-bumper observations for a bulk overwrite.
🟢 Nissan,NISSAN SKYLINE R34 Standard Body Kit,All variants,5,Spoiler/Wing,30,Standard Spoiler / Wing,149.0,35.0,16.0,17.0,-13.0,-13.0,Exact vehicle + part P75,Low,UPDATE SITE,Matched R34-RS cleaned historical cartons.
🟢 Nissan,NISSAN SKYLINE R35 MC Minor 2017 Body Kit,All variants,5,Hood,98,Hood,161.0,151.0,20.0,98.0,0.0,0.0,Established ETi hood tier,Established,KEEP,Retain the established ETi large hood tier.
🟢 Nissan,NISSAN SKYLINE R35 MC2017 LB minor Body Kit,All variants,1,Full Body Kit,220,Full Body Kit,,,,,,,Manual multi-carton,Manual,REVIEW,Full kits require the sum of each component carton; do not use one generic Shopify weight.
🟢 Nissan,NISSAN SKYLINE R35 MC2017 Minor 2017 Body Kit,Complete Body Kit / Fiberglass (FRP),1,Full Body Kit,220,Full Body Kit,,,,,,,Manual multi-carton,Manual,REVIEW,Full kits require the sum of each component carton; do not use one generic Shopify weight.
🟢 Nissan,NISSAN SKYLINE R35 MC2017 Minor 2017 Body Kit,Side Skirt / Fiberglass (FRP); Side Skirt / Forged Carbon; Side Skirt / Gloss Carbon; Side Skirt / Kevlar; Side Skirt / Matte Carbon,5,Side Skirts,37,Side Skirts,215.0,27.0,18.0,21.0,-16.0,-16.0,Exact vehicle + part P75,Low,UPDATE SITE,Matched R35-SS cleaned historical cartons.
🟢 Nissan,Nissan 200 SX D-Max Style Carbon Fiber Hood,All variants,4,Hood,74,Hood,170.0,133.0,16.0,73.0,-1.0,-1.0,Established ETi hood tier,Established,KEEP,Retain the established ETi standard hood tier.
🟢 Nissan,Nissan 200SX Bomex Style Body Kit,Front Bumper / Fiberglass (FRP); Front Bumper / Forged Carbon; Front Bumper / Gloss Carbon; Front Bumper / Kevlar; Front Bumper / Matte Carbon,5,Bumper,140,Front Bumper,,,,140.0,0.0,0.0,Retain current — bumper evidence sparse,Review,UPDATE SITE,Chinese extract does not contain enough consistent full-bumper observations for a bulk overwrite.
🟢 Nissan,Nissan 200SX Bomex Style Body Kit,Complete Body Kit / Fiberglass (FRP),1,Full Body Kit,200,Full Body Kit,,,,,,,Manual multi-carton,Manual,REVIEW,Full kits require the sum of each component carton; do not use one generic Shopify weight.
🟢 Nissan,Nissan 200SX D-Max Style Carbon Fiber Hood,All variants,4,Hood,74,Hood,170.0,133.0,16.0,73.0,-1.0,-1.0,Established ETi hood tier,Established,KEEP,Retain the established ETi standard hood tier.
🟢 Nissan,Nissan 200SX East Bear Style Body Kit,Complete Body Kit / Fiberglass (FRP),1,Full Body Kit,200,Full Body Kit,,,,,,,Manual multi-carton,Manual,REVIEW,Full kits require the sum of each component carton; do not use one generic Shopify weight.
🟢 Nissan,Nissan 200SX East Bear Style Body Kit,Mirror / Fiberglass (FRP); Mirror / Forged Carbon; Mirror / Gloss Carbon; Mirror / Kevlar; Mirror / Matte Carbon,5,Mirror Cover,6,Mirror Cover,,,,6.0,0.0,0.0,Retain current actual/manual weight,Existing,KEEP,No defensible dimensional override from the partner extract.
🟢 Nissan,Nissan 200SX Face-Off S15 Body Kit,Front Fender / Fiberglass (FRP); Front Fender / Forged Carbon; Front Fender / Gloss Carbon; Front Fender / Kevlar; Front Fender / Matte Carbon,5,Front Fender,66,Front Fender,,,,66.0,0.0,0.0,Retain current — chassis dependent,Review,UPDATE SITE,No reliable exact chassis match; broad category data is too variable for a safe overwrite.
🟢 Nissan,Nissan 200SX Face-Off S15 Body Kit,Complete Body Kit / Fiberglass (FRP),1,Full Body Kit,200,Full Body Kit,,,,,,,Manual multi-carton,Manual,REVIEW,Full kits require the sum of each component carton; do not use one generic Shopify weight.
🟢 Nissan,Nissan 200SX Face-Off S15 Body Kit,Rear Fender / Fiberglass (FRP); Rear Fender / Forged Carbon; Rear Fender / Gloss Carbon; Rear Fender / Kevlar; Rear Fender / Matte Carbon,5,Rear Fender,41,Rear Fender,,,,41.0,0.0,0.0,Retain current — chassis dependent,Review,UPDATE SITE,No reliable exact chassis match; broad category data is too variable for a safe overwrite.
🟢 Nissan,Nissan 200SX GP Sports Style widebody Body Kit,Front Bumper / Fiberglass (FRP); Front Bumper / Forged Carbon; Front Bumper / Gloss Carbon; Front Bumper / Kevlar; Front Bumper / Matte Carbon,5,Bumper,140,Front Bumper,,,,140.0,0.0,0.0,Retain current — bumper evidence sparse,Review,UPDATE SITE,Chinese extract does not contain enough consistent full-bumper observations for a bulk overwrite.
🟢 Nissan,Nissan 200SX GP Sports Style widebody Body Kit,Complete Body Kit / Fiberglass (FRP),1,Full Body Kit,200,Full Body Kit,,,,,,,Manual multi-carton,Manual,REVIEW,Full kits require the sum of each component carton; do not use one generic Shopify weight.
🟢 Nissan,Nissan 200SX GP Sports Style widebody Body Kit,Rear Bumper / Fiberglass (FRP); Rear Bumper / Forged Carbon; Rear Bumper / Gloss Carbon; Rear Bumper / Kevlar; Rear Bumper / Matte Carbon,5,Bumper,140,Rear Bumper,,,,140.0,0.0,0.0,Retain current — bumper evidence sparse,Review,UPDATE SITE,Chinese extract does not contain enough consistent full-bumper observations for a bulk overwrite.
🟢 Nissan,Nissan 200SX JUN Style 180SX Body Kit,Front Bumper / Fiberglass (FRP); Front Bumper / Forged Carbon; Front Bumper / Gloss Carbon; Front Bumper / Kevlar; Front Bumper / Matte Carbon,5,Bumper,140,Front Bumper,,,,140.0,0.0,0.0,Retain current — bumper evidence sparse,Review,UPDATE SITE,Chinese extract does not contain enough consistent full-bumper observations for a bulk overwrite.
🟢 Nissan,Nissan 200SX JUN Style 180SX Body Kit,Complete Body Kit / Fiberglass (FRP),1,Full Body Kit,200,Full Body Kit,,,,,,,Manual multi-carton,Manual,REVIEW,Full kits require the sum of each component carton; do not use one generic Shopify weight.
🟢 Nissan,Nissan 200SX Nismo Style Body Kit,Front Bumper / Fiberglass (FRP); Front Bumper / Forged Carbon; Front Bumper / Gloss Carbon; Front Bumper / Kevlar; Front Bumper / Matte Carbon,5,Bumper,140,Front Bumper,,,,140.0,0.0,0.0,Retain current — bumper evidence sparse,Review,UPDATE SITE,Chinese extract does not contain enough consistent full-bumper observations for a bulk overwrite.
🟢 Nissan,Nissan 200SX Nismo Style Body Kit,Front Fender / Fiberglass (FRP); Front Fender / Forged Carbon; Front Fender / Gloss Carbon; Front Fender / Kevlar; Front Fender / Matte Carbon,5,Front Fender,66,Front Fender,,,,66.0,0.0,0.0,Retain current — chassis dependent,Review,UPDATE SITE,No reliable exact chassis match; broad category data is too variable for a safe overwrite.
🟢 Nissan,Nissan 200SX Nismo Style Body Kit,Complete Body Kit / Fiberglass (FRP),1,Full Body Kit,200,Full Body Kit,,,,,,,Manual multi-carton,Manual,REVIEW,Full kits require the sum of each component carton; do not use one generic Shopify weight.
🟢 Nissan,Nissan 200SX Nismo Style Body Kit,Rear Bumper / Fiberglass (FRP); Rear Bumper / Forged Carbon; Rear Bumper / Gloss Carbon; Rear Bumper / Kevlar; Rear Bumper / Matte Carbon,5,Bumper,140,Rear Bumper,,,,140.0,0.0,0.0,Retain current — bumper evidence sparse,Review,UPDATE SITE,Chinese extract does not contain enough consistent full-bumper observations for a bulk overwrite.
🟢 Nissan,Nissan 200SX Nismo Style Body Kit,Rear Fender Tail Panel / Fiberglass (FRP); Rear Fender Tail Panel / Forged Carbon; Rear Fender Tail Panel / Gloss Carbon; Rear Fender Tail Panel / Kevlar; Rear Fender Tail Panel / Matte Carbon,5,Rear Fender,41,Rear Fender,,,,41.0,0.0,0.0,Retain current — chassis dependent,Review,UPDATE SITE,No reliable exact chassis match; broad category data is too variable for a safe overwrite.
🟢 Nissan,Nissan 200SX OEM Style Carbon Fiber Trunk,All variants,4,Trunk/Boot,67,Trunk / Boot,,,,67.0,0.0,0.0,Retain current — chassis dependent,Review,UPDATE SITE,No reliable exact chassis match; broad category data is too variable for a safe overwrite.
🟢 Nissan,Nissan 200SX Origin Style Body Kit,Front Bumper / Fiberglass (FRP); Front Bumper / Forged Carbon; Front Bumper / Gloss Carbon; Front Bumper / Kevlar; Front Bumper / Matte Carbon,5,Bumper,140,Front Bumper,,,,140.0,0.0,0.0,Retain current — bumper evidence sparse,Review,UPDATE SITE,Chinese extract does not contain enough consistent full-bumper observations for a bulk overwrite.
🟢 Nissan,Nissan 200SX Origin Style Body Kit,Complete Body Kit / Fiberglass (FRP),1,Full Body Kit,200,Full Body Kit,,,,,,,Manual multi-carton,Manual,REVIEW,Full kits require the sum of each component carton; do not use one generic Shopify weight.
🟢 Nissan,Nissan 200SX Origin Style Body Kit,Rear Bumper / Fiberglass (FRP); Rear Bumper / Forged Carbon; Rear Bumper / Gloss Carbon; Rear Bumper / Kevlar; Rear Bumper / Matte Carbon,5,Bumper,140,Rear Bumper,,,,140.0,0.0,0.0,Retain current — bumper evidence sparse,Review,UPDATE SITE,Chinese extract does not contain enough consistent full-bumper observations for a bulk overwrite.
🟢 Nissan,Nissan 200SX TBO Style Body Kit,Complete Body Kit / Fiberglass (FRP),1,Full Body Kit,200,Full Body Kit,,,,,,,Manual multi-carton,Manual,REVIEW,Full kits require the sum of each component carton; do not use one generic Shopify weight.
🟢 Nissan,Nissan 200SX Top Secret Style Body Kit,Front Bumper / Fiberglass (FRP); Front Bumper / Forged Carbon; Front Bumper / Gloss Carbon; Front Bumper / Kevlar; Front Bumper / Matte Carbon,5,Bumper,140,Front Bumper,,,,140.0,0.0,0.0,Retain current — bumper evidence sparse,Review,UPDATE SITE,Chinese extract does not contain enough consistent full-bumper observations for a bulk overwrite.
🟢 Nissan,Nissan 200SX Top Secret Style Body Kit,Complete Body Kit / Fiberglass (FRP),1,Full Body Kit,200,Full Body Kit,,,,,,,Manual multi-carton,Manual,REVIEW,Full kits require the sum of each component carton; do not use one generic Shopify weight.
🟢 Nissan,Nissan 370Z Varis Style Carbon Fiber Fender,All variants,4,Accessory,66,Accessory,,,,66.0,0.0,0.0,Retain current actual/manual weight,Existing,KEEP,No defensible dimensional override from the partner extract.
🟢 Nissan,Nissan Cefiro A31 OEM Style Carbon Fiber Trunk,All variants,4,Trunk/Boot,67,Trunk / Boot,,,,67.0,0.0,0.0,Retain current — chassis dependent,Review,UPDATE SITE,No reliable exact chassis match; broad category data is too variable for a safe overwrite.
🟢 Nissan,Nissan Face-Off r32 Standard Body Kit,Front Bumper / Fiberglass (FRP); Front Bumper / Forged Carbon; Front Bumper / Gloss Carbon; Front Bumper / Kevlar; Front Bumper / Matte Carbon,5,Bumper,170,Front Bumper,,,,170.0,0.0,0.0,Retain current — bumper evidence sparse,Review,UPDATE SITE,Chinese extract does not contain enough consistent full-bumper observations for a bulk overwrite.
🟢 Nissan,Nissan Face-Off r32 Standard Body Kit,Complete Body Kit / Fiberglass (FRP),1,Full Body Kit,220,Full Body Kit,,,,,,,Manual multi-carton,Manual,REVIEW,Full kits require the sum of each component carton; do not use one generic Shopify weight.
🟢 Nissan,Nissan Face-Off r32 Standard Body Kit,Rear Bumper / Fiberglass (FRP); Rear Bumper / Forged Carbon; Rear Bumper / Gloss Carbon; Rear Bumper / Kevlar; Rear Bumper / Matte Carbon,5,Bumper,170,Rear Bumper,,,,170.0,0.0,0.0,Retain current — bumper evidence sparse,Review,UPDATE SITE,Chinese extract does not contain enough consistent full-bumper observations for a bulk overwrite.
🟢 Nissan,Nissan Face-Off r32 Standard Body Kit,Side Skirt / Fiberglass (FRP); Side Skirt / Forged Carbon; Side Skirt / Gloss Carbon; Side Skirt / Kevlar; Side Skirt / Matte Carbon,5,Side Skirts,37,Side Skirts,201.0,37.0,26.0,39.0,2.0,2.0,Exact vehicle + part P75,Low,UPDATE SITE,Matched R32-SS cleaned historical cartons.
🟢 Nissan,Nissan Juke ETi Nismo Style Standard Body Kit,Complete Body Kit / Fiberglass (FRP),1,Full Body Kit,200,Full Body Kit,,,,,,,Manual multi-carton,Manual,REVIEW,Full kits require the sum of each component carton; do not use one generic Shopify weight.
🟢 Nissan,Nissan Juke Nismo Style Design Carbon Fiber Fender,All variants,4,Accessory,66,Accessory,,,,66.0,0.0,0.0,Retain current actual/manual weight,Existing,KEEP,No defensible dimensional override from the partner extract.
🟢 Nissan,Nissan Juke OEM Style Carbon Fiber Fender,All variants,4,Accessory,66,Accessory,,,,66.0,0.0,0.0,Retain current actual/manual weight,Existing,KEEP,No defensible dimensional override from the partner extract.
🟢 Nissan,Nissan Juke OEM Style Carbon Fiber Hood,All variants,4,Hood,74,Hood,170.0,133.0,16.0,73.0,-1.0,-1.0,Established ETi hood tier,Established,KEEP,Retain the established ETi standard hood tier.
🟢 Nissan,Nissan March OEM Style Carbon Fiber Hood,All variants,4,Hood,74,Hood,170.0,133.0,16.0,73.0,-1.0,-1.0,Established ETi hood tier,Established,KEEP,Retain the established ETi standard hood tier.
🟢 Nissan,Nissan Navara OEM Style Carbon Fiber Fender,All variants,4,Accessory,90,Accessory,,,,90.0,0.0,0.0,Retain current actual/manual weight,Existing,KEEP,No defensible dimensional override from the partner extract.
🟢 Nissan,Nissan R32 GTR Top Secret Style Hood,All variants,4,Hood,98,Hood,161.0,151.0,20.0,98.0,0.0,0.0,Established ETi hood tier,Established,KEEP,Retain the established ETi large hood tier.
🟢 Nissan,Nissan R32 Z-Tune GTR Nismo Style Hood,All variants,4,Hood,98,Hood,161.0,151.0,20.0,98.0,0.0,0.0,Established ETi hood tier,Established,KEEP,Retain the established ETi large hood tier.
🟢 Nissan,Nissan R34 GTR OEM Style Carbon Fiber Hood,All variants,4,Hood,98,Hood,161.0,151.0,20.0,98.0,0.0,0.0,Established ETi hood tier,Established,KEEP,Retain the established ETi large hood tier.
🟢 Nissan,Nissan R34 GTS OEM Style Carbon Fiber Hood,All variants,4,Hood,98,Hood,161.0,151.0,20.0,98.0,0.0,0.0,Established ETi hood tier,Established,KEEP,Retain the established ETi large hood tier.
🟢 Nissan,Nissan R34 Nismo Style Carbon Fiber Hood,All variants,4,Hood,98,Hood,161.0,151.0,20.0,98.0,0.0,0.0,Established ETi hood tier,Established,KEEP,Retain the established ETi large hood tier.
🟢 Nissan,Nissan R35 08-15 Top Secret Style Carbon Fiber Hood,All variants,4,Hood,98,Hood,161.0,151.0,20.0,98.0,0.0,0.0,Established ETi hood tier,Established,KEEP,Retain the established ETi large hood tier.
🟢 Nissan,Nissan R35 Add-On Mine's Style Carbon Fiber Spoiler,All variants,4,Spoiler/Wing,30,Standard Spoiler / Wing,137.0,45.0,13.0,17.0,-13.0,-13.0,Exact vehicle + part P75,Low,UPDATE SITE,Matched R35-RS cleaned historical cartons.
🟢 Nissan,Nissan R35 Add-On Wald Style Carbon Fiber Spoiler,All variants,4,Spoiler/Wing,30,Standard Spoiler / Wing,137.0,45.0,13.0,17.0,-13.0,-13.0,Exact vehicle + part P75,Low,UPDATE SITE,Matched R35-RS cleaned historical cartons.
🟢 Nissan,Nissan R35 OEM Style Carbon Fiber Fender,All variants,4,Accessory,78,Accessory,,,,78.0,0.0,0.0,Retain current actual/manual weight,Existing,KEEP,No defensible dimensional override from the partner extract.
🟢 Nissan,Nissan R35 Varis Style Carbon Fiber Fender,All variants,4,Accessory,78,Accessory,,,,78.0,0.0,0.0,Retain current actual/manual weight,Existing,KEEP,No defensible dimensional override from the partner extract.
🟢 Nissan,Nissan R35 Vertex Style Carbon Fiber Fender,All variants,4,Accessory,78,Accessory,,,,78.0,0.0,0.0,Retain current actual/manual weight,Existing,KEEP,No defensible dimensional override from the partner extract.
🟢 Nissan,Nissan S14 Carbon Fiber Front Fender Rocket Bunny Style,All variants,5,Front Fender,66,Front Fender,,,,66.0,0.0,0.0,Retain current — chassis dependent,Review,UPDATE SITE,No reliable exact chassis match; broad category data is too variable for a safe overwrite.
🟢 Nissan,Nissan S14 Hood – Rocket Bunny Style,All variants,4,Hood,74,Hood,170.0,133.0,16.0,73.0,-1.0,-1.0,Established ETi hood tier,Established,KEEP,Retain the established ETi standard hood tier.
🟢 Nissan,Nissan S14 OEM Style Carbon Fiber Trunk,All variants,4,Trunk/Boot,67,Trunk / Boot,,,,67.0,0.0,0.0,Retain current — chassis dependent,Review,UPDATE SITE,No reliable exact chassis match; broad category data is too variable for a safe overwrite.
🟢 Nissan,Nissan S14 Rocket Bunny Style Kit,Front Bumper / Fiberglass (FRP); Front Bumper / Forged Carbon; Front Bumper / Gloss Carbon; Front Bumper / Kevlar; Front Bumper / Matte Carbon,5,Bumper,140,Front Bumper,,,,140.0,0.0,0.0,Retain current — bumper evidence sparse,Review,UPDATE SITE,Chinese extract does not contain enough consistent full-bumper observations for a bulk overwrite.
🟢 Nissan,Nissan S14 Rocket Bunny Style Kit,Complete Body Kit / Fiberglass (FRP); Complete Body Kit / Forged Carbon; Complete Body Kit / Gloss Carbon; Complete Body Kit / Kevlar; Complete Body Kit / Matte Carbon,5,Full Body Kit,200,Full Body Kit,,,,,,,Manual multi-carton,Manual,REVIEW,Full kits require the sum of each component carton; do not use one generic Shopify weight.
🟢 Nissan,Nissan S14 Vertex Style Bodykit,All variants,1,Full Body Kit,200,Full Body Kit,,,,,,,Manual multi-carton,Manual,REVIEW,Full kits require the sum of each component carton; do not use one generic Shopify weight.
🟢 Nissan,Nissan S15 C-West Style Widebody 200sx Body Kit,All variants,5,Bumper,140,Front Bumper,,,,140.0,0.0,0.0,Retain current — bumper evidence sparse,Review,UPDATE SITE,Chinese extract does not contain enough consistent full-bumper observations for a bulk overwrite.
🟢 Nissan,Nissan S15 D-Max Style Carbon Fiber Hood,All variants,4,Hood,74,Hood,170.0,133.0,16.0,73.0,-1.0,-1.0,Established ETi hood tier,Established,KEEP,Retain the established ETi standard hood tier.
🟢 Nissan,Nissan S15 Dry Carbon Hood,All variants,4,Hood,74,Hood,170.0,133.0,16.0,73.0,-1.0,-1.0,Established ETi hood tier,Established,KEEP,Retain the established ETi standard hood tier.
🟢 Nissan,Nissan S15 GP Sports Style Body Kit,Front Bumper / Fiberglass (FRP); Front Bumper / Forged Carbon; Front Bumper / Gloss Carbon; Front Bumper / Kevlar; Front Bumper / Matte Carbon,5,Bumper,140,Front Bumper,,,,140.0,0.0,0.0,Retain current — bumper evidence sparse,Review,UPDATE SITE,Chinese extract does not contain enough consistent full-bumper observations for a bulk overwrite.
🟢 Nissan,Nissan S15 GP Sports Style Body Kit,Complete Body Kit / Fiberglass (FRP),1,Full Body Kit,200,Full Body Kit,,,,,,,Manual multi-carton,Manual,REVIEW,Full kits require the sum of each component carton; do not use one generic Shopify weight.
🟢 Nissan,Nissan S15 OEM Style Carbon Fiber Hood,All variants,4,Hood,74,Hood,170.0,133.0,16.0,73.0,-1.0,-1.0,Established ETi hood tier,Established,KEEP,Retain the established ETi standard hood tier.
🟢 Nissan,Nissan S15 Silvia Rocket Bunny Style Carbon Fiber Spoiler,All variants,5,Spoiler/Wing,17,Standard Spoiler / Wing,119.0,23.0,16.0,9.0,-8.0,-8.0,Exact vehicle + part P75,Low,UPDATE SITE,Matched S15-RS cleaned historical cartons.
🟢 Nissan,Nissan S15 Silvia Rocket Bunny Style Full Body Kit,All variants,5,Full Body Kit,200,Full Body Kit,,,,,,,Manual multi-carton,Manual,REVIEW,Full kits require the sum of each component carton; do not use one generic Shopify weight.
🟢 Nissan,Nissan S15 Vertex Style Lang Body Kit,Front Bumper / Fiberglass (FRP); Front Bumper / Forged Carbon; Front Bumper / Gloss Carbon; Front Bumper / Kevlar; Front Bumper / Matte Carbon,5,Bumper,140,Front Bumper,,,,140.0,0.0,0.0,Retain current — bumper evidence sparse,Review,UPDATE SITE,Chinese extract does not contain enough consistent full-bumper observations for a bulk overwrite.
🟢 Nissan,Nissan S15 Vertex Style Lang Body Kit,Complete Body Kit / Fiberglass (FRP),1,Full Body Kit,200,Full Body Kit,,,,,,,Manual multi-carton,Manual,REVIEW,Full kits require the sum of each component carton; do not use one generic Shopify weight.
🟢 Nissan,Nissan S15 Vertex Style Lang Body Kit,Rear Bumper / Fiberglass (FRP); Rear Bumper / Forged Carbon; Rear Bumper / Gloss Carbon; Rear Bumper / Kevlar; Rear Bumper / Matte Carbon,5,Bumper,140,Rear Bumper,,,,140.0,0.0,0.0,Retain current — bumper evidence sparse,Review,UPDATE SITE,Chinese extract does not contain enough consistent full-bumper observations for a bulk overwrite.
🟢 Nissan,Nissan Silvia S14 MC Bomex Style Body Kit,Front Bumper / Fiberglass (FRP); Front Bumper / Forged Carbon; Front Bumper / Gloss Carbon; Front Bumper / Kevlar; Front Bumper / Matte Carbon,5,Bumper,140,Front Bumper,,,,140.0,0.0,0.0,Retain current — bumper evidence sparse,Review,UPDATE SITE,Chinese extract does not contain enough consistent full-bumper observations for a bulk overwrite.
🟢 Nissan,Nissan Silvia S14 MC Bomex Style Body Kit,Complete Body Kit / Fiberglass (FRP),1,Full Body Kit,200,Full Body Kit,,,,,,,Manual multi-carton,Manual,REVIEW,Full kits require the sum of each component carton; do not use one generic Shopify weight.
🟢 Nissan,Nissan Silvia S14 MC Bomex Style Body Kit,Rear Diffuser / Forged Carbon; Rear Diffuser / Gloss Carbon; Rear Diffuser / Kevlar; Rear Diffuser / Matte Carbon,4,Rear Diffuser,30,Rear Diffuser,151.0,51.0,21.0,33.0,3.0,3.0,Cleaned category P75,Low,UPDATE SITE,Cleaned P75; full diffusers only. Representative carton: B-987-DIF-EPAGT / OD-0018908.
🟢 Nissan,Nissan Silvia S14 MC C-West Style Body Kit,Front Bumper / Fiberglass (FRP); Front Bumper / Forged Carbon; Front Bumper / Gloss Carbon; Front Bumper / Kevlar; Front Bumper / Matte Carbon,5,Bumper,140,Front Bumper,,,,140.0,0.0,0.0,Retain current — bumper evidence sparse,Review,UPDATE SITE,Chinese extract does not contain enough consistent full-bumper observations for a bulk overwrite.
🟢 Nissan,Nissan Silvia S14 MC C-West Style Body Kit,Complete Body Kit / Fiberglass (FRP),1,Full Body Kit,200,Full Body Kit,,,,,,,Manual multi-carton,Manual,REVIEW,Full kits require the sum of each component carton; do not use one generic Shopify weight.
🟢 Nissan,Nissan Silvia S14 MC C-West Style Body Kit,Rear Bumper / Fiberglass (FRP); Rear Bumper / Forged Carbon; Rear Bumper / Gloss Carbon; Rear Bumper / Kevlar; Rear Bumper / Matte Carbon,5,Bumper,140,Rear Bumper,,,,140.0,0.0,0.0,Retain current — bumper evidence sparse,Review,UPDATE SITE,Chinese extract does not contain enough consistent full-bumper observations for a bulk overwrite.
🟢 Nissan,Nissan Silvia S14 MC D-Max Style Widebody Body Kit,Rear Fender / Fiberglass (FRP); Rear Fender / Forged Carbon; Rear Fender / Gloss Carbon; Rear Fender / Kevlar; Rear Fender / Matte Carbon,5,Rear Fender,41,Fender Flare / Arch,126.0,43.0,15.0,17.0,-24.0,-24.0,Cleaned category P75,Low,UPDATE SITE,Small flare/arch pieces separated from full fenders. Representative carton: B-MX5-ARCH-RALLY-NC / OD-0020349.
🟢 Nissan,Nissan Silvia S14 MC D-Max Style Widebody Body Kit,Front Fender / Fiberglass (FRP); Front Fender / Forged Carbon; Front Fender / Gloss Carbon; Front Fender / Kevlar; Front Fender / Matte Carbon,5,Front Fender,66,Front Fender,,,,66.0,0.0,0.0,Retain current — chassis dependent,Review,UPDATE SITE,No reliable exact chassis match; broad category data is too variable for a safe overwrite.
🟢 Nissan,Nissan Silvia S14 MC D-Max Style Widebody Body Kit,Complete Body Kit / Fiberglass (FRP),1,Full Body Kit,200,Full Body Kit,,,,,,,Manual multi-carton,Manual,REVIEW,Full kits require the sum of each component carton; do not use one generic Shopify weight.
🟢 Nissan,Nissan Silvia S14 MC Vertex Style Body Kit,Front Bumper / Fiberglass (FRP); Front Bumper / Forged Carbon; Front Bumper / Gloss Carbon; Front Bumper / Kevlar; Front Bumper / Matte Carbon,5,Bumper,140,Front Bumper,,,,140.0,0.0,0.0,Retain current — bumper evidence sparse,Review,UPDATE SITE,Chinese extract does not contain enough consistent full-bumper observations for a bulk overwrite.
🟢 Nissan,Nissan Silvia S14 MC Vertex Style Body Kit,Complete Body Kit / Fiberglass (FRP),1,Full Body Kit,200,Full Body Kit,,,,,,,Manual multi-carton,Manual,REVIEW,Full kits require the sum of each component carton; do not use one generic Shopify weight.
🟢 Nissan,Nissan Silvia S14 MC Vertex Style Body Kit,Rear Bumper / Fiberglass (FRP); Rear Bumper / Forged Carbon; Rear Bumper / Gloss Carbon; Rear Bumper / Kevlar; Rear Bumper / Matte Carbon,5,Bumper,140,Rear Bumper,,,,140.0,0.0,0.0,Retain current — bumper evidence sparse,Review,UPDATE SITE,Chinese extract does not contain enough consistent full-bumper observations for a bulk overwrite.
🟢 Nissan,Nissan Skyline GTR R32 Pandem Style Race Car variant Body Kit,Front Bumper / Fiberglass (FRP); Front Bumper / Forged Carbon; Front Bumper / Gloss Carbon; Front Bumper / Kevlar; Front Bumper / Matte Carbon,5,Bumper,170,Front Bumper,,,,170.0,0.0,0.0,Retain current — bumper evidence sparse,Review,UPDATE SITE,Chinese extract does not contain enough consistent full-bumper observations for a bulk overwrite.
🟢 Nissan,Nissan Skyline GTR R32 Pandem Style Race Car variant Body Kit,Front Fender / Fiberglass (FRP); Front Fender / Forged Carbon; Front Fender / Gloss Carbon; Front Fender / Kevlar; Front Fender / Matte Carbon,5,Front Fender,78,Front Fender,148.0,76.0,34.0,77.0,-1.0,-1.0,Exact vehicle + part P75,Medium,KEEP,Matched R32-FF cleaned historical cartons.
🟢 Nissan,Nissan Skyline GTR R32 Pandem Style Race Car variant Body Kit,Complete Body Kit / Fiberglass (FRP),1,Full Body Kit,220,Full Body Kit,,,,,,,Manual multi-carton,Manual,REVIEW,Full kits require the sum of each component carton; do not use one generic Shopify weight.
🟢 Nissan,Nissan Skyline GTR R32 Pandem Style Race Car variant Body Kit,Rear Bumper / Fiberglass (FRP); Rear Bumper / Forged Carbon; Rear Bumper / Gloss Carbon; Rear Bumper / Kevlar; Rear Bumper / Matte Carbon,5,Bumper,170,Rear Bumper,,,,170.0,0.0,0.0,Retain current — bumper evidence sparse,Review,UPDATE SITE,Chinese extract does not contain enough consistent full-bumper observations for a bulk overwrite.
🟢 Nissan,Nissan Skyline GTR R32 Pandem Style Race Car variant Body Kit,Rear Fender Panel / Fiberglass (FRP); Rear Fender Panel / Forged Carbon; Rear Fender Panel / Gloss Carbon; Rear Fender Panel / Kevlar; Rear Fender Panel / Matte Carbon,5,Rear Fender,62,Rear Fender,,,,62.0,0.0,0.0,Retain current — chassis dependent,Review,UPDATE SITE,No reliable exact chassis match; broad category data is too variable for a safe overwrite.
🟢 Nissan,Nissan Skyline GTR R32 Pandem Style Race Car variant Body Kit,Side Skirt / Fiberglass (FRP); Side Skirt / Forged Carbon; Side Skirt / Gloss Carbon; Side Skirt / Kevlar; Side Skirt / Matte Carbon,5,Side Skirts,37,Side Skirts,201.0,37.0,26.0,39.0,2.0,2.0,Exact vehicle + part P75,Low,UPDATE SITE,Matched R32-SS cleaned historical cartons.
🟢 Nissan,Nissan Skyline GTR R32 Pandem Style Race Car variant Body Kit,Spoiler / Fiberglass (FRP); Spoiler / Forged Carbon; Spoiler / Gloss Carbon; Spoiler / Kevlar; Spoiler / Matte Carbon; Spoiler Legs / Forged Carbon; …,9,Spoiler/Wing,30,Standard Spoiler / Wing,133.0,43.0,26.0,30.0,0.0,0.0,Cleaned category P75,High,KEEP,Generic standard-wing fallback; exact vehicle evidence preferred. Representative carton: A-DE5-RS-AR2& / OD-0022319. Representative carton: B-YARISGR-RS-GV / OD-0027494.
🟢 Nissan,Nissan Skyline GTR R32 Rocket Dancer Style Body Kit,All variants,1,Full Body Kit,220,Full Body Kit,,,,,,,Manual multi-carton,Manual,REVIEW,Full kits require the sum of each component carton; do not use one generic Shopify weight.
🟢 Nissan,Nissan Skyline R32 & BNR32 GTR Carbon Fiber Ganador Style Full Carbon Fiber Electric Side Mirrors,All variants,5,Mirror Cover,6,Mirror Cover,,,,6.0,0.0,0.0,Retain current actual/manual weight,Existing,KEEP,No defensible dimensional override from the partner extract.
🟢 Nissan,Nissan Skyline R32 GTR ABF Carbon Fiber Lip,All variants,1,Accessory,46,Accessory,,,,46.0,0.0,0.0,Retain current actual/manual weight,Existing,KEEP,No defensible dimensional override from the partner extract.
🟢 Nissan,Nissan Skyline R32 GTR ABF Style Carbon Fiber Lip,All variants,4,Accessory,46,Accessory,,,,46.0,0.0,0.0,Retain current actual/manual weight,Existing,KEEP,No defensible dimensional override from the partner extract.
🟢 Nissan,Nissan Skyline R32 GTR NS Full Carbon Fiber Bonnet/Hood Lip,All variants,4,Hood,98,Hood,161.0,151.0,20.0,98.0,0.0,0.0,Established ETi hood tier,Established,KEEP,Retain the established ETi large hood tier.
🟢 Nissan,Nissan Skyline R32 GTR OEM-Style Carbon Fiber Radio Surround Panel,All variants,1,Accessory,4,Accessory,,,,4.0,0.0,0.0,Retain current actual/manual weight,Existing,KEEP,No defensible dimensional override from the partner extract.
🟢 Nissan,Nissan Skyline R32 GTR Pandem Style Kit,Front Fender / Fiberglass (FRP); Front Fender / Forged Carbon; Front Fender / Gloss Carbon; Front Fender / Kevlar; Front Fender / Matte Carbon,5,Front Fender,78,Front Fender,148.0,76.0,34.0,77.0,-1.0,-1.0,Exact vehicle + part P75,Medium,KEEP,Matched R32-FF cleaned historical cartons.
🟢 Nissan,Nissan Skyline R32 GTR Pandem Style Kit,Complete Body Kit / Fiberglass (FRP); Complete Body Kit / Forged Carbon; Complete Body Kit / Gloss Carbon; Complete Body Kit / Kevlar; Complete Body Kit / Matte Carbon,5,Full Body Kit,220,Full Body Kit,,,,,,,Manual multi-carton,Manual,REVIEW,Full kits require the sum of each component carton; do not use one generic Shopify weight.
🟢 Nissan,Nissan Skyline R32 GTR Pandem Style Kit,Rear Bumper Apron / Fiberglass (FRP); Rear Bumper Apron / Forged Carbon; Rear Bumper Apron / Gloss Carbon; Rear Bumper Apron / Kevlar; Rear Bumper Apron / Matte Carbon,5,Bumper,170,Rear Bumper,,,,170.0,0.0,0.0,Retain current — bumper evidence sparse,Review,UPDATE SITE,Chinese extract does not contain enough consistent full-bumper observations for a bulk overwrite.
🟢 Nissan,Nissan Skyline R32 GTR Pandem Style Kit,Rear Fender / Fiberglass (FRP); Rear Fender / Forged Carbon; Rear Fender / Gloss Carbon; Rear Fender / Kevlar; Rear Fender / Matte Carbon,5,Rear Fender,62,Rear Fender,,,,62.0,0.0,0.0,Retain current — chassis dependent,Review,UPDATE SITE,No reliable exact chassis match; broad category data is too variable for a safe overwrite.
🟢 Nissan,Nissan Skyline R32 GTR Pandem Style Kit,Side Skirts / Fiberglass (FRP); Side Skirts / Forged Carbon; Side Skirts / Gloss Carbon; Side Skirts / Kevlar; Side Skirts / Matte Carbon,5,Side Skirts,37,Side Skirts,201.0,37.0,26.0,39.0,2.0,2.0,Exact vehicle + part P75,Low,UPDATE SITE,Matched R32-SS cleaned historical cartons.
🟢 Nissan,Nissan Skyline R32 GTR TS Carbon Fiber Rear Diffuser Type 2 w/ Metal Fitting Accessories,All variants,4,Rear Diffuser,48,Rear Diffuser,151.0,51.0,21.0,33.0,-15.0,-15.0,Cleaned category P75,Low,UPDATE SITE,Cleaned P75; full diffusers only. Representative carton: B-987-DIF-EPAGT / OD-0018908.
🟢 Nissan,Nissan Skyline R32 GTR/GTS OEM Style Carbon Fiber Rear Spoiler,All variants,5,Spoiler/Wing,30,Standard Spoiler / Wing,133.0,43.0,26.0,30.0,0.0,0.0,Cleaned category P75,High,KEEP,Generic standard-wing fallback; exact vehicle evidence preferred. Representative carton: A-DE5-RS-AR2& / OD-0022319. Representative carton: B-YARISGR-RS-GV / OD-0027494.
🟢 Nissan,Nissan Skyline R32 GTS OEM Style Carbon Fiber Front Fenders,All variants,5,Front Fender,78,Front Fender,148.0,76.0,34.0,77.0,-1.0,-1.0,Exact vehicle + part P75,Medium,KEEP,Matched R32-FF cleaned historical cartons.
🟢 Nissan,Nissan Skyline R33 400R Style Body Kit,Complete Body Kit / Fiberglass (FRP); Default Title / Fiberglass (FRP); Default Title / Forged Carbon; Default Title / Gloss Carbon; Default Title / Kevlar; Default Title / Matte Carbon,6,Full Body Kit,220,Full Body Kit,,,,,,,Manual multi-carton,Manual,REVIEW,Full kits require the sum of each component carton; do not use one generic Shopify weight.
🟢 Nissan,Nissan Skyline R33 BN-Sports Style Body Kit,Front Bumper / Fiberglass (FRP); Front Bumper / Forged Carbon; Front Bumper / Gloss Carbon; Front Bumper / Kevlar; Front Bumper / Matte Carbon,5,Bumper,170,Front Bumper,,,,170.0,0.0,0.0,Retain current — bumper evidence sparse,Review,UPDATE SITE,Chinese extract does not contain enough consistent full-bumper observations for a bulk overwrite.
🟢 Nissan,Nissan Skyline R33 BN-Sports Style Body Kit,Complete Body Kit / Fiberglass (FRP),1,Full Body Kit,220,Full Body Kit,,,,,,,Manual multi-carton,Manual,REVIEW,Full kits require the sum of each component carton; do not use one generic Shopify weight.
🟢 Nissan,Nissan Skyline R33 BN-Sports Style Body Kit,Rear Bumper / Fiberglass (FRP); Rear Bumper / Forged Carbon; Rear Bumper / Gloss Carbon; Rear Bumper / Kevlar; Rear Bumper / Matte Carbon,5,Bumper,170,Rear Bumper,,,,170.0,0.0,0.0,Retain current — bumper evidence sparse,Review,UPDATE SITE,Chinese extract does not contain enough consistent full-bumper observations for a bulk overwrite.
🟢 Nissan,Nissan Skyline R33 GTR 400R Style CF/DryCarbon Hood,All variants,4,Hood,98,Hood,161.0,151.0,20.0,98.0,0.0,0.0,Established ETi hood tier,Established,KEEP,Retain the established ETi large hood tier.
🟢 Nissan,Nissan Skyline R34 Add-On GTR Body Kit,Complete Body Kit / Fiberglass (FRP),1,Full Body Kit,220,Full Body Kit,,,,,,,Manual multi-carton,Manual,REVIEW,Full kits require the sum of each component carton; do not use one generic Shopify weight.
🟢 Nissan,Nissan Skyline R34 C-West Style Body Kit,Front Bumper / Fiberglass (FRP); Front Bumper / Forged Carbon; Front Bumper / Gloss Carbon; Front Bumper / Kevlar; Front Bumper / Matte Carbon,5,Bumper,170,Front Bumper,,,,170.0,0.0,0.0,Retain current — bumper evidence sparse,Review,UPDATE SITE,Chinese extract does not contain enough consistent full-bumper observations for a bulk overwrite.
🟢 Nissan,Nissan Skyline R34 C-West Style Body Kit,Front Fender / Fiberglass (FRP); Front Fender / Forged Carbon; Front Fender / Gloss Carbon; Front Fender / Kevlar; Front Fender / Matte Carbon,5,Front Fender,78,Front Fender,,,,78.0,0.0,0.0,Retain current — chassis dependent,Review,UPDATE SITE,No reliable exact chassis match; broad category data is too variable for a safe overwrite.
🟢 Nissan,Nissan Skyline R34 C-West Style Body Kit,Complete Body Kit / Fiberglass (FRP),1,Full Body Kit,220,Full Body Kit,,,,,,,Manual multi-carton,Manual,REVIEW,Full kits require the sum of each component carton; do not use one generic Shopify weight.
🟢 Nissan,Nissan Skyline R34 C-West Style Body Kit,Rear Bumper / Fiberglass (FRP); Rear Bumper / Forged Carbon; Rear Bumper / Gloss Carbon; Rear Bumper / Kevlar; Rear Bumper / Matte Carbon,5,Bumper,170,Rear Bumper,,,,170.0,0.0,0.0,Retain current — bumper evidence sparse,Review,UPDATE SITE,Chinese extract does not contain enough consistent full-bumper observations for a bulk overwrite.
🟢 Nissan,Nissan Skyline R34 C-West Style GTR Body Kit,All variants,5,Bumper,170,Front Bumper,,,,170.0,0.0,0.0,Retain current — bumper evidence sparse,Review,UPDATE SITE,Chinese extract does not contain enough consistent full-bumper observations for a bulk overwrite.
🟢 Nissan,Nissan Skyline R34 GTR OEM Style Body Kit,All variants,5,Bumper,170,Rear Bumper,,,,170.0,0.0,0.0,Retain current — bumper evidence sparse,Review,UPDATE SITE,Chinese extract does not contain enough consistent full-bumper observations for a bulk overwrite.
🟢 Nissan,Nissan Skyline R34 GTR Z Tune Style CF/DryCarbon Vented Hood,All variants,4,Hood,98,Hood,161.0,151.0,20.0,98.0,0.0,0.0,Established ETi hood tier,Established,KEEP,Retain the established ETi large hood tier.
🟢 Nissan,Nissan Skyline R34 OEM Style Carbon Fiber Trunk,All variants,4,Trunk/Boot,88,Trunk / Boot,148.0,88.0,33.0,86.0,-2.0,-2.0,Exact vehicle + part P75,Low,UPDATE SITE,Matched R34-TRUNK cleaned historical cartons.
🟢 Nissan,Nissan Skyline R34 Sunline Style Body Kit,Front Fender / Fiberglass (FRP); Front Fender / Forged Carbon; Front Fender / Gloss Carbon; Front Fender / Kevlar; Front Fender / Matte Carbon,5,Front Fender,78,Front Fender,,,,78.0,0.0,0.0,Retain current — chassis dependent,Review,UPDATE SITE,No reliable exact chassis match; broad category data is too variable for a safe overwrite.
🟢 Nissan,Nissan Skyline R34 Sunline Style Body Kit,Complete Body Kit / Fiberglass (FRP),1,Full Body Kit,220,Full Body Kit,,,,,,,Manual multi-carton,Manual,REVIEW,Full kits require the sum of each component carton; do not use one generic Shopify weight.
🟢 Nissan,Nissan Skyline R35 Amuse Style Body Kit,Complete Body Kit / Fiberglass (FRP); Default Title / Fiberglass (FRP); Default Title / Forged Carbon; Default Title / Gloss Carbon; Default Title / Kevlar; Default Title / Matte Carbon,6,Full Body Kit,220,Full Body Kit,,,,,,,Manual multi-carton,Manual,REVIEW,Full kits require the sum of each component carton; do not use one generic Shopify weight.
🟢 Nissan,Nissan Skyline R35 Amuse Style Body Kit,Rear Spoiler / Fiberglass (FRP); Rear Spoiler / Forged Carbon; Rear Spoiler / Gloss Carbon; Rear Spoiler / Kevlar; Rear Spoiler / Matte Carbon,5,Spoiler/Wing,30,Standard Spoiler / Wing,137.0,45.0,13.0,17.0,-13.0,-13.0,Exact vehicle + part P75,Low,UPDATE SITE,Matched R35-RS cleaned historical cartons.
🟢 Nissan,Nissan Skyline R35 Auto Select Style Body Kit,Complete Body Kit / Fiberglass (FRP),1,Full Body Kit,220,Full Body Kit,,,,,,,Manual multi-carton,Manual,REVIEW,Full kits require the sum of each component carton; do not use one generic Shopify weight.
🟢 Nissan,Nissan Skyline R35 BenSopra Style Body Kit,Front Bumper / Fiberglass (FRP); Front Bumper / Forged Carbon; Front Bumper / Gloss Carbon; Front Bumper / Kevlar; Front Bumper / Matte Carbon,5,Bumper,170,Front Bumper,,,,170.0,0.0,0.0,Retain current — bumper evidence sparse,Review,UPDATE SITE,Chinese extract does not contain enough consistent full-bumper observations for a bulk overwrite.
🟢 Nissan,Nissan Skyline R35 BenSopra Style Body Kit,Front Fender / Fiberglass (FRP); Front Fender / Forged Carbon; Front Fender / Gloss Carbon; Front Fender / Kevlar; Front Fender / Matte Carbon,5,Front Fender,78,Front Fender,152.0,62.0,26.0,50.0,-28.0,-28.0,Exact vehicle + part P75,Low,UPDATE SITE,Matched R35-FF cleaned historical cartons.
🟢 Nissan,Nissan Skyline R35 BenSopra Style Body Kit,Complete Body Kit / Fiberglass (FRP),1,Full Body Kit,220,Full Body Kit,,,,,,,Manual multi-carton,Manual,REVIEW,Full kits require the sum of each component carton; do not use one generic Shopify weight.
🟢 Nissan,Nissan Skyline R35 BenSopra Style Body Kit,Hood / Fiberglass (FRP); Hood / Forged Carbon; Hood / Gloss Carbon; Hood / Kevlar; Hood / Matte Carbon,5,Hood,98,Hood,161.0,151.0,20.0,98.0,0.0,0.0,Established ETi hood tier,Established,KEEP,Retain the established ETi large hood tier.
🟢 Nissan,Nissan Skyline R35 BenSopra Style Body Kit,Rear Bumper / Fiberglass (FRP); Rear Bumper / Forged Carbon; Rear Bumper / Gloss Carbon; Rear Bumper / Kevlar; Rear Bumper / Matte Carbon,5,Bumper,170,Rear Bumper,,,,170.0,0.0,0.0,Retain current — bumper evidence sparse,Review,UPDATE SITE,Chinese extract does not contain enough consistent full-bumper observations for a bulk overwrite.
🟢 Nissan,Nissan Skyline R35 BenSopra Style Body Kit,Rear Fender / Fiberglass (FRP); Rear Fender / Forged Carbon; Rear Fender / Gloss Carbon; Rear Fender / Kevlar; Rear Fender / Matte Carbon,5,Rear Fender,62,Rear Fender,,,,62.0,0.0,0.0,Retain current — chassis dependent,Review,UPDATE SITE,No reliable exact chassis match; broad category data is too variable for a safe overwrite.
🟢 Nissan,Nissan Skyline R35 BenSopra Style Body Kit,Side Skirt / Fiberglass (FRP); Side Skirt / Forged Carbon; Side Skirt / Gloss Carbon,3,Side Skirts,37,Side Skirts,215.0,27.0,18.0,21.0,-16.0,-16.0,Exact vehicle + part P75,Low,UPDATE SITE,Matched R35-SS cleaned historical cartons.
🟢 Nissan,Nissan Skyline R35 GTR OEM Style Trunk,All variants,5,Trunk/Boot,88,Trunk / Boot,,,,88.0,0.0,0.0,Retain current — chassis dependent,Review,UPDATE SITE,No reliable exact chassis match; broad category data is too variable for a safe overwrite.
🟢 Nissan,Nissan Skyline R35 MC Nismo Style 2017 Body Kit,Front Bumper / Fiberglass (FRP); Front Bumper / Forged Carbon; Front Bumper / Gloss Carbon; Front Bumper / Kevlar; Front Bumper / Matte Carbon,5,Bumper,170,Front Bumper,,,,170.0,0.0,0.0,Retain current — bumper evidence sparse,Review,UPDATE SITE,Chinese extract does not contain enough consistent full-bumper observations for a bulk overwrite.
🟢 Nissan,Nissan Skyline R35 MC Nismo Style 2017 Body Kit,Complete Body Kit / Fiberglass (FRP),1,Full Body Kit,220,Full Body Kit,,,,,,,Manual multi-carton,Manual,REVIEW,Full kits require the sum of each component carton; do not use one generic Shopify weight.
🟢 Nissan,Nissan Skyline R35 MC Nismo Style 2017 Body Kit,Rear Bumper / Fiberglass (FRP); Rear Bumper / Forged Carbon; Rear Bumper / Gloss Carbon; Rear Bumper / Kevlar; Rear Bumper / Matte Carbon; Rear Bumper CB / Fiberglass (FRP); …,10,Bumper,170,Rear Bumper,,,,170.0,0.0,0.0,Retain current — bumper evidence sparse,Review,UPDATE SITE,Chinese extract does not contain enough consistent full-bumper observations for a bulk overwrite.
🟢 Nissan,Nissan Skyline R35 MC Nismo Style 2017 Body Kit,Side Skirt / Fiberglass (FRP); Side Skirt / Forged Carbon; Side Skirt / Gloss Carbon; Side Skirt / Kevlar; Side Skirt / Matte Carbon,5,Side Skirts,37,Side Skirts,215.0,27.0,18.0,21.0,-16.0,-16.0,Exact vehicle + part P75,Low,UPDATE SITE,Matched R35-SS cleaned historical cartons.
🟢 Nissan,Nissan Skyline R35 MC Pandem Style Body Kit,Front Bumper / Fiberglass (FRP); Front Bumper / Forged Carbon; Front Bumper / Gloss Carbon; Front Bumper / Kevlar; Front Bumper / Matte Carbon,5,Bumper,170,Front Bumper,,,,170.0,0.0,0.0,Retain current — bumper evidence sparse,Review,UPDATE SITE,Chinese extract does not contain enough consistent full-bumper observations for a bulk overwrite.
🟢 Nissan,Nissan Skyline R35 MC Pandem Style Body Kit,Front Fender / Fiberglass (FRP); Front Fender / Forged Carbon; Front Fender / Gloss Carbon; Front Fender / Kevlar; Front Fender / Matte Carbon,5,Front Fender,78,Front Fender,152.0,62.0,26.0,50.0,-28.0,-28.0,Exact vehicle + part P75,Low,UPDATE SITE,Matched R35-FF cleaned historical cartons.
🟢 Nissan,Nissan Skyline R35 MC Pandem Style Body Kit,Complete Body Kit / Fiberglass (FRP),1,Full Body Kit,220,Full Body Kit,,,,,,,Manual multi-carton,Manual,REVIEW,Full kits require the sum of each component carton; do not use one generic Shopify weight.
🟢 Nissan,Nissan Skyline R35 MC Pandem Style Body Kit,Rear Fender / Fiberglass (FRP); Rear Fender / Forged Carbon; Rear Fender / Gloss Carbon; Rear Fender / Kevlar; Rear Fender / Matte Carbon,5,Rear Fender,62,Rear Fender,,,,62.0,0.0,0.0,Retain current — chassis dependent,Review,UPDATE SITE,No reliable exact chassis match; broad category data is too variable for a safe overwrite.
🟢 Nissan,Nissan Skyline R35 MC Tommykaira Style Body Kit,Front Bumper / Fiberglass (FRP); Front Bumper / Forged Carbon; Front Bumper / Gloss Carbon; Front Bumper / Kevlar; Front Bumper / Matte Carbon,5,Bumper,170,Front Bumper,,,,170.0,0.0,0.0,Retain current — bumper evidence sparse,Review,UPDATE SITE,Chinese extract does not contain enough consistent full-bumper observations for a bulk overwrite.
🟢 Nissan,Nissan Skyline R35 MC Tommykaira Style Body Kit,Complete Body Kit / Fiberglass (FRP),1,Full Body Kit,220,Full Body Kit,,,,,,,Manual multi-carton,Manual,REVIEW,Full kits require the sum of each component carton; do not use one generic Shopify weight.
🟢 Nissan,Nissan Skyline R35 MC Veilside Style Body Kit,All variants,5,Bumper,170,Front Bumper,,,,170.0,0.0,0.0,Retain current — bumper evidence sparse,Review,UPDATE SITE,Chinese extract does not contain enough consistent full-bumper observations for a bulk overwrite.
🟢 Nissan,Nissan Skyline R35 Mine's Style Body Kit,Complete Body Kit / Fiberglass (FRP),1,Full Body Kit,220,Full Body Kit,,,,,,,Manual multi-carton,Manual,REVIEW,Full kits require the sum of each component carton; do not use one generic Shopify weight.
🟢 Nissan,Nissan Skyline R35 Nismo Style Body Kit,All variants,5,Mirror Cover,6,Mirror Cover,,,,6.0,0.0,0.0,Retain current actual/manual weight,Existing,KEEP,No defensible dimensional override from the partner extract.
🟢 Nissan,Nissan Skyline R35 OEM Style Body Kit,All variants,5,Spoiler/Wing,30,Standard Spoiler / Wing,137.0,45.0,13.0,17.0,-13.0,-13.0,Exact vehicle + part P75,Low,UPDATE SITE,Matched R35-RS cleaned historical cartons.
🟢 Nissan,Nissan Skyline R35 OEM Style Carbon Fiber Trunk,All variants,4,Trunk/Boot,88,Trunk / Boot,,,,88.0,0.0,0.0,Retain current — chassis dependent,Review,UPDATE SITE,No reliable exact chassis match; broad category data is too variable for a safe overwrite.
🟢 Nissan,Nissan Skyline R35 Password JDM Style Body Kit,All variants,5,Small Panel,15,Cooling Panel,132.0,32.0,14.0,12.0,-3.0,-3.0,Exact vehicle + part P75,Low,UPDATE SITE,Matched R35-CP cleaned historical cartons.
🟢 Nissan,Nissan Skyline R35 ZELE Style Body Kit,Front Bumper / Fiberglass (FRP); Front Bumper / Forged Carbon; Front Bumper / Gloss Carbon; Front Bumper / Kevlar; Front Bumper / Matte Carbon,5,Bumper,170,Front Bumper,,,,170.0,0.0,0.0,Retain current — bumper evidence sparse,Review,UPDATE SITE,Chinese extract does not contain enough consistent full-bumper observations for a bulk overwrite.
🟢 Nissan,Nissan Skyline R35 ZELE Style Body Kit,Complete Body Kit / Fiberglass (FRP),1,Full Body Kit,220,Full Body Kit,,,,,,,Manual multi-carton,Manual,REVIEW,Full kits require the sum of each component carton; do not use one generic Shopify weight.
🟢 Nissan,Nissan Skyline R35 ZELE Style Body Kit,Hood / Fiberglass (FRP); Hood / Forged Carbon; Hood / Gloss Carbon; Hood / Kevlar; Hood / Matte Carbon,5,Hood,98,Hood,161.0,151.0,20.0,98.0,0.0,0.0,Established ETi hood tier,Established,KEEP,Retain the established ETi large hood tier.
🟢 Nissan,Nissan Skyline R35 ZELE Style Body Kit,Side Skirt / Fiberglass (FRP); Side Skirt / Forged Carbon; Side Skirt / Gloss Carbon; Side Skirt / Kevlar; Side Skirt / Matte Carbon,5,Side Skirts,37,Side Skirts,215.0,27.0,18.0,21.0,-16.0,-16.0,Exact vehicle + part P75,Low,UPDATE SITE,Matched R35-SS cleaned historical cartons.
🟢 Nissan,Nissan Skyline R35 ZELE Style Body Kit,Rear Spoiler / Fiberglass (FRP); Rear Spoiler / Forged Carbon; Rear Spoiler / Gloss Carbon; Rear Spoiler / Kevlar; Rear Spoiler / Matte Carbon,5,Spoiler/Wing,30,Standard Spoiler / Wing,137.0,45.0,13.0,17.0,-13.0,-13.0,Exact vehicle + part P75,Low,UPDATE SITE,Matched R35-RS cleaned historical cartons.
🟢 Nissan,Nissan Tiida 5D OEM Style Carbon Fiber Hood,All variants,4,Hood,74,Hood,170.0,133.0,16.0,73.0,-1.0,-1.0,Established ETi hood tier,Established,KEEP,Retain the established ETi standard hood tier.
🟣 Mazda,ETi Aluminum Performance Radiator – Mazda 2 (2007-2024),All variants,1,Small Panel,10,Small Panel,,,,10.0,0.0,0.0,Retain current actual/manual weight,Existing,KEEP,No defensible dimensional override from the partner extract.
🟣 Mazda,ETi Mazda 2 (4/5Dr) OEM Carbon Fiber Hood,All variants,4,Hood,74,Hood,170.0,133.0,16.0,73.0,-1.0,-1.0,Established ETi hood tier,Established,KEEP,Retain the established ETi standard hood tier.
🟣 Mazda,ETi Mazda 3 (4Dr) ETi Carbon Fiber Hood,All variants,4,Hood,74,Hood,170.0,133.0,16.0,73.0,-1.0,-1.0,Established ETi hood tier,Established,KEEP,Retain the established ETi standard hood tier.
🟣 Mazda,ETi Mazda 3 (4Dr) OEM Carbon Fiber Hood,All variants,4,Hood,74,Hood,170.0,133.0,16.0,73.0,-1.0,-1.0,Established ETi hood tier,Established,KEEP,Retain the established ETi standard hood tier.
🟣 Mazda,ETi Mazda 3 (5Dr) ETi Carbon Fiber Hood,All variants,4,Hood,74,Hood,170.0,133.0,16.0,73.0,-1.0,-1.0,Established ETi hood tier,Established,KEEP,Retain the established ETi standard hood tier.
🟣 Mazda,ETi Mazda 3 (5Dr) OEM Carbon Fiber Hood,All variants,4,Hood,74,Hood,170.0,133.0,16.0,73.0,-1.0,-1.0,Established ETi hood tier,Established,KEEP,Retain the established ETi standard hood tier.
🟣 Mazda,ETi Mazda 3 Carbon Fiber Hood,All variants,3,Hood,74,Hood,170.0,133.0,16.0,73.0,-1.0,-1.0,Established ETi hood tier,Established,KEEP,Retain the established ETi standard hood tier.
🟣 Mazda,ETi Mazda RX-7 (FD3S) Carbon Fiber Center Console,All variants,8,Interior Console,10,Interior Console,,,,10.0,0.0,0.0,Retain current actual/manual weight,Existing,KEEP,No defensible dimensional override from the partner extract.
🟣 Mazda,ETi Mazda RX-7 (FD3S) Carbon Fiber Cowl Panel,All variants,8,Accessory,10,Accessory,,,,10.0,0.0,0.0,Retain current actual/manual weight,Existing,KEEP,No defensible dimensional override from the partner extract.
🟣 Mazda,ETi Mazda RX-7 (FD3S) Carbon Fiber Door Cards (RHD),All variants,4,Door Card,38,Door Card,,,,38.0,0.0,0.0,Retain current actual/manual weight,Existing,KEEP,No defensible dimensional override from the partner extract.
🟣 Mazda,ETi Mazda RX-7 (FD3S) Carbon Fiber Door Handles,All variants,8,Door,51,Accessory,,,,51.0,0.0,0.0,Retain current actual/manual weight,Existing,UPDATE SITE,No defensible dimensional override from the partner extract.
🟣 Mazda,ETi Mazda RX-7 (FD3S) Carbon Fiber Doors,All variants,5,Door,51,Door,133.0,54.0,24.0,35.0,-16.0,-16.0,Exact vehicle + part P75,Low,UPDATE SITE,Matched FD3S-DOOR cleaned historical cartons.
🟣 Mazda,ETi Mazda RX-7 (FD3S) Carbon Fiber Ganador Style Side Mirrors,All variants,2,Mirror Cover,6,Mirror Cover,,,,6.0,0.0,0.0,Retain current actual/manual weight,Existing,KEEP,No defensible dimensional override from the partner extract.
🟣 Mazda,ETi Mazda RX-7 (FD3S) Carbon Fiber Rear Strut Bar Cover,All variants,5,Accessory,10,Accessory,,,,10.0,0.0,0.0,Retain current actual/manual weight,Existing,KEEP,No defensible dimensional override from the partner extract.
🟣 Mazda,ETi Mazda RX-7 (FD3S) Carbon Fiber Tonneau Cover,All variants,4,Accessory,10,Accessory,,,,10.0,0.0,0.0,Retain current actual/manual weight,Existing,KEEP,No defensible dimensional override from the partner extract.
🟣 Mazda,ETi Mazda RX-7 (FD3S) Full LHD Interior Kit (Complete Set),All variants,4,Accessory,110,Accessory,,,,110.0,0.0,0.0,Retain current actual/manual weight,Existing,KEEP,No defensible dimensional override from the partner extract.
🟣 Mazda,ETi Mazda RX-7 (FD3S) IC7 Digital Dash Display Mount,All variants,8,Interior Dash,12,Interior Dash,,,,12.0,0.0,0.0,Retain current actual/manual weight,Existing,KEEP,No defensible dimensional override from the partner extract.
🟣 Mazda,ETi Mazda RX-7 (FD3S) R-Magic Style Headlights,All variants,4,Accessory,5,Accessory,,,,5.0,0.0,0.0,Retain current actual/manual weight,Existing,KEEP,No defensible dimensional override from the partner extract.
🟣 Mazda,ETi Mazda RX-7 (FD3S) Titanium Wheel Studs 55mm,All variants,4,Hardware,0.1,Hardware,,,,0.1,0.0,0.0,Retain current actual/manual weight,Existing,KEEP,No defensible dimensional override from the partner extract.
🟣 Mazda,ETi Mazda RX-7 (FD3S) UC10 Display Mount,All variants,8,Accessory,12,Accessory,,,,12.0,0.0,0.0,Retain current actual/manual weight,Existing,KEEP,No defensible dimensional override from the partner extract.
🟣 Mazda,ETi Mazda RX-8 Rear Trunk Lip Spoiler,All variants,2,Trunk/Boot,67,Duckbill / Small Spoiler,130.0,32.0,16.0,14.0,-53.0,-53.0,Exact vehicle + part P75,Low,UPDATE SITE,Matched RX8-RS cleaned historical cartons.
🟣 Mazda,ETi Mazda RX-8 SE3P RE Style Vented Hood,All variants,4,Hood,74,Hood,170.0,133.0,16.0,73.0,-1.0,-1.0,Established ETi hood tier,Established,KEEP,Retain the established ETi standard hood tier.
🟣 Mazda,ETi Mazda RX-8 Titanium Oil Dipstick,All variants,2,Accessory,1,Accessory,,,,1.0,0.0,0.0,Retain current actual/manual weight,Existing,KEEP,No defensible dimensional override from the partner extract.
🟣 Mazda,ETi RX-7 13B Turbo Manifold,All variants,50,Accessory,10,Accessory,,,,10.0,0.0,0.0,Retain current actual/manual weight,Existing,KEEP,No defensible dimensional override from the partner extract.
🟣 Mazda,ETi RX-7 Suzuka Style Carbon Hood,All variants,10,Hood,74,Hood,170.0,133.0,16.0,73.0,-1.0,-1.0,Established ETi hood tier,Established,KEEP,Retain the established ETi standard hood tier.
🟣 Mazda,ETi RX-7 Titanium Key,All variants,12,Accessory,0.1,Accessory,,,,0.1,0.0,0.0,Retain current actual/manual weight,Existing,KEEP,No defensible dimensional override from the partner extract.
🟣 Mazda,ETi RX-7 Titanium Pulley Hardware,All variants,2,Hardware,0.1,Hardware,,,,0.1,0.0,0.0,Retain current actual/manual weight,Existing,KEEP,No defensible dimensional override from the partner extract.
🟣 Mazda,ETi RX-7 Titanium Seat Bolts,All variants,2,Hardware,0.1,Hardware,,,,0.1,0.0,0.0,Retain current actual/manual weight,Existing,KEEP,No defensible dimensional override from the partner extract.
🟣 Mazda,ETi RX7 Titanium Bolt Kit,All variants,4,Hardware,0.1,Hardware,,,,0.1,0.0,0.0,Retain current actual/manual weight,Existing,KEEP,No defensible dimensional override from the partner extract.
🟣 Mazda,ETi Widebody Kit – Mazda RX-8,All variants,1,Full Body Kit,200,Full Body Kit,,,,,,,Manual multi-carton,Manual,REVIEW,Full kits require the sum of each component carton; do not use one generic Shopify weight.
🟣 Mazda,Mazda 3 (5-Door) AutoExe Style Body Kit,All variants,5,Full Body Kit,200,Door,,,,200.0,0.0,0.0,Retain current — chassis dependent,Review,UPDATE SITE,No reliable exact chassis match; broad category data is too variable for a safe overwrite.
🟣 Mazda,Mazda 3 (5-Door) Mazdaspeed Style Body Kit,All variants,5,Full Body Kit,200,Door,,,,200.0,0.0,0.0,Retain current — chassis dependent,Review,UPDATE SITE,No reliable exact chassis match; broad category data is too variable for a safe overwrite.
🟣 Mazda,Mazda 3 AutoExe Style Body Kit,All variants,1,Full Body Kit,200,Full Body Kit,,,,,,,Manual multi-carton,Manual,REVIEW,Full kits require the sum of each component carton; do not use one generic Shopify weight.
🟣 Mazda,Mazda MX-5 Standard Style Body Kit,Complete Body Kit / Fiberglass (FRP); Taillight / Fiberglass (FRP); Taillight / Forged Carbon; Taillight / Gloss Carbon; Taillight / Kevlar; Taillight / Matte Carbon,6,Full Body Kit,200,Full Body Kit,,,,,,,Manual multi-carton,Manual,REVIEW,Full kits require the sum of each component carton; do not use one generic Shopify weight.
🟣 Mazda,Mazda RX-7 (FD3S) 99+ Elite Style Front Bumper,Complete Bumper / Dry Carbon; Complete Bumper / Fiberglass (FRP); Complete Bumper / Forged Carbon; Complete Bumper / Gloss Carbon; Complete Bumper / Kevlar; Complete Bumper / Matte Carbon,6,Bumper,140,Front Bumper,,,,140.0,0.0,0.0,Retain current — bumper evidence sparse,Review,UPDATE SITE,Chinese extract does not contain enough consistent full-bumper observations for a bulk overwrite.
🟣 Mazda,Mazda RX-7 (FD3S) BN-Sport Wide Body Kit,Front Bumper / Fiberglass (FRP); Front Bumper / Forged Carbon; Front Bumper / Gloss Carbon; Front Bumper / Kevlar; Front Bumper / Matte Carbon,5,Bumper,140,Front Bumper,,,,140.0,0.0,0.0,Retain current — bumper evidence sparse,Review,UPDATE SITE,Chinese extract does not contain enough consistent full-bumper observations for a bulk overwrite.
🟣 Mazda,Mazda RX-7 (FD3S) BN-Sport Wide Body Kit,Complete Body Kit / Fiberglass (FRP); Complete Body Kit / Forged Carbon; Complete Body Kit / Gloss Carbon; Complete Body Kit / Kevlar; Complete Body Kit / Matte Carbon,5,Full Body Kit,200,Full Body Kit,,,,,,,Manual multi-carton,Manual,REVIEW,Full kits require the sum of each component carton; do not use one generic Shopify weight.
🟣 Mazda,Mazda RX-7 (FD3S) BN-Sport Wide Body Kit,Rear Bumper / Fiberglass (FRP); Rear Bumper / Forged Carbon; Rear Bumper / Gloss Carbon; Rear Bumper / Kevlar; Rear Bumper / Matte Carbon,5,Bumper,140,Rear Bumper,,,,140.0,0.0,0.0,Retain current — bumper evidence sparse,Review,UPDATE SITE,Chinese extract does not contain enough consistent full-bumper observations for a bulk overwrite.
🟣 Mazda,Mazda RX-7 (FD3S) C-West Body Kit,Front Bumper / Fiberglass (FRP); Front Bumper / Forged Carbon; Front Bumper / Gloss Carbon; Front Bumper / Kevlar; Front Bumper / Matte Carbon,5,Bumper,140,Front Bumper,,,,140.0,0.0,0.0,Retain current — bumper evidence sparse,Review,UPDATE SITE,Chinese extract does not contain enough consistent full-bumper observations for a bulk overwrite.
🟣 Mazda,Mazda RX-7 (FD3S) C-West Body Kit,Complete Body Kit / Fiberglass (FRP); Complete Body Kit / Forged Carbon; Complete Body Kit / Gloss Carbon; Complete Body Kit / Kevlar; Complete Body Kit / Matte Carbon,5,Full Body Kit,200,Full Body Kit,,,,,,,Manual multi-carton,Manual,REVIEW,Full kits require the sum of each component carton; do not use one generic Shopify weight.
🟣 Mazda,Mazda RX-7 (FD3S) C-West Body Kit,Rear Bumper / Fiberglass (FRP); Rear Bumper / Forged Carbon; Rear Bumper / Gloss Carbon; Rear Bumper / Kevlar; Rear Bumper / Matte Carbon,5,Bumper,140,Rear Bumper,,,,140.0,0.0,0.0,Retain current — bumper evidence sparse,Review,UPDATE SITE,Chinese extract does not contain enough consistent full-bumper observations for a bulk overwrite.
🟣 Mazda,Mazda RX-7 (FD3S) FEED Style Front Fenders,All variants,6,Front Fender,66,Front Fender,,,,66.0,0.0,0.0,Retain current — chassis dependent,Review,UPDATE SITE,No reliable exact chassis match; broad category data is too variable for a safe overwrite.
🟣 Mazda,Mazda RX-7 (FD3S) Knight Sport Style Body Kit,Complete Body Kit / Fiberglass (FRP),1,Full Body Kit,200,Full Body Kit,,,,,,,Manual multi-carton,Manual,REVIEW,Full kits require the sum of each component carton; do not use one generic Shopify weight.
🟣 Mazda,Mazda RX-7 (FD3S) Knight Sport Style Body Kit,Mirror / Fiberglass (FRP); Mirror / Forged Carbon; Mirror / Gloss Carbon; Mirror / Kevlar; Mirror / Matte Carbon,5,Mirror Cover,6,Mirror Cover,,,,6.0,0.0,0.0,Retain current actual/manual weight,Existing,KEEP,No defensible dimensional override from the partner extract.
🟣 Mazda,Mazda RX-7 (FD3S) Lexan OEM-Style Hood,All variants,4,Hood,74,Hood,170.0,133.0,16.0,73.0,-1.0,-1.0,Established ETi hood tier,Established,KEEP,Retain the established ETi standard hood tier.
🟣 Mazda,Mazda RX-7 (FD3S) Mazdaspeed Body Kit,Front Bumper / Fiberglass (FRP); Front Bumper / Forged Carbon; Front Bumper / Gloss Carbon; Front Bumper / Kevlar; Front Bumper / Matte Carbon,5,Bumper,140,Front Bumper,,,,140.0,0.0,0.0,Retain current — bumper evidence sparse,Review,UPDATE SITE,Chinese extract does not contain enough consistent full-bumper observations for a bulk overwrite.
🟣 Mazda,Mazda RX-7 (FD3S) Mazdaspeed Body Kit,Complete Body Kit / Fiberglass (FRP); Complete Body Kit / Forged Carbon; Complete Body Kit / Gloss Carbon; Complete Body Kit / Kevlar; Complete Body Kit / Matte Carbon,5,Full Body Kit,200,Full Body Kit,,,,,,,Manual multi-carton,Manual,REVIEW,Full kits require the sum of each component carton; do not use one generic Shopify weight.
🟣 Mazda,Mazda RX-7 (FD3S) Mazdaspeed Style Carbon Fiber Hood,All variants,10,Hood,74,Hood,170.0,133.0,16.0,73.0,-1.0,-1.0,Established ETi hood tier,Established,KEEP,Retain the established ETi standard hood tier.
🟣 Mazda,Mazda RX-7 (FD3S) Minor Change 2000 Body Kit,Front Bumper / Fiberglass (FRP); Front Bumper / Forged Carbon; Front Bumper / Gloss Carbon; Front Bumper / Kevlar; Front Bumper / Matte Carbon,5,Bumper,140,Front Bumper,,,,140.0,0.0,0.0,Retain current — bumper evidence sparse,Review,UPDATE SITE,Chinese extract does not contain enough consistent full-bumper observations for a bulk overwrite.
🟣 Mazda,Mazda RX-7 (FD3S) Minor Change 2000 Body Kit,Complete Body Kit / Fiberglass (FRP); Complete Body Kit / Forged Carbon; Complete Body Kit / Gloss Carbon; Complete Body Kit / Kevlar; Complete Body Kit / Matte Carbon,5,Full Body Kit,200,Full Body Kit,,,,,,,Manual multi-carton,Manual,REVIEW,Full kits require the sum of each component carton; do not use one generic Shopify weight.
🟣 Mazda,Mazda RX-7 (FD3S) NACA Vented Style Headlight Cover,All variants,5,Fog Cover,5,Fog / Light Cover,,,,5.0,0.0,0.0,Retain current actual/manual weight,Existing,UPDATE SITE,No defensible dimensional override from the partner extract.
🟣 Mazda,Mazda RX-7 (FD3S) OEM Style Carbon Fiber Trunk,All variants,4,Trunk/Boot,67,Trunk / Boot,,,,67.0,0.0,0.0,Retain current — chassis dependent,Review,UPDATE SITE,No reliable exact chassis match; broad category data is too variable for a safe overwrite.
🟣 Mazda,Mazda RX-7 (FD3S) OEM Style Headlight Cover,All variants,4,Fog Cover,5,Fog / Light Cover,,,,5.0,0.0,0.0,Retain current actual/manual weight,Existing,UPDATE SITE,No defensible dimensional override from the partner extract.
🟣 Mazda,Mazda RX-7 (FD3S) RE Style Headlights,All variants,5,Accessory,5,Accessory,,,,5.0,0.0,0.0,Retain current actual/manual weight,Existing,KEEP,No defensible dimensional override from the partner extract.
🟣 Mazda,Mazda RX-7 (FD3S) RE-Amemiya GT Carbon Hood,All variants,10,Hood,74,Hood,170.0,133.0,16.0,73.0,-1.0,-1.0,Established ETi hood tier,Established,KEEP,Retain the established ETi standard hood tier.
🟣 Mazda,Mazda RX-7 (FD3S) RE-Amemiya Style Full Wide Body Kit,Front Bumper / Fiberglass (FRP); Front Bumper / Forged Carbon; Front Bumper / Gloss Carbon; Front Bumper / Kevlar; Front Bumper / Matte Carbon,5,Bumper,140,Front Bumper,,,,140.0,0.0,0.0,Retain current — bumper evidence sparse,Review,UPDATE SITE,Chinese extract does not contain enough consistent full-bumper observations for a bulk overwrite.
🟣 Mazda,Mazda RX-7 (FD3S) RE-Amemiya Style Full Wide Body Kit,Complete Body Kit / Fiberglass (FRP); Complete Body Kit / Forged Carbon; Complete Body Kit / Gloss Carbon; Complete Body Kit / Kevlar; Complete Body Kit / Matte Carbon; Front Fender / Fiberglass (FRP); …,20,"Front Fender, Full Body Kit, Rear Diffuser, Rear Fender","30, 41, 66, 200",Full Body Kit,,,,,,,Manual multi-carton,Manual,REVIEW,Full kits require the sum of each component carton; do not use one generic Shopify weight.
🟣 Mazda,Mazda RX-7 (FD3S) RE-Amemiya Style Rear Lamp Tail Lip,All variants,4,Accessory,32,Accessory,,,,32.0,0.0,0.0,Retain current actual/manual weight,Existing,KEEP,No defensible dimensional override from the partner extract.
🟣 Mazda,Mazda RX-7 (FD3S) Rocket Bunny Wide Body Kit,Front Bumper / Fiberglass (FRP); Front Bumper / Forged Carbon; Front Bumper / Gloss Carbon; Front Bumper / Kevlar; Front Bumper / Matte Carbon,5,Bumper,140,Front Bumper,,,,140.0,0.0,0.0,Retain current — bumper evidence sparse,Review,UPDATE SITE,Chinese extract does not contain enough consistent full-bumper observations for a bulk overwrite.
🟣 Mazda,Mazda RX-7 (FD3S) Rocket Bunny Wide Body Kit,Complete Body Kit / Fiberglass (FRP); Complete Body Kit / Forged Carbon; Complete Body Kit / Gloss Carbon; Complete Body Kit / Kevlar; Complete Body Kit / Matte Carbon; Front Fender / Fiberglass (FRP); …,15,"Front Fender, Full Body Kit, Rear Fender","41, 66, 200",Full Body Kit,,,,,,,Manual multi-carton,Manual,REVIEW,Full kits require the sum of each component carton; do not use one generic Shopify weight.
🟣 Mazda,Mazda RX-7 (FD3S) V8 MS Engine Swap Carbon Hood,All variants,8,Hood,74,Hood,170.0,133.0,16.0,73.0,-1.0,-1.0,Established ETi hood tier,Established,KEEP,Retain the established ETi standard hood tier.
🟣 Mazda,Mazda RX-7 (FD3S) Veilside Style Carbon Fiber Hood,All variants,8,Hood,74,Hood,170.0,133.0,16.0,73.0,-1.0,-1.0,Established ETi hood tier,Established,KEEP,Retain the established ETi standard hood tier.
🟣 Mazda,Mazda RX-7 (FD3S) Veilside Style Carbon Fiber Trunk,All variants,8,Trunk/Boot,67,Trunk / Boot,,,,67.0,0.0,0.0,Retain current — chassis dependent,Review,UPDATE SITE,No reliable exact chassis match; broad category data is too variable for a safe overwrite.
🟣 Mazda,Mazda RX-7 (FD3S) Vertex Style Body Kit,Front Bumper / Fiberglass (FRP); Front Bumper / Forged Carbon; Front Bumper / Gloss Carbon; Front Bumper / Kevlar; Front Bumper / Matte Carbon,5,Bumper,140,Front Bumper,,,,140.0,0.0,0.0,Retain current — bumper evidence sparse,Review,UPDATE SITE,Chinese extract does not contain enough consistent full-bumper observations for a bulk overwrite.
🟣 Mazda,Mazda RX-7 (FD3S) Vertex Style Body Kit,Complete Body Kit / Fiberglass (FRP); Complete Body Kit / Forged Carbon; Complete Body Kit / Gloss Carbon; Complete Body Kit / Kevlar; Complete Body Kit / Matte Carbon,5,Full Body Kit,200,Full Body Kit,,,,,,,Manual multi-carton,Manual,REVIEW,Full kits require the sum of each component carton; do not use one generic Shopify weight.
🟣 Mazda,Mazda RX-7 (FD3S) Vertex Style Body Kit,Rear Bumper / Fiberglass (FRP); Rear Bumper / Forged Carbon; Rear Bumper / Gloss Carbon; Rear Bumper / Kevlar; Rear Bumper / Matte Carbon,5,Bumper,140,Rear Bumper,,,,140.0,0.0,0.0,Retain current — bumper evidence sparse,Review,UPDATE SITE,Chinese extract does not contain enough consistent full-bumper observations for a bulk overwrite.
🟣 Mazda,Mazda RX-8 MazdaSpeed Body Kit (4-Piece),All variants,6,Full Body Kit,200,Full Body Kit,,,,,,,Manual multi-carton,Manual,REVIEW,Full kits require the sum of each component carton; do not use one generic Shopify weight.
🟣 Mazda,Mazda RX-8 Odula Carbon Fiber Hood,All variants,4,Hood,74,Hood,170.0,133.0,16.0,73.0,-1.0,-1.0,Established ETi hood tier,Established,KEEP,Retain the established ETi standard hood tier.
🟣 Mazda,Mazda RX-8 Pandem Body Kit,Full Kit without duckbill,1,Full Body Kit,200,Duckbill / Small Spoiler,130.0,32.0,16.0,14.0,-186.0,-186.0,Exact vehicle + part P75,Low,UPDATE SITE,Matched RX8-RS cleaned historical cartons.
🟣 Mazda,Mazda RX-8 Pandem Body Kit,Full Kit; Full Kit with Carbon Accents,2,Full Body Kit,200,Full Body Kit,,,,,,,Manual multi-carton,Manual,REVIEW,Full kits require the sum of each component carton; do not use one generic Shopify weight.
🟣 Mazda,Mazda RX-8 RE Carbon Fiber Hood,All variants,4,Hood,74,Hood,170.0,133.0,16.0,73.0,-1.0,-1.0,Established ETi hood tier,Established,KEEP,Retain the established ETi standard hood tier.
🟣 Mazda,Mazda RX-8 Rear Bumper Diffuser,All variants,4,Bumper,140,Rear Diffuser,151.0,51.0,21.0,33.0,-107.0,-107.0,Cleaned category P75,Low,UPDATE SITE,Cleaned P75; full diffusers only. Representative carton: B-987-DIF-EPAGT / OD-0018908.
🟣 Mazda,Mazda RX-8 SE3P VTX1-Style Front Bumper,All variants,5,Bumper,140,Front Bumper,,,,140.0,0.0,0.0,Retain current — bumper evidence sparse,Review,UPDATE SITE,Chinese extract does not contain enough consistent full-bumper observations for a bulk overwrite.
🟣 Mazda,Mazda RX-8 VS-Style Rear Bumper,All variants,5,Bumper,140,Rear Bumper,,,,140.0,0.0,0.0,Retain current — bumper evidence sparse,Review,UPDATE SITE,Chinese extract does not contain enough consistent full-bumper observations for a bulk overwrite.
🟣 Mazda,RX-7 RE Amemiya Street-Style Carbon Fiber Rear Diffuser,All variants,4,Rear Diffuser,30,Rear Diffuser,151.0,51.0,21.0,33.0,3.0,3.0,Cleaned category P75,Low,UPDATE SITE,Cleaned P75; full diffusers only. Representative carton: B-987-DIF-EPAGT / OD-0018908.
🟣 Mazda,RX-8 SE3P EPA Design Vented Carbon Hood,All variants,3,Hood,74,Hood,170.0,133.0,16.0,73.0,-1.0,-1.0,Established ETi hood tier,Established,KEEP,Retain the established ETi standard hood tier.
🟣 Mazda,RX8 03-08 SE3P MS Style Front Bumper,All variants,2,Bumper,140,Front Bumper,,,,140.0,0.0,0.0,Retain current — bumper evidence sparse,Review,UPDATE SITE,Chinese extract does not contain enough consistent full-bumper observations for a bulk overwrite.
🟣 Mazda,RX8 B-Pillar Cover (A-RX8-BPILA),All variants,1,Pillar Trim,8,Pillar Trim,,,,8.0,0.0,0.0,Retain current actual/manual weight,Existing,KEEP,No defensible dimensional override from the partner extract.
🟣 Mazda,RX8 Carbon Eyebrow (A-RX8-EYE),All variants,1,Accessory,5,Accessory,,,,5.0,0.0,0.0,Retain current actual/manual weight,Existing,KEEP,No defensible dimensional override from the partner extract.
🟣 Mazda,RX8 Carbon Side Mirror Cover,All variants,1,Mirror Cover,6,Mirror Cover,,,,6.0,0.0,0.0,Retain current actual/manual weight,Existing,KEEP,No defensible dimensional override from the partner extract.
🟣 Mazda,RX8 Dash Mount Triple Gauge Pod RHD 60mm (A-RX8-POD-3H),All variants,1,Gauge Pod,5,Gauge Pod,,,,5.0,0.0,0.0,Retain current actual/manual weight,Existing,KEEP,No defensible dimensional override from the partner extract.
🟣 Mazda,RX8 Fender Fins Add On (A-RX8-FIN-FENDER),All variants,1,Accessory,5,Accessory,,,,5.0,0.0,0.0,Retain current actual/manual weight,Existing,KEEP,No defensible dimensional override from the partner extract.
🟣 Mazda,RX8 Rear Roof Spoiler (All Model) (B-RX8-RS-RF),All variants,1,Roof Panel,55,Duckbill / Small Spoiler,130.0,32.0,16.0,14.0,-41.0,-41.0,Exact vehicle + part P75,Low,UPDATE SITE,Matched RX8-RS cleaned historical cartons.
🟣 Mazda,RX8 SE3P MS Style Rear Diffuser,All variants,2,Rear Diffuser,30,Rear Diffuser,151.0,51.0,21.0,33.0,3.0,3.0,Cleaned category P75,Low,UPDATE SITE,Cleaned P75; full diffusers only. Representative carton: B-987-DIF-EPAGT / OD-0018908.
🟣 Mazda,RX8 SE3P MS Style Rear Spoiler,All variants,2,Spoiler/Wing,17,Standard Spoiler / Wing,130.0,32.0,16.0,14.0,-3.0,-3.0,Exact vehicle + part P75,Low,UPDATE SITE,Matched RX8-RS cleaned historical cartons.
🟣 Mazda,RX8 SE3P RB Style Rear Diffuser,All variants,2,Rear Diffuser,30,Rear Diffuser,151.0,51.0,21.0,33.0,3.0,3.0,Cleaned category P75,Low,UPDATE SITE,Cleaned P75; full diffusers only. Representative carton: B-987-DIF-EPAGT / OD-0018908.
🟣 Mazda,RX8 SE3P RB Style Rear Duckbill Spoiler,All variants,2,Spoiler/Wing,17,Duckbill / Small Spoiler,130.0,32.0,16.0,14.0,-3.0,-3.0,Exact vehicle + part P75,Low,UPDATE SITE,Matched RX8-RS cleaned historical cartons.
🟣 Mazda,RX8 SE3P RB Style Rear GT Spoiler,All variants,2,GT Wing,52,Standard Spoiler / Wing,130.0,32.0,16.0,14.0,-38.0,-38.0,Exact vehicle + part P75,Low,UPDATE SITE,Matched RX8-RS cleaned historical cartons.
🟣 Mazda,RX8 SE3P VTX1 Style Rear Bumper,All variants,2,Bumper,140,Rear Bumper,,,,140.0,0.0,0.0,Retain current — bumper evidence sparse,Review,UPDATE SITE,Chinese extract does not contain enough consistent full-bumper observations for a bulk overwrite.
🏎️ MAZDA,ETi Mazda RX-7 (FD3S) Carbon Fiber Interior Trim Set,All variants,40,Kits / Accessories / Trim,0.0/0.0/0.0/0.0/0.0/0.0/0.0/0.0/0.0/0.0/0.0/0.0/0.0/0.0/0.0/0.0/0.0/0.0/0.0/0.0/0.0/0.0/0.0/0.0/0.0/0.0/0.0/0.0/0.0/0.0/0.0/0.0/0.0/0.0/0.0/0.0/0.0/0.0/0.0/0.0,Kits / Accessories / Trim,,,,,,,Manual review,Manual,REVIEW,Body kit / Accessory / Trim requiring manual configuration.
🏎️ MAZDA,ETi Mazda RX-7 (FD3S) Carbon Fiber Door Sills,All variants,20,Door,0.0/0.0/0.0/0.0/0.0/0.0/0.0/0.0/0.0/0.0/0.0/0.0/0.0/0.0/0.0/0.0/0.0/0.0/0.0/0.0,Door,118.0,62.0,34.0,50.0,50.0,50.0,Cleaned category P75,Low,UPDATE SITE,Only three clean observations. Exact match only; pairs require manual confirmation. Representative carton: A-LP550-DOOR-IN / OD-0026429.
⚪ Other,MR2 Rev 5 Wing,All variants,4,Standard Spoiler / Wing,0.0/0.0/0.0/0.0,Standard Spoiler / Wing,133.0,43.0,26.0,30.0,30.0,30.0,Cleaned category P75,High,UPDATE SITE,Generic standard-wing fallback; exact vehicle evidence preferred. Representative carton: A-DE5-RS-AR2& / OD-0022319. Representative carton: B-YARISGR-RS-GV / OD-0027494.
⚪ Other,LED Door Sill,All variants,27,Door,0.0/0.0/0.0/0.0/0.0/0.0/0.0/0.0/0.0/0.0/0.0/0.0/0.0/0.0/0.0/0.0/0.0/0.0/0.0/0.0/0.0/0.0/0.0/0.0/0.0/0.0/0.0,Door,118.0,62.0,34.0,50.0,50.0,50.0,Cleaned category P75,Low,UPDATE SITE,Only three clean observations. Exact match only; pairs require manual confirmation. Representative carton: A-LP550-DOOR-IN / OD-0026429.
⚪ Other,8Pcs Carbon Fiber Interior Set,All variants,4,Kits / Accessories / Trim,0.0/0.0/0.0/0.0,Kits / Accessories / Trim,,,,,,,Manual review,Manual,REVIEW,Body kit / Accessory / Trim requiring manual configuration.
⚪ Other,Model 3 Eyelid Canards,All variants,1,Canards,0.0,Canards,66.0,24.0,22.0,7.0,7.0,7.0,Cleaned category P75,High,UPDATE SITE,Cleaned P75; prevents full-bumper inheritance. Representative carton: A-G70-CANA-EPA / OD-0018524.
⚪ Other,Alcantara Car Armrest Box,All variants,5,Kits / Accessories / Trim,0.0/0.0/0.0/0.0/0.0,Kits / Accessories / Trim,,,,,,,Manual review,Manual,REVIEW,Body kit / Accessory / Trim requiring manual configuration.
⚪ Other,Carbon Fiber Mirror Covers,All variants,1,Kits / Accessories / Trim,0.0,Kits / Accessories / Trim,,,,,,,Manual review,Manual,REVIEW,Body kit / Accessory / Trim requiring manual configuration.
⚪ Other,Carbon Fiber Rear Vent Cover,All variants,4,Kits / Accessories / Trim,0.0/0.0/0.0/0.0,Kits / Accessories / Trim,,,,,,,Manual review,Manual,REVIEW,Body kit / Accessory / Trim requiring manual configuration.
🏎️ MAZDA,Mazda RX-7 (FD3S) Mazdaspeed Rear Wing,All variants,4,Standard Spoiler / Wing,0.0/0.0/0.0/0.0,Standard Spoiler / Wing,133.0,43.0,26.0,30.0,30.0,30.0,Cleaned category P75,High,UPDATE SITE,Generic standard-wing fallback; exact vehicle evidence preferred. Representative carton: A-DE5-RS-AR2& / OD-0022319. Representative carton: B-YARISGR-RS-GV / OD-0027494.
⚪ Other,R32 Carbon Fiber Dash,All variants,5,Kits / Accessories / Trim,0.0/0.0/0.0/0.0/0.0,Kits / Accessories / Trim,,,,,,,Manual review,Manual,REVIEW,Body kit / Accessory / Trim requiring manual configuration.
⚪ Other,R32 Door Sills,All variants,5,Door,0.0/0.0/0.0/0.0/0.0,Door,118.0,62.0,34.0,50.0,50.0,50.0,Cleaned category P75,Low,UPDATE SITE,Only three clean observations. Exact match only; pairs require manual confirmation. Representative carton: A-LP550-DOOR-IN / OD-0026429.
⚪ Other,R32 Duckbill Trunk,All variants,1,Trunk / Boot,0.0,Trunk / Boot,132.0,73.0,42.0,81.0,81.0,81.0,Cleaned category P75,Low,UPDATE SITE,Bimodal by chassis. Use exact vehicle profile only; otherwise retain current value and review. Representative carton: A-E46-TRUNK-OE / OD-0017474.
🏎️ MAZDA,Mazda RX-7 (FD3S) 99 Spec Wing,All variants,37,Standard Spoiler / Wing,0.0/0.0/0.0/0.0/0.0/0.0/0.0/0.0/0.0/0.0/0.0/0.0/0.0/0.0/0.0/0.0/0.0/0.0/0.0/0.0/0.0/0.0/0.0/0.0/0.0/0.0/0.0/0.0/0.0/0.0/0.0/0.0/0.0/0.0/0.0/0.0/0.0,Standard Spoiler / Wing,133.0,43.0,26.0,30.0,30.0,30.0,Cleaned category P75,High,UPDATE SITE,Generic standard-wing fallback; exact vehicle evidence preferred. Representative carton: A-DE5-RS-AR2& / OD-0022319. Representative carton: B-YARISGR-RS-GV / OD-0027494.
🏎️ TOYOTA,ETi Toyota Supra MKIV Ridox Style Widebody Kit,All variants,39,Kits / Accessories / Trim,0.0/0.0/0.0/0.0/0.0/0.0/0.0/0.0/0.0/0.0/0.0/0.0/0.0/0.0/0.0/0.0/0.0/0.0/0.0/0.0/0.0/0.0/0.0/0.0/0.0/0.0/0.0/0.0/0.0/0.0/0.0/0.0/0.0/0.0/0.0/0.0/0.0/0.0/0.0,Kits / Accessories / Trim,,,,,,,Manual review,Manual,REVIEW,Body kit / Accessory / Trim requiring manual configuration.
🏎️ NISSAN,Nissan Skyline R32 GTR OEM Style Carbon fiber Hood,All variants,3,Hood Standard,0.0/0.0/0.0,Hood — Standard,170.0,133.0,16.0,73.0,73.0,73.0,Cleaned category P75,High,UPDATE SITE,Retain the established ETi standard hood tier.
🏎️ NISSAN,Nissan Skyline R32 GTR N1 Style Side Skirt Carbon fiber Underboard,All variants,1,Side Skirts,0.0,Side Skirts,171.0,31.0,20.0,22.0,22.0,22.0,Cleaned category P75,High,UPDATE SITE,Cleaned P75; full side-skirt cartons. Representative carton: B-MX5-SS-ND-ESQ / OD-0021733.
🏎️ NISSAN,Nissan Skyline R32 GTST GTR Rear Bumper Carbon fiber  Exhaust Heat Shield,All variants,1,Rear Bumper,0.0,Rear Bumper,200.0,80.0,60.0,192.0,192.0,192.0,Cleaned category P75,Low,UPDATE SITE,Only one defensible clean observation. Retain current site value pending confirmation. Representative carton: H-G35-RB-KEN / OD-0020514.
🏎️ NISSAN,Nissan Skyline R32 & BNR32 GTR Carbon Fibre Ganador  Style Full Carbon Fiber Electric Side Mirrors,All variants,5,Kits / Accessories / Trim,0.0/0.0/0.0/0.0/0.0,Kits / Accessories / Trim,,,,,,,Manual review,Manual,REVIEW,Body kit / Accessory / Trim requiring manual configuration.
⚪ Other,R32 Nismo Style Rear Carbon Fiber Bootlid Lip Spoiler,All variants,4,Front Lip / Splitter,0.0/0.0/0.0/0.0,Front Lip / Splitter,177.0,57.0,17.0,35.0,35.0,35.0,Cleaned category P75,High,UPDATE SITE,Cleaned P75 of actual single-unit cartons. Representative carton: B-R34-FL-HSM / OD-0027251.
⚪ Other,R32 Twin Double Carbon Fiber Gauge Pod,All variants,2,Kits / Accessories / Trim,0.0/0.0,Kits / Accessories / Trim,,,,,,,Manual review,Manual,REVIEW,Body kit / Accessory / Trim requiring manual configuration.
⚪ Other,Skyline R32 GTS OEM Front Fender,All variants,5,Front Fender,0.0/0.0/0.0/0.0/0.0,Front Fender,119.0,84.0,36.0,72.0,72.0,72.0,Cleaned category P75,Low,UPDATE SITE,Highly chassis-dependent. Use exact vehicle profile only; otherwise retain current value and review. Representative carton: A-EVO8-FF-VA / OD-0022537.
⚪ Other,R32 GTS Rear Fender +50 MM,All variants,5,Rear Fender,0.0/0.0/0.0/0.0/0.0,Rear Fender,141.0,57.0,30.0,49.0,49.0,49.0,Cleaned category P75,Low,UPDATE SITE,Highly chassis-dependent. Use exact vehicle profile only; otherwise retain current value and review. Representative carton: B-G37-RF-LB / OD-0020212.
⚪ Other,R32 4DR Rear Bumper,All variants,1,Rear Bumper,0.0,Rear Bumper,200.0,80.0,60.0,192.0,192.0,192.0,Cleaned category P75,Low,UPDATE SITE,Only one defensible clean observation. Retain current site value pending confirmation. Representative carton: H-G35-RB-KEN / OD-0020514.
⚪ Other,R32 GTS Vertex Front Bumper 2DR,All variants,5,Front Bumper,0.0/0.0/0.0/0.0/0.0,Front Bumper,200.0,80.0,60.0,192.0,192.0,192.0,Cleaned category P75,Low,UPDATE SITE,Partner sample is too sparse and variable for bulk replacement. Retain current site value pending chassis-level confirmation. Representative carton: P-ELTRA23-FB-NPER / OD-0020758.
⚪ Other,R32 GTS Vertex Side Skirts 2DR,All variants,5,Side Skirts,0.0/0.0/0.0/0.0/0.0,Side Skirts,171.0,31.0,20.0,22.0,22.0,22.0,Cleaned category P75,High,UPDATE SITE,Cleaned P75; full side-skirt cartons. Representative carton: B-MX5-SS-ND-ESQ / OD-0021733.
⚪ Other,R32 GTS Vertex Rear Bumper 2DR,All variants,5,Rear Bumper,0.0/0.0/0.0/0.0/0.0,Rear Bumper,200.0,80.0,60.0,192.0,192.0,192.0,Cleaned category P75,Low,UPDATE SITE,Only one defensible clean observation. Retain current site value pending confirmation. Representative carton: H-G35-RB-KEN / OD-0020514.
⚪ Other,R32 2DR Side Skirts,All variants,5,Side Skirts,0.0/0.0/0.0/0.0/0.0,Side Skirts,171.0,31.0,20.0,22.0,22.0,22.0,Cleaned category P75,High,UPDATE SITE,Cleaned P75; full side-skirt cartons. Representative carton: B-MX5-SS-ND-ESQ / OD-0021733.
⚪ Other,R32 4D GTR DO-LUCK Side Skirts,All variants,5,Side Skirts,0.0/0.0/0.0/0.0/0.0,Side Skirts,171.0,31.0,20.0,22.0,22.0,22.0,Cleaned category P75,High,UPDATE SITE,Cleaned P75; full side-skirt cartons. Representative carton: B-MX5-SS-ND-ESQ / OD-0021733.
⚪ Other,R32 2D/4D GTS Do-Luck Rear Bumper,All variants,1,Rear Bumper,0.0,Rear Bumper,200.0,80.0,60.0,192.0,192.0,192.0,Cleaned category P75,Low,UPDATE SITE,Only one defensible clean observation. Retain current site value pending confirmation. Representative carton: H-G35-RB-KEN / OD-0020514.
⚪ Other,R32 GTR Do-Luck Rear Bumper,All variants,5,Rear Bumper,0.0/0.0/0.0/0.0/0.0,Rear Bumper,200.0,80.0,60.0,192.0,192.0,192.0,Cleaned category P75,Low,UPDATE SITE,Only one defensible clean observation. Retain current site value pending confirmation. Representative carton: H-G35-RB-KEN / OD-0020514.
⚪ Other,R32 Vertex Rear Bumper 4DR,All variants,5,Rear Bumper,0.0/0.0/0.0/0.0/0.0,Rear Bumper,200.0,80.0,60.0,192.0,192.0,192.0,Cleaned category P75,Low,UPDATE SITE,Only one defensible clean observation. Retain current site value pending confirmation. Representative carton: H-G35-RB-KEN / OD-0020514.
⚪ Other,R32 GTR Do-Luck Front Bumper,All variants,5,Front Bumper,0.0/0.0/0.0/0.0/0.0,Front Bumper,200.0,80.0,60.0,192.0,192.0,192.0,Cleaned category P75,Low,UPDATE SITE,Partner sample is too sparse and variable for bulk replacement. Retain current site value pending chassis-level confirmation. Representative carton: P-ELTRA23-FB-NPER / OD-0020758.
⚪ Other,R32 GTR Eastbear Side Skirt Addon,All variants,1,Side Skirts,0.0,Side Skirts,171.0,31.0,20.0,22.0,22.0,22.0,Cleaned category P75,High,UPDATE SITE,Cleaned P75; full side-skirt cartons. Representative carton: B-MX5-SS-ND-ESQ / OD-0021733.
⚪ Other,R32 GTR OEM Front Bumper TBO Design Canard (4 pcs),All variants,4,Canards,0.0/0.0/0.0/0.0,Canards,66.0,24.0,22.0,7.0,7.0,7.0,Cleaned category P75,High,UPDATE SITE,Cleaned P75; prevents full-bumper inheritance. Representative carton: A-G70-CANA-EPA / OD-0018524.
⚪ Other,R34 GTR OEM Door Cards (4pcs),All variants,5,Door,0.0/0.0/0.0/0.0/0.0,Door,118.0,62.0,34.0,50.0,50.0,50.0,Cleaned category P75,Low,UPDATE SITE,Only three clean observations. Exact match only; pairs require manual confirmation. Representative carton: A-LP550-DOOR-IN / OD-0026429.
⚪ Other,R34 GTR OEM Front Fender,All variants,5,Front Fender,0.0/0.0/0.0/0.0/0.0,Front Fender,119.0,84.0,36.0,72.0,72.0,72.0,Cleaned category P75,Low,UPDATE SITE,Highly chassis-dependent. Use exact vehicle profile only; otherwise retain current value and review. Representative carton: A-EVO8-FF-VA / OD-0022537.
⚪ Other,R34 GTR Do-Luck Front Fender,All variants,5,Front Fender,0.0/0.0/0.0/0.0/0.0,Front Fender,119.0,84.0,36.0,72.0,72.0,72.0,Cleaned category P75,Low,UPDATE SITE,Highly chassis-dependent. Use exact vehicle profile only; otherwise retain current value and review. Representative carton: A-EVO8-FF-VA / OD-0022537.
⚪ Other,R34 GTR BN-Sports Front Fender,All variants,5,Front Fender,0.0/0.0/0.0/0.0/0.0,Front Fender,119.0,84.0,36.0,72.0,72.0,72.0,Cleaned category P75,Low,UPDATE SITE,Highly chassis-dependent. Use exact vehicle profile only; otherwise retain current value and review. Representative carton: A-EVO8-FF-VA / OD-0022537.
⚪ Other,R34 GTT NI Style Hood,All variants,4,Hood Standard,0.0/0.0/0.0/0.0,Hood — Standard,170.0,133.0,16.0,73.0,73.0,73.0,Cleaned category P75,High,UPDATE SITE,Retain the established ETi standard hood tier.
⚪ Other,R34 GTR OEM Front Bumper (4pcs Canard),All variants,4,Canards,0.0/0.0/0.0/0.0,Canards,66.0,24.0,22.0,7.0,7.0,7.0,Cleaned category P75,High,UPDATE SITE,Cleaned P75; prevents full-bumper inheritance. Representative carton: A-G70-CANA-EPA / OD-0018524.
⚪ Other,R34 ER34 Air Filter Cover,All variants,5,Kits / Accessories / Trim,0.0/0.0/0.0/0.0/0.0,Kits / Accessories / Trim,,,,,,,Manual review,Manual,REVIEW,Body kit / Accessory / Trim requiring manual configuration.
⚪ Other,R34 GTR GTT OEM Rear Trunk (W/O Brake Lamp Position),All variants,5,Trunk / Boot,0.0/0.0/0.0/0.0/0.0,Trunk / Boot,132.0,73.0,42.0,81.0,81.0,81.0,Cleaned category P75,Low,UPDATE SITE,Bimodal by chassis. Use exact vehicle profile only; otherwise retain current value and review. Representative carton: A-E46-TRUNK-OE / OD-0017474.
⚪ Other,R34 GTT GTR Door Sill,All variants,1,Door,0.0,Door,118.0,62.0,34.0,50.0,50.0,50.0,Cleaned category P75,Low,UPDATE SITE,Only three clean observations. Exact match only; pairs require manual confirmation. Representative carton: A-LP550-DOOR-IN / OD-0026429.
⚪ Other,R34 GTT Cooling Panel,All variants,1,Kits / Accessories / Trim,0.0,Kits / Accessories / Trim,,,,,,,Manual review,Manual,REVIEW,Body kit / Accessory / Trim requiring manual configuration.
⚪ Other,R34 GTR Cooling Slam Panel,All variants,1,Kits / Accessories / Trim,0.0,Kits / Accessories / Trim,,,,,,,Manual review,Manual,REVIEW,Body kit / Accessory / Trim requiring manual configuration.
⚪ Other,R34 GTR OEM Standard Front Bumper Bottom Lip,All variants,4,Front Lip / Splitter,0.0/0.0/0.0/0.0,Front Lip / Splitter,177.0,57.0,17.0,35.0,35.0,35.0,Cleaned category P75,High,UPDATE SITE,Cleaned P75 of actual single-unit cartons. Representative carton: B-R34-FL-HSM / OD-0027251.
⚪ Other,R34 GTR Nismo Style Front Bumper,All variants,2,Front Bumper,0.0/0.0,Front Bumper,200.0,80.0,60.0,192.0,192.0,192.0,Cleaned category P75,Low,UPDATE SITE,Partner sample is too sparse and variable for bulk replacement. Retain current site value pending chassis-level confirmation. Representative carton: P-ELTRA23-FB-NPER / OD-0020758.
⚪ Other,R34 GTR OEM Rear Spoiler (Fits: R32 R33 R34 GTR GTS G35),All variants,5,Standard Spoiler / Wing,0.0/0.0/0.0/0.0/0.0,Standard Spoiler / Wing,133.0,43.0,26.0,30.0,30.0,30.0,Cleaned category P75,High,UPDATE SITE,Generic standard-wing fallback; exact vehicle evidence preferred. Representative carton: A-DE5-RS-AR2& / OD-0022319. Representative carton: B-YARISGR-RS-GV / OD-0027494.
⚪ Other,R34 GTT GTR Jun Style Wing Higher Legs (20.5 cm),All variants,1,Standard Spoiler / Wing,0.0,Standard Spoiler / Wing,133.0,43.0,26.0,30.0,30.0,30.0,Cleaned category P75,High,UPDATE SITE,Generic standard-wing fallback; exact vehicle evidence preferred. Representative carton: A-DE5-RS-AR2& / OD-0022319. Representative carton: B-YARISGR-RS-GV / OD-0027494.
⚪ Other,R34 GTR 2D Bomex Style Rear Spoiler Wing,All variants,2,Standard Spoiler / Wing,0.0/0.0,Standard Spoiler / Wing,133.0,43.0,26.0,30.0,30.0,30.0,Cleaned category P75,High,UPDATE SITE,Generic standard-wing fallback; exact vehicle evidence preferred. Representative carton: A-DE5-RS-AR2& / OD-0022319. Representative carton: B-YARISGR-RS-GV / OD-0027494.
⚪ Other,R34 GTT 4D Origin Lab Style Rear Roof Spoiler,All variants,4,Standard Spoiler / Wing,0.0/0.0/0.0/0.0,Standard Spoiler / Wing,133.0,43.0,26.0,30.0,30.0,30.0,Cleaned category P75,High,UPDATE SITE,Generic standard-wing fallback; exact vehicle evidence preferred. Representative carton: A-DE5-RS-AR2& / OD-0022319. Representative carton: B-YARISGR-RS-GV / OD-0027494.
⚪ Other,R34 GTT Z-Tune Front Bumper Lip Type A,All variants,4,Front Lip / Splitter,0.0/0.0/0.0/0.0,Front Lip / Splitter,177.0,57.0,17.0,35.0,35.0,35.0,Cleaned category P75,High,UPDATE SITE,Cleaned P75 of actual single-unit cartons. Representative carton: B-R34-FL-HSM / OD-0027251.
⚪ Other,R34 GTT Z-Tune Front Bumper Lip Type B,All variants,4,Front Lip / Splitter,0.0/0.0/0.0/0.0,Front Lip / Splitter,177.0,57.0,17.0,35.0,35.0,35.0,Cleaned category P75,High,UPDATE SITE,Cleaned P75 of actual single-unit cartons. Representative carton: B-R34-FL-HSM / OD-0027251.
⚪ Other,R34 GTT Z-Tune OEM Hood,All variants,4,Hood Standard,0.0/0.0/0.0/0.0,Hood — Standard,170.0,133.0,16.0,73.0,73.0,73.0,Cleaned category P75,High,UPDATE SITE,Retain the established ETi standard hood tier.
⚪ Other,Skyline R34 Center Console Trim Arm Rest (RHD),All variants,1,Kits / Accessories / Trim,0.0,Kits / Accessories / Trim,,,,,,,Manual review,Manual,REVIEW,Body kit / Accessory / Trim requiring manual configuration.
⚪ Other,Front Bumper Uras Type R R34 3pcs 4DR,All variants,5,Front Bumper,0.0/0.0/0.0/0.0/0.0,Front Bumper,200.0,80.0,60.0,192.0,192.0,192.0,Cleaned category P75,Low,UPDATE SITE,Partner sample is too sparse and variable for bulk replacement. Retain current site value pending chassis-level confirmation. Representative carton: P-ELTRA23-FB-NPER / OD-0020758.
🏎️ TOYOTA,GT86/BRZ OEM-Style Carbon Fiber Door Sills,All variants,1,Door,0.0,Door,118.0,62.0,34.0,50.0,50.0,50.0,Cleaned category P75,Low,UPDATE SITE,Only three clean observations. Exact match only; pairs require manual confirmation. Representative carton: A-LP550-DOOR-IN / OD-0026429.
🏎️ TOYOTA,Toyota GT86 / Subaru BRZ / Scion FR-S FT86 TK Style Rear Spoiler,All variants,1,Standard Spoiler / Wing,0.0,Standard Spoiler / Wing,133.0,43.0,26.0,30.0,30.0,30.0,Cleaned category P75,High,UPDATE SITE,Generic standard-wing fallback; exact vehicle evidence preferred. Representative carton: A-DE5-RS-AR2& / OD-0022319. Representative carton: B-YARISGR-RS-GV / OD-0027494.
🏎️ TOYOTA,ETi Toyota Supra MKV PRO Front Lip,All variants,4,Front Lip / Splitter,0.0/0.0/0.0/0.0,Front Lip / Splitter,177.0,57.0,17.0,35.0,35.0,35.0,Cleaned category P75,High,UPDATE SITE,Cleaned P75 of actual single-unit cartons. Representative carton: B-R34-FL-HSM / OD-0027251.
⚪ Other,A90 Pro Lip,All variants,1,Front Lip / Splitter,0.0,Front Lip / Splitter,177.0,57.0,17.0,35.0,35.0,35.0,Cleaned category P75,High,UPDATE SITE,Cleaned P75 of actual single-unit cartons. Representative carton: B-R34-FL-HSM / OD-0027251.
🏎️ TOYOTA,ETi Toyota Supra MKV Carbon Fiber Door Blades,All variants,5,Door,0.0/0.0/0.0/0.0/0.0,Door,118.0,62.0,34.0,50.0,50.0,50.0,Cleaned category P75,Low,UPDATE SITE,Only three clean observations. Exact match only; pairs require manual confirmation. Representative carton: A-LP550-DOOR-IN / OD-0026429.
🏎️ TOYOTA,ETi Toyota Supra MKV Carbon Fiber Wing,All variants,1,Standard Spoiler / Wing,0.0,Standard Spoiler / Wing,133.0,43.0,26.0,30.0,30.0,30.0,Cleaned category P75,High,UPDATE SITE,Generic standard-wing fallback; exact vehicle evidence preferred. Representative carton: A-DE5-RS-AR2& / OD-0022319. Representative carton: B-YARISGR-RS-GV / OD-0027494.
⚪ Other,A90 Rear Bumper Splitter,All variants,1,Front Lip / Splitter,0.0,Front Lip / Splitter,177.0,57.0,17.0,35.0,35.0,35.0,Cleaned category P75,High,UPDATE SITE,Cleaned P75 of actual single-unit cartons. Representative carton: B-R34-FL-HSM / OD-0027251.
🏎️ TOYOTA,Toyota Supra A90 Dry Carbon Sense Wing,All variants,1,Standard Spoiler / Wing,0.0,Standard Spoiler / Wing,133.0,43.0,26.0,30.0,30.0,30.0,Cleaned category P75,High,UPDATE SITE,Generic standard-wing fallback; exact vehicle evidence preferred. Representative carton: A-DE5-RS-AR2& / OD-0022319. Representative carton: B-YARISGR-RS-GV / OD-0027494.
🏎️ TOYOTA,ETi Toyota Supra MKV Carbon Fiber Duckbill Wing,All variants,4,Duckbill / Small Spoiler,0.0/0.0/0.0/0.0,Duckbill / Small Spoiler,133.0,41.0,14.0,16.0,16.0,16.0,Cleaned category P75,High,UPDATE SITE,Small spoiler class uses RS cartons at or below 20 volumetric kg. Representative carton: A-DE5-RS-AR2& / OD-0022319. Representative carton: A-G70-RS-EPA2 / OD-0027297.
⚪ Other,c8 Carbon Front Lip,All variants,1,Front Lip / Splitter,0.0,Front Lip / Splitter,177.0,57.0,17.0,35.0,35.0,35.0,Cleaned category P75,High,UPDATE SITE,Cleaned P75 of actual single-unit cartons. Representative carton: B-R34-FL-HSM / OD-0027251.
⚪ Other,C8 Bumper Canards,All variants,1,Canards,0.0,Canards,66.0,24.0,22.0,7.0,7.0,7.0,Cleaned category P75,High,UPDATE SITE,Cleaned P75; prevents full-bumper inheritance. Representative carton: A-G70-CANA-EPA / OD-0018524.
⚪ Other,C8 Side Mirror Covers,All variants,1,Kits / Accessories / Trim,0.0,Kits / Accessories / Trim,,,,,,,Manual review,Manual,REVIEW,Body kit / Accessory / Trim requiring manual configuration.
⚪ Other,C8 Side Skirts,All variants,1,Side Skirts,0.0,Side Skirts,171.0,31.0,20.0,22.0,22.0,22.0,Cleaned category P75,High,UPDATE SITE,Cleaned P75; full side-skirt cartons. Representative carton: B-MX5-SS-ND-ESQ / OD-0021733.
⚪ Other,C8 Rear Bumper Splitter,All variants,1,Front Lip / Splitter,0.0,Front Lip / Splitter,177.0,57.0,17.0,35.0,35.0,35.0,Cleaned category P75,High,UPDATE SITE,Cleaned P75 of actual single-unit cartons. Representative carton: B-R34-FL-HSM / OD-0027251.
⚪ Other,C8 Carbon Rear Bumper Diffuser,All variants,1,Rear Diffuser,0.0,Rear Diffuser,151.0,51.0,21.0,33.0,33.0,33.0,Cleaned category P75,Low,UPDATE SITE,Cleaned P75; full diffusers only. Representative carton: B-987-DIF-EPAGT / OD-0018908.
⚪ Other,C8 Rear Spoiler Lid High Tail Wing,All variants,1,Standard Spoiler / Wing,0.0,Standard Spoiler / Wing,133.0,43.0,26.0,30.0,30.0,30.0,Cleaned category P75,High,UPDATE SITE,Generic standard-wing fallback; exact vehicle evidence preferred. Representative carton: A-DE5-RS-AR2& / OD-0022319. Representative carton: B-YARISGR-RS-GV / OD-0027494.
⚪ Other,C8 Front Lip (Z06),All variants,1,Front Lip / Splitter,0.0,Front Lip / Splitter,177.0,57.0,17.0,35.0,35.0,35.0,Cleaned category P75,High,UPDATE SITE,Cleaned P75 of actual single-unit cartons. Representative carton: B-R34-FL-HSM / OD-0027251.
⚪ Other,C8 Dry Carbon Rear Diffuser (Z06),All variants,1,Rear Diffuser,0.0,Rear Diffuser,151.0,51.0,21.0,33.0,33.0,33.0,Cleaned category P75,Low,UPDATE SITE,Cleaned P75; full diffusers only. Representative carton: B-987-DIF-EPAGT / OD-0018908.
⚪ Other,GT-Max Series Carbon Fiber Seat,All variants,48,Kits / Accessories / Trim,0.0/0.0/0.0/0.0/0.0/0.0/0.0/0.0/0.0/0.0/0.0/0.0/0.0/0.0/0.0/0.0/0.0/0.0/0.0/0.0/0.0/0.0/0.0/0.0/0.0/0.0/0.0/0.0/0.0/0.0/0.0/0.0/0.0/0.0/0.0/0.0/0.0/0.0/0.0/0.0/0.0/0.0/0.0/0.0/0.0/0.0/0.0/0.0,Kits / Accessories / Trim,,,,,,,Manual review,Manual,REVIEW,Body kit / Accessory / Trim requiring manual configuration.
⚪ Other,GT-Max Series Carbon Fiber Seats,All variants,9,Kits / Accessories / Trim,0.0/0.0/0.0/0.0/0.0/0.0/0.0/0.0/0.0,Kits / Accessories / Trim,,,,,,,Manual review,Manual,REVIEW,Body kit / Accessory / Trim requiring manual configuration.
🏎️ NISSAN,ETi 48mm Aluminum Performance Radiator – Nissan 350Z (Z33),All variants,1,Kits / Accessories / Trim,0.0,Kits / Accessories / Trim,,,,,,,Manual review,Manual,REVIEW,Body kit / Accessory / Trim requiring manual configuration.
🏎️ TOYOTA,ETi Toyota Supra MK4 48mm Aluminum Performance Radiator,All variants,4,Kits / Accessories / Trim,0.0/0.0/0.0/0.0,Kits / Accessories / Trim,,,,,,,Manual review,Manual,REVIEW,Body kit / Accessory / Trim requiring manual configuration.
🏎️ TOYOTA,ETi Toyota Supra MKIV OEM Front Bumper,All variants,5,Front Bumper,0.0/0.0/0.0/0.0/0.0,Front Bumper,200.0,80.0,60.0,192.0,192.0,192.0,Cleaned category P75,Low,UPDATE SITE,Partner sample is too sparse and variable for bulk replacement. Retain current site value pending chassis-level confirmation. Representative carton: P-ELTRA23-FB-NPER / OD-0020758.
⚪ Other,ETi Racing Bucket Seat,All variants,9,Kits / Accessories / Trim,0.0/0.0/0.0/0.0/0.0/0.0/0.0/0.0/0.0,Kits / Accessories / Trim,,,,,,,Manual review,Manual,REVIEW,Body kit / Accessory / Trim requiring manual configuration.
⚪ Other,R33 GTR GTS Door Sill Interior Cover Trim 2Pcs,All variants,5,Door,0.0/0.0/0.0/0.0/0.0,Door,118.0,62.0,34.0,50.0,50.0,50.0,Cleaned category P75,Low,UPDATE SITE,Only three clean observations. Exact match only; pairs require manual confirmation. Representative carton: A-LP550-DOOR-IN / OD-0026429.
⚪ Other,R33 GTS Spec1 BN-Sports Style +30mm Front Fender,All variants,2,Front Fender,0.0/0.0,Front Fender,119.0,84.0,36.0,72.0,72.0,72.0,Cleaned category P75,Low,UPDATE SITE,Highly chassis-dependent. Use exact vehicle profile only; otherwise retain current value and review. Representative carton: A-EVO8-FF-VA / OD-0022537.
⚪ Other,R33 GTS Veilside Style Rear Bumper,All variants,1,Rear Bumper,0.0,Rear Bumper,200.0,80.0,60.0,192.0,192.0,192.0,Cleaned category P75,Low,UPDATE SITE,Only one defensible clean observation. Retain current site value pending confirmation. Representative carton: H-G35-RB-KEN / OD-0020514.
⚪ Other,R33 GTS TS Style Rear Bumper Corner Attachment,All variants,5,Rear Bumper,0.0/0.0/0.0/0.0/0.0,Rear Bumper,200.0,80.0,60.0,192.0,192.0,192.0,Cleaned category P75,Low,UPDATE SITE,Only one defensible clean observation. Retain current site value pending confirmation. Representative carton: H-G35-RB-KEN / OD-0020514.
⚪ Other,R33 GTST JUN Style Rear Bumper Spats,All variants,4,Rear Bumper,0.0/0.0/0.0/0.0,Rear Bumper,200.0,80.0,60.0,192.0,192.0,192.0,Cleaned category P75,Low,UPDATE SITE,Only one defensible clean observation. Retain current site value pending confirmation. Representative carton: H-G35-RB-KEN / OD-0020514.
⚪ Other,R33 GTR GTS Gracer Style Double Blade Rear Trunk Spoiler Wing,All variants,2,Duckbill / Small Spoiler,0.0/0.0,Duckbill / Small Spoiler,133.0,41.0,14.0,16.0,16.0,16.0,Cleaned category P75,High,UPDATE SITE,Small spoiler class uses RS cartons at or below 20 volumetric kg. Representative carton: A-DE5-RS-AR2& / OD-0022319. Representative carton: A-G70-RS-EPA2 / OD-0027297.
⚪ Other,R33 GTS Spec 1 OEM Hood,All variants,3,Hood Standard,0.0/0.0/0.0,Hood — Standard,170.0,133.0,16.0,73.0,73.0,73.0,Cleaned category P75,High,UPDATE SITE,Retain the established ETi standard hood tier.
⚪ Other,R33 GTS Spec 1 Dmax Hood Bonnet,All variants,4,Hood Standard,0.0/0.0/0.0/0.0,Hood — Standard,170.0,133.0,16.0,73.0,73.0,73.0,Cleaned category P75,High,UPDATE SITE,Retain the established ETi standard hood tier.
⚪ Other,R33 GTS Spec 1 Nismo Hood,All variants,4,Hood Standard,0.0/0.0/0.0/0.0,Hood — Standard,170.0,133.0,16.0,73.0,73.0,73.0,Cleaned category P75,High,UPDATE SITE,Retain the established ETi standard hood tier.
⚪ Other,R33 Spec 2 OEM Front Bumper Fog Light Cover,All variants,5,Front Bumper,0.0/0.0/0.0/0.0/0.0,Front Bumper,200.0,80.0,60.0,192.0,192.0,192.0,Cleaned category P75,Low,UPDATE SITE,Partner sample is too sparse and variable for bulk replacement. Retain current site value pending chassis-level confirmation. Representative carton: P-ELTRA23-FB-NPER / OD-0020758.
⚪ Other,R33 GTS Do-Luck front bumper,All variants,5,Front Bumper,0.0/0.0/0.0/0.0/0.0,Front Bumper,200.0,80.0,60.0,192.0,192.0,192.0,Cleaned category P75,Low,UPDATE SITE,Partner sample is too sparse and variable for bulk replacement. Retain current site value pending chassis-level confirmation. Representative carton: P-ELTRA23-FB-NPER / OD-0020758.
⚪ Other,R33 GTST DO-LUCK Side Skirt,All variants,2,Side Skirts,0.0/0.0,Side Skirts,171.0,31.0,20.0,22.0,22.0,22.0,Cleaned category P75,High,UPDATE SITE,Cleaned P75; full side-skirt cartons. Representative carton: B-MX5-SS-ND-ESQ / OD-0021733.
⚪ Other,R33 GTST Do-Luck  Rear Bumper,All variants,5,Rear Bumper,0.0/0.0/0.0/0.0/0.0,Rear Bumper,200.0,80.0,60.0,192.0,192.0,192.0,Cleaned category P75,Low,UPDATE SITE,Only one defensible clean observation. Retain current site value pending confirmation. Representative carton: H-G35-RB-KEN / OD-0020514.
⚪ Other,R33 GTST INGS Front Bumper,All variants,1,Front Bumper,0.0,Front Bumper,200.0,80.0,60.0,192.0,192.0,192.0,Cleaned category P75,Low,UPDATE SITE,Partner sample is too sparse and variable for bulk replacement. Retain current site value pending chassis-level confirmation. Representative carton: P-ELTRA23-FB-NPER / OD-0020758.
⚪ Other,R33 GTST JP Front Bumper,All variants,5,Front Bumper,0.0/0.0/0.0/0.0/0.0,Front Bumper,200.0,80.0,60.0,192.0,192.0,192.0,Cleaned category P75,Low,UPDATE SITE,Partner sample is too sparse and variable for bulk replacement. Retain current site value pending chassis-level confirmation. Representative carton: P-ELTRA23-FB-NPER / OD-0020758.
⚪ Other,R33 GTR Border Front Bumper Air Duct,All variants,2,Front Bumper,0.0/0.0,Front Bumper,200.0,80.0,60.0,192.0,192.0,192.0,Cleaned category P75,Low,UPDATE SITE,Partner sample is too sparse and variable for bulk replacement. Retain current site value pending chassis-level confirmation. Representative carton: P-ELTRA23-FB-NPER / OD-0020758.
⚪ Other,R33 Armrest Box Cover,All variants,5,Kits / Accessories / Trim,0.0/0.0/0.0/0.0/0.0,Kits / Accessories / Trim,,,,,,,Manual review,Manual,REVIEW,Body kit / Accessory / Trim requiring manual configuration.
⚪ Other,R33 Top Secret Side Skirts R33 GTS-T/GTS/ECR33/RB25DET,All variants,5,Side Skirts,0.0/0.0/0.0/0.0/0.0,Side Skirts,171.0,31.0,20.0,22.0,22.0,22.0,Cleaned category P75,High,UPDATE SITE,Cleaned P75; full side-skirt cartons. Representative carton: B-MX5-SS-ND-ESQ / OD-0021733.
⚪ Other,R33 BN 4D Side Skirts,All variants,5,Side Skirts,0.0/0.0/0.0/0.0/0.0,Side Skirts,171.0,31.0,20.0,22.0,22.0,22.0,Cleaned category P75,High,UPDATE SITE,Cleaned P75; full side-skirt cartons. Representative carton: B-MX5-SS-ND-ESQ / OD-0021733.
⚪ Other,R35 CBA DBA OEM Spoiler H Style Higher Legs,All variants,4,Standard Spoiler / Wing,0.0/0.0/0.0/0.0,Standard Spoiler / Wing,133.0,43.0,26.0,30.0,30.0,30.0,Cleaned category P75,High,UPDATE SITE,Generic standard-wing fallback; exact vehicle evidence preferred. Representative carton: A-DE5-RS-AR2& / OD-0022319. Representative carton: B-YARISGR-RS-GV / OD-0027494.
⚪ Other,R35 Mines Rear Spoiler with Base,All variants,5,Standard Spoiler / Wing,0.0/0.0/0.0/0.0/0.0,Standard Spoiler / Wing,133.0,43.0,26.0,30.0,30.0,30.0,Cleaned category P75,High,UPDATE SITE,Generic standard-wing fallback; exact vehicle evidence preferred. Representative carton: A-DE5-RS-AR2& / OD-0022319. Representative carton: B-YARISGR-RS-GV / OD-0027494.
⚪ Other,R35 Voltex 16001700MM TYPE-5 GT REAR WING,All variants,4,Standard Spoiler / Wing,0.0/0.0/0.0/0.0,Standard Spoiler / Wing,133.0,43.0,26.0,30.0,30.0,30.0,Cleaned category P75,High,UPDATE SITE,Generic standard-wing fallback; exact vehicle evidence preferred. Representative carton: A-DE5-RS-AR2& / OD-0022319. Representative carton: B-YARISGR-RS-GV / OD-0027494.
⚪ Other,R35 TRUNK BOOT LIPSPOILER,All variants,4,Front Lip / Splitter,0.0/0.0/0.0/0.0,Front Lip / Splitter,177.0,57.0,17.0,35.0,35.0,35.0,Cleaned category P75,High,UPDATE SITE,Cleaned P75 of actual single-unit cartons. Representative carton: B-R34-FL-HSM / OD-0027251.
⚪ Other,R35 Fluid cover,All variants,5,Kits / Accessories / Trim,0.0/0.0/0.0/0.0/0.0,Kits / Accessories / Trim,,,,,,,Manual review,Manual,REVIEW,Body kit / Accessory / Trim requiring manual configuration.
⚪ Other,R35 WALD REAR FENDER FLARE,All variants,1,Rear Fender,0.0,Rear Fender,141.0,57.0,30.0,49.0,49.0,49.0,Cleaned category P75,Low,UPDATE SITE,Highly chassis-dependent. Use exact vehicle profile only; otherwise retain current value and review. Representative carton: B-G37-RF-LB / OD-0020212.
🏎️ MAZDA,ETi Mazda RX-7 Amemiya RE GT Style Front Fender Wing Add-on,All variants,2,Standard Spoiler / Wing,0.0/0.0,Standard Spoiler / Wing,133.0,43.0,26.0,30.0,30.0,30.0,Cleaned category P75,High,UPDATE SITE,Generic standard-wing fallback; exact vehicle evidence preferred. Representative carton: A-DE5-RS-AR2& / OD-0022319. Representative carton: B-YARISGR-RS-GV / OD-0027494.
🏎️ MAZDA,ETi Mazda RX-7 Amemiya RE GT Bumper Canards,All variants,3,Canards,0.0/0.0/0.0,Canards,66.0,24.0,22.0,7.0,7.0,7.0,Cleaned category P75,High,UPDATE SITE,Cleaned P75; prevents full-bumper inheritance. Representative carton: A-G70-CANA-EPA / OD-0018524.
🏎️ NISSAN,Nissan S15 Front Bumper Lip,All variants,2,Front Lip / Splitter,0.0/0.0,Front Lip / Splitter,177.0,57.0,17.0,35.0,35.0,35.0,Cleaned category P75,High,UPDATE SITE,Cleaned P75 of actual single-unit cartons. Representative carton: B-R34-FL-HSM / OD-0027251.
🏎️ MAZDA,Mazda RX-7 (FD3S) Mod-X Vented Carbon Hood,All variants,4,Hood Standard,0.0/0.0/0.0/0.0,Hood — Standard,170.0,133.0,16.0,73.0,73.0,73.0,Cleaned category P75,High,UPDATE SITE,Retain the established ETi standard hood tier.
🏎️ MAZDA,Mazda RX-7 (FD3S) Type-Z Vented Carbon Hood,All variants,4,Hood Standard,0.0/0.0/0.0/0.0,Hood — Standard,170.0,133.0,16.0,73.0,73.0,73.0,Cleaned category P75,High,UPDATE SITE,Retain the established ETi standard hood tier.
🏎️ TOYOTA,Toyota GR86 Carbon Fiber Lambor Euro Vented Hood,All variants,4,Hood Standard,0.0/0.0/0.0/0.0,Hood — Standard,170.0,133.0,16.0,73.0,73.0,73.0,Cleaned category P75,High,UPDATE SITE,Retain the established ETi standard hood tier.
🏎️ TOYOTA,ETi Toyota Supra MKV Carbon Hood,All variants,4,Hood Large,0.0/0.0/0.0/0.0,Hood — Large,161.0,151.0,20.0,98.0,98.0,98.0,Cleaned category P75,High,UPDATE SITE,Retain the established ETi large hood tier.
🏎️ TOYOTA,ETi GT86 Carbon Fiber X Clear Hybrid Hood,All variants,3,Hood Standard,0.0/0.0/0.0,Hood — Standard,170.0,133.0,16.0,73.0,73.0,73.0,Cleaned category P75,High,UPDATE SITE,Retain the established ETi standard hood tier.
⚪ Other,ETi Carbon Fiber Time Attack Voltex Front Bumper Canards,All variants,1,Canards,0.0,Canards,66.0,24.0,22.0,7.0,7.0,7.0,Cleaned category P75,High,UPDATE SITE,Cleaned P75; prevents full-bumper inheritance. Representative carton: A-G70-CANA-EPA / OD-0018524.
🏎️ NISSAN,ETi Nissan S14 Front Bumper- Rocket Bunny Style,All variants,1,Front Bumper,0.0,Front Bumper,200.0,80.0,60.0,192.0,192.0,192.0,Cleaned category P75,Low,UPDATE SITE,Partner sample is too sparse and variable for bulk replacement. Retain current site value pending chassis-level confirmation. Representative carton: P-ELTRA23-FB-NPER / OD-0020758.
🏎️ TOYOTA,ETi Toyota GT86 RB Front Bumper,All variants,5,Front Bumper,0.0/0.0/0.0/0.0/0.0,Front Bumper,200.0,80.0,60.0,192.0,192.0,192.0,Cleaned category P75,Low,UPDATE SITE,Partner sample is too sparse and variable for bulk replacement. Retain current site value pending chassis-level confirmation. Representative carton: P-ELTRA23-FB-NPER / OD-0020758.
🏎️ NISSAN,ETi Nissan Silvia S15 DMAX-Style Hood,All variants,4,Hood Standard,0.0/0.0/0.0/0.0,Hood — Standard,170.0,133.0,16.0,73.0,73.0,73.0,Cleaned category P75,High,UPDATE SITE,Retain the established ETi standard hood tier.
🏎️ NISSAN,ETi Nissan 350Z Super Reg Hood,All variants,4,Hood Standard,0.0/0.0/0.0/0.0,Hood — Standard,170.0,133.0,16.0,73.0,73.0,73.0,Cleaned category P75,High,UPDATE SITE,Retain the established ETi standard hood tier.
🏎️ NISSAN,ETi Nissan 370Z MCR Hood,All variants,4,Hood Standard,0.0/0.0/0.0/0.0,Hood — Standard,170.0,133.0,16.0,73.0,73.0,73.0,Cleaned category P75,High,UPDATE SITE,Retain the established ETi standard hood tier.
🏎️ NISSAN,ETi Nissan Skyline R34 Front Splitter with Undertray,All variants,4,Front Lip / Splitter,0.0/0.0/0.0/0.0,Front Lip / Splitter,177.0,57.0,17.0,35.0,35.0,35.0,Cleaned category P75,High,UPDATE SITE,Cleaned P75 of actual single-unit cartons. Representative carton: B-R34-FL-HSM / OD-0027251.
🏎️ NISSAN,ETi Nissan 200SX D-Max Style Carbon Fiber Hood,All variants,4,Hood Standard,0.0/0.0/0.0/0.0,Hood — Standard,170.0,133.0,16.0,73.0,73.0,73.0,Cleaned category P75,High,UPDATE SITE,Retain the established ETi standard hood tier.
🏎️ NISSAN,ETi Nissan 370Z Allure Widebody Kit,All variants,1,Kits / Accessories / Trim,0.0,Kits / Accessories / Trim,,,,,,,Manual review,Manual,REVIEW,Body kit / Accessory / Trim requiring manual configuration.
🏎️ NISSAN,ETi  Nissan 370Z Allure Front Bumper,All variants,1,Front Bumper,0.0,Front Bumper,200.0,80.0,60.0,192.0,192.0,192.0,Cleaned category P75,Low,UPDATE SITE,Partner sample is too sparse and variable for bulk replacement. Retain current site value pending chassis-level confirmation. Representative carton: P-ELTRA23-FB-NPER / OD-0020758.
🏎️ NISSAN,ETi Nissan 370Z Allure Rear Bumper,All variants,1,Rear Bumper,0.0,Rear Bumper,200.0,80.0,60.0,192.0,192.0,192.0,Cleaned category P75,Low,UPDATE SITE,Only one defensible clean observation. Retain current site value pending confirmation. Representative carton: H-G35-RB-KEN / OD-0020514.
🏎️ NISSAN,ETi Nissan 370Z Allure Front Fender,All variants,1,Front Fender,0.0,Front Fender,119.0,84.0,36.0,72.0,72.0,72.0,Cleaned category P75,Low,UPDATE SITE,Highly chassis-dependent. Use exact vehicle profile only; otherwise retain current value and review. Representative carton: A-EVO8-FF-VA / OD-0022537.
🏎️ NISSAN,ETi Nissan 370Z Allure Rear Fender,All variants,1,Rear Fender,0.0,Rear Fender,141.0,57.0,30.0,49.0,49.0,49.0,Cleaned category P75,Low,UPDATE SITE,Highly chassis-dependent. Use exact vehicle profile only; otherwise retain current value and review. Representative carton: B-G37-RF-LB / OD-0020212.
🏎️ NISSAN,ETi Nissan 370Z Allure Ducktail Spoiler,All variants,1,Standard Spoiler / Wing,0.0,Standard Spoiler / Wing,133.0,43.0,26.0,30.0,30.0,30.0,Cleaned category P75,High,UPDATE SITE,Generic standard-wing fallback; exact vehicle evidence preferred. Representative carton: A-DE5-RS-AR2& / OD-0022319. Representative carton: B-YARISGR-RS-GV / OD-0027494.
🏎️ NISSAN,ETi Nissan 370Z Allure Front Bumper Diffuser,All variants,1,Rear Diffuser,0.0,Rear Diffuser,151.0,51.0,21.0,33.0,33.0,33.0,Cleaned category P75,Low,UPDATE SITE,Cleaned P75; full diffusers only. Representative carton: B-987-DIF-EPAGT / OD-0018908.
🏎️ NISSAN,ETi Nissan 370Z Allure Side Diffuser,All variants,1,Rear Diffuser,0.0,Rear Diffuser,151.0,51.0,21.0,33.0,33.0,33.0,Cleaned category P75,Low,UPDATE SITE,Cleaned P75; full diffusers only. Representative carton: B-987-DIF-EPAGT / OD-0018908.
🏎️ NISSAN,ETi Nissan 370Z Allure Rear Bumper Diffuser,All variants,1,Rear Diffuser,0.0,Rear Diffuser,151.0,51.0,21.0,33.0,33.0,33.0,Cleaned category P75,Low,UPDATE SITE,Cleaned P75; full diffusers only. Representative carton: B-987-DIF-EPAGT / OD-0018908.
🏎️ NISSAN,ETi Nissan 350Z Seido Widebody Kit,All variants,1,Kits / Accessories / Trim,0.0,Kits / Accessories / Trim,,,,,,,Manual review,Manual,REVIEW,Body kit / Accessory / Trim requiring manual configuration.
🏎️ NISSAN,ETi Nissan 350Z Seido Front Bumper,All variants,1,Front Bumper,0.0,Front Bumper,200.0,80.0,60.0,192.0,192.0,192.0,Cleaned category P75,Low,UPDATE SITE,Partner sample is too sparse and variable for bulk replacement. Retain current site value pending chassis-level confirmation. Representative carton: P-ELTRA23-FB-NPER / OD-0020758.
🏎️ NISSAN,ETi Nissan 350Z Seido Rear Bumper,All variants,1,Rear Bumper,0.0,Rear Bumper,200.0,80.0,60.0,192.0,192.0,192.0,Cleaned category P75,Low,UPDATE SITE,Only one defensible clean observation. Retain current site value pending confirmation. Representative carton: H-G35-RB-KEN / OD-0020514.
🏎️ NISSAN,ETi Nissan 350Z Seido Side Skirts,All variants,1,Side Skirts,0.0,Side Skirts,171.0,31.0,20.0,22.0,22.0,22.0,Cleaned category P75,High,UPDATE SITE,Cleaned P75; full side-skirt cartons. Representative carton: B-MX5-SS-ND-ESQ / OD-0021733.
🏎️ NISSAN,ETi Nissan 350Z Seido Front Diffuser,All variants,1,Rear Diffuser,0.0,Rear Diffuser,151.0,51.0,21.0,33.0,33.0,33.0,Cleaned category P75,Low,UPDATE SITE,Cleaned P75; full diffusers only. Representative carton: B-987-DIF-EPAGT / OD-0018908.
🏎️ NISSAN,ETi Nissan 350Z Seido Rear Diffuser,All variants,4,Rear Diffuser,0.0/0.0/0.0/0.0,Rear Diffuser,151.0,51.0,21.0,33.0,33.0,33.0,Cleaned category P75,Low,UPDATE SITE,Cleaned P75; full diffusers only. Representative carton: B-987-DIF-EPAGT / OD-0018908.
🏎️ NISSAN,ETi Nissan 350Z Seido Front Bumper Canards,All variants,1,Canards,0.0,Canards,66.0,24.0,22.0,7.0,7.0,7.0,Cleaned category P75,High,UPDATE SITE,Cleaned P75; prevents full-bumper inheritance. Representative carton: A-G70-CANA-EPA / OD-0018524.
🏎️ NISSAN,ETi Nissan 350Z Seido Front Fender,All variants,1,Front Fender,0.0,Front Fender,119.0,84.0,36.0,72.0,72.0,72.0,Cleaned category P75,Low,UPDATE SITE,Highly chassis-dependent. Use exact vehicle profile only; otherwise retain current value and review. Representative carton: A-EVO8-FF-VA / OD-0022537.
🏎️ NISSAN,ETi Nissan 350Z Seido Rear Fender,All variants,1,Rear Fender,0.0,Rear Fender,141.0,57.0,30.0,49.0,49.0,49.0,Cleaned category P75,Low,UPDATE SITE,Highly chassis-dependent. Use exact vehicle profile only; otherwise retain current value and review. Representative carton: B-G37-RF-LB / OD-0020212.
🏎️ NISSAN,ETi Nissan 350Z GT Wing,All variants,4,Standard Spoiler / Wing,0.0/0.0/0.0/0.0,Standard Spoiler / Wing,133.0,43.0,26.0,30.0,30.0,30.0,Cleaned category P75,High,UPDATE SITE,Generic standard-wing fallback; exact vehicle evidence preferred. Representative carton: A-DE5-RS-AR2& / OD-0022319. Representative carton: B-YARISGR-RS-GV / OD-0027494.
🏎️ NISSAN,ETi Nissan 350Z Amuse Widebody Kit,All variants,1,Kits / Accessories / Trim,0.0,Kits / Accessories / Trim,,,,,,,Manual review,Manual,REVIEW,Body kit / Accessory / Trim requiring manual configuration.
🏎️ TOYOTA,Supra TRD 3000GT Style Wing,All variants,4,Standard Spoiler / Wing,0.0/0.0/0.0/0.0,Standard Spoiler / Wing,133.0,43.0,26.0,30.0,30.0,30.0,Cleaned category P75,High,UPDATE SITE,Generic standard-wing fallback; exact vehicle evidence preferred. Representative carton: A-DE5-RS-AR2& / OD-0022319. Representative carton: B-YARISGR-RS-GV / OD-0027494.
🏎️ NISSAN,ETi Nissan 200SX/180SX Carbon Fiber Bumper Canards,All variants,4,Canards,0.0/0.0/0.0/0.0,Canards,66.0,24.0,22.0,7.0,7.0,7.0,Cleaned category P75,High,UPDATE SITE,Cleaned P75; prevents full-bumper inheritance. Representative carton: A-G70-CANA-EPA / OD-0018524.
🏎️ NISSAN,ETi Nissan 200SX/180SX Carbon Fiber Front Bumper Lip,All variants,4,Front Lip / Splitter,0.0/0.0/0.0/0.0,Front Lip / Splitter,177.0,57.0,17.0,35.0,35.0,35.0,Cleaned category P75,High,UPDATE SITE,Cleaned P75 of actual single-unit cartons. Representative carton: B-R34-FL-HSM / OD-0027251.
🏎️ NISSAN,ETi Nissan S-Series GT Wing,All variants,4,Standard Spoiler / Wing,0.0/0.0/0.0/0.0,Standard Spoiler / Wing,133.0,43.0,26.0,30.0,30.0,30.0,Cleaned category P75,High,UPDATE SITE,Generic standard-wing fallback; exact vehicle evidence preferred. Representative carton: A-DE5-RS-AR2& / OD-0022319. Representative carton: B-YARISGR-RS-GV / OD-0027494.
🏎️ NISSAN,ETi Nissan 200SX Carbon Fiber RHD Dash,All variants,5,Kits / Accessories / Trim,0.0/0.0/0.0/0.0/0.0,Kits / Accessories / Trim,,,,,,,Manual review,Manual,REVIEW,Body kit / Accessory / Trim requiring manual configuration.
🏎️ NISSAN,ETi Nissan 370Z Front Bumper Raikou Style Diffuser,All variants,1,Rear Diffuser,0.0,Rear Diffuser,151.0,51.0,21.0,33.0,33.0,33.0,Cleaned category P75,Low,UPDATE SITE,Cleaned P75; full diffusers only. Representative carton: B-987-DIF-EPAGT / OD-0018908.
🏎️ NISSAN,ETi Nissan 370Z Swan Neck Rear Spoiler,All variants,5,Standard Spoiler / Wing,0.0/0.0/0.0/0.0/0.0,Standard Spoiler / Wing,133.0,43.0,26.0,30.0,30.0,30.0,Cleaned category P75,High,UPDATE SITE,Generic standard-wing fallback; exact vehicle evidence preferred. Representative carton: A-DE5-RS-AR2& / OD-0022319. Representative carton: B-YARISGR-RS-GV / OD-0027494.
🏎️ NISSAN,ETi Nissan 370Z Duckbill Wing,All variants,1,Duckbill / Small Spoiler,0.0,Duckbill / Small Spoiler,133.0,41.0,14.0,16.0,16.0,16.0,Cleaned category P75,High,UPDATE SITE,Small spoiler class uses RS cartons at or below 20 volumetric kg. Representative carton: A-DE5-RS-AR2& / OD-0022319. Representative carton: A-G70-RS-EPA2 / OD-0027297.
🏎️ NISSAN,ETi Nissan 370Z Raikou Style Side Diffuser,All variants,1,Rear Diffuser,0.0,Rear Diffuser,151.0,51.0,21.0,33.0,33.0,33.0,Cleaned category P75,Low,UPDATE SITE,Cleaned P75; full diffusers only. Representative carton: B-987-DIF-EPAGT / OD-0018908.
🏎️ NISSAN,ETi Nissan 370Z Kaze Style Bodykit,All variants,1,Kits / Accessories / Trim,0.0,Kits / Accessories / Trim,,,,,,,Manual review,Manual,REVIEW,Body kit / Accessory / Trim requiring manual configuration.
🏎️ MAZDA,ETi Mazda RX-7 (FD3S) Carbon Fiber Race Dash,All variants,4,Kits / Accessories / Trim,0.0/0.0/0.0/0.0,Kits / Accessories / Trim,,,,,,,Manual review,Manual,REVIEW,Body kit / Accessory / Trim requiring manual configuration.
⚪ Other,Hood Upgrade – Underside Carbon Fiber,All variants,1,Hood Standard,0.0,Hood — Standard,170.0,133.0,16.0,73.0,73.0,73.0,Cleaned category P75,High,UPDATE SITE,Retain the established ETi standard hood tier.
⚪ Other,Hatch Upgrade – Underside Carbon Fiber,All variants,1,Kits / Accessories / Trim,0.0,Kits / Accessories / Trim,,,,,,,Manual review,Manual,REVIEW,Body kit / Accessory / Trim requiring manual configuration.
⚪ Other,MK3 Dashboard Full Carbon Fiber Dash,All variants,1,Kits / Accessories / Trim,0.0,Kits / Accessories / Trim,,,,,,,Manual review,Manual,REVIEW,Body kit / Accessory / Trim requiring manual configuration.
⚪ Other,MK3 Dashboard High-Tensile Fiberglass Dash Covered in Alcantara,All variants,1,Kits / Accessories / Trim,0.0,Kits / Accessories / Trim,,,,,,,Manual review,Manual,REVIEW,Body kit / Accessory / Trim requiring manual configuration.
⚪ Other,SC300 / SC400 / Soarer (Z30) Door Cards - Group Buy 2,All variants,12,Door,0.0/0.0/0.0/0.0/0.0/0.0/0.0/0.0/0.0/0.0/0.0/0.0,Door,118.0,62.0,34.0,50.0,50.0,50.0,Cleaned category P75,Low,UPDATE SITE,Only three clean observations. Exact match only; pairs require manual confirmation. Representative carton: A-LP550-DOOR-IN / OD-0026429.
🏎️ TOYOTA,Supra OEM Style Dash RHD,All variants,3,Kits / Accessories / Trim,0.0/0.0/0.0,Kits / Accessories / Trim,,,,,,,Manual review,Manual,REVIEW,Body kit / Accessory / Trim requiring manual configuration.
🏎️ TOYOTA,ETi Supra A-Pillars Hardtop,All variants,3,Kits / Accessories / Trim,0.0/0.0/0.0,Kits / Accessories / Trim,,,,,,,Manual review,Manual,REVIEW,Body kit / Accessory / Trim requiring manual configuration.
🏎️ TOYOTA,ETi Supra Door Sills,All variants,3,Door,0.0/0.0/0.0,Door,118.0,62.0,34.0,50.0,50.0,50.0,Cleaned category P75,Low,UPDATE SITE,Only three clean observations. Exact match only; pairs require manual confirmation. Representative carton: A-LP550-DOOR-IN / OD-0026429.
🏎️ TOYOTA,ETi Supra Kick Panel & Door Trim RHD,All variants,3,Door,0.0/0.0/0.0,Door,118.0,62.0,34.0,50.0,50.0,50.0,Cleaned category P75,Low,UPDATE SITE,Only three clean observations. Exact match only; pairs require manual confirmation. Representative carton: A-LP550-DOOR-IN / OD-0026429.
🏎️ TOYOTA,ETi Supra Race Dash RHD,All variants,3,Kits / Accessories / Trim,0.0/0.0/0.0,Kits / Accessories / Trim,,,,,,,Manual review,Manual,REVIEW,Body kit / Accessory / Trim requiring manual configuration.
🏎️ MAZDA,ETi Mazda RX-7 (FD3S) Carbon Fiber Door Trims,All variants,6,Door,0.0/0.0/0.0/0.0/0.0/0.0,Door,118.0,62.0,34.0,50.0,50.0,50.0,Cleaned category P75,Low,UPDATE SITE,Only three clean observations. Exact match only; pairs require manual confirmation. Representative carton: A-LP550-DOOR-IN / OD-0026429.
🏎️ MAZDA,ETi Mazda RX-7 (FD3S) Carbon Fiber Rear Hatch,All variants,5,Kits / Accessories / Trim,0.0/0.0/0.0/0.0/0.0,Kits / Accessories / Trim,,,,,,,Manual review,Manual,REVIEW,Body kit / Accessory / Trim requiring manual configuration.
🏎️ MAZDA,MAZDA RX7 FD RE-Amemiya BODY KIT Body Kit,All variants,30,Kits / Accessories / Trim,0.0/0.0/0.0/0.0/0.0/0.0/0.0/0.0/0.0/0.0/0.0/0.0/0.0/0.0/0.0/0.0/0.0/0.0/0.0/0.0/0.0/0.0/0.0/0.0/0.0/0.0/0.0/0.0/0.0/0.0,Kits / Accessories / Trim,,,,,,,Manual review,Manual,REVIEW,Body kit / Accessory / Trim requiring manual configuration.
🏎️ MAZDA,Mazda RX-7 (FD3S) Mazdaspeed Style Front Diffuser,All variants,4,Rear Diffuser,0.0/0.0/0.0/0.0,Rear Diffuser,151.0,51.0,21.0,33.0,33.0,33.0,Cleaned category P75,Low,UPDATE SITE,Cleaned P75; full diffusers only. Representative carton: B-987-DIF-EPAGT / OD-0018908.
🏎️ TOYOTA,ETi Supra MKIV Akuma Style Full Body Kit,All variants,35,Kits / Accessories / Trim,0.0/0.0/0.0/0.0/0.0/0.0/0.0/0.0/0.0/0.0/0.0/0.0/0.0/0.0/0.0/0.0/0.0/0.0/0.0/0.0/0.0/0.0/0.0/0.0/0.0/0.0/0.0/0.0/0.0/0.0/0.0/0.0/0.0/0.0/0.0,Kits / Accessories / Trim,,,,,,,Manual review,Manual,REVIEW,Body kit / Accessory / Trim requiring manual configuration.
🏎️ TOYOTA,ETi Supra Headlight Bezels,All variants,4,Kits / Accessories / Trim,0.0/0.0/0.0/0.0,Kits / Accessories / Trim,,,,,,,Manual review,Manual,REVIEW,Body kit / Accessory / Trim requiring manual configuration.
🏎️ TOYOTA,Supra Top Secret Style Wing,All variants,4,Standard Spoiler / Wing,0.0/0.0/0.0/0.0,Standard Spoiler / Wing,133.0,43.0,26.0,30.0,30.0,30.0,Cleaned category P75,High,UPDATE SITE,Generic standard-wing fallback; exact vehicle evidence preferred. Representative carton: A-DE5-RS-AR2& / OD-0022319. Representative carton: B-YARISGR-RS-GV / OD-0027494.
🏎️ TOYOTA,Supra OEM Style Wing,All variants,4,Standard Spoiler / Wing,0.0/0.0/0.0/0.0,Standard Spoiler / Wing,133.0,43.0,26.0,30.0,30.0,30.0,Cleaned category P75,High,UPDATE SITE,Generic standard-wing fallback; exact vehicle evidence preferred. Representative carton: A-DE5-RS-AR2& / OD-0022319. Representative carton: B-YARISGR-RS-GV / OD-0027494.
🏎️ TOYOTA,Supra Varis Style GT-Wing,All variants,4,Standard Spoiler / Wing,0.0/0.0/0.0/0.0,Standard Spoiler / Wing,133.0,43.0,26.0,30.0,30.0,30.0,Cleaned category P75,High,UPDATE SITE,Generic standard-wing fallback; exact vehicle evidence preferred. Representative carton: A-DE5-RS-AR2& / OD-0022319. Representative carton: B-YARISGR-RS-GV / OD-0027494.
🏎️ TOYOTA,Supra Top Secret Style GT-Wing C (168×30),All variants,4,Standard Spoiler / Wing,0.0/0.0/0.0/0.0,Standard Spoiler / Wing,133.0,43.0,26.0,30.0,30.0,30.0,Cleaned category P75,High,UPDATE SITE,Generic standard-wing fallback; exact vehicle evidence preferred. Representative carton: A-DE5-RS-AR2& / OD-0022319. Representative carton: B-YARISGR-RS-GV / OD-0027494.
🏎️ TOYOTA,Supra HKS Style GT-Wing D (180×25),All variants,4,Standard Spoiler / Wing,0.0/0.0/0.0/0.0,Standard Spoiler / Wing,133.0,43.0,26.0,30.0,30.0,30.0,Cleaned category P75,High,UPDATE SITE,Generic standard-wing fallback; exact vehicle evidence preferred. Representative carton: A-DE5-RS-AR2& / OD-0022319. Representative carton: B-YARISGR-RS-GV / OD-0027494.
🏎️ TOYOTA,Supra DTM Style GT-Wing E,All variants,4,Standard Spoiler / Wing,0.0/0.0/0.0/0.0,Standard Spoiler / Wing,133.0,43.0,26.0,30.0,30.0,30.0,Cleaned category P75,High,UPDATE SITE,Generic standard-wing fallback; exact vehicle evidence preferred. Representative carton: A-DE5-RS-AR2& / OD-0022319. Representative carton: B-YARISGR-RS-GV / OD-0027494.
🏎️ TOYOTA,Supra RX8 Pointed Tip Style GT-Wing F,All variants,4,Standard Spoiler / Wing,0.0/0.0/0.0/0.0,Standard Spoiler / Wing,133.0,43.0,26.0,30.0,30.0,30.0,Cleaned category P75,High,UPDATE SITE,Generic standard-wing fallback; exact vehicle evidence preferred. Representative carton: A-DE5-RS-AR2& / OD-0022319. Representative carton: B-YARISGR-RS-GV / OD-0027494.
🏎️ TOYOTA,ETi Supra GT-Wing G,All variants,4,Standard Spoiler / Wing,0.0/0.0/0.0/0.0,Standard Spoiler / Wing,133.0,43.0,26.0,30.0,30.0,30.0,Cleaned category P75,High,UPDATE SITE,Generic standard-wing fallback; exact vehicle evidence preferred. Representative carton: A-DE5-RS-AR2& / OD-0022319. Representative carton: B-YARISGR-RS-GV / OD-0027494.
🏎️ TOYOTA,ETi Supra GT-Wing E36 (170×35),All variants,4,Standard Spoiler / Wing,0.0/0.0/0.0/0.0,Standard Spoiler / Wing,133.0,43.0,26.0,30.0,30.0,30.0,Cleaned category P75,High,UPDATE SITE,Generic standard-wing fallback; exact vehicle evidence preferred. Representative carton: A-DE5-RS-AR2& / OD-0022319. Representative carton: B-YARISGR-RS-GV / OD-0027494.
🏎️ TOYOTA,ETi Supra GT-Wing H (150×27),All variants,4,Standard Spoiler / Wing,0.0/0.0/0.0/0.0,Standard Spoiler / Wing,133.0,43.0,26.0,30.0,30.0,30.0,Cleaned category P75,High,UPDATE SITE,Generic standard-wing fallback; exact vehicle evidence preferred. Representative carton: A-DE5-RS-AR2& / OD-0022319. Representative carton: B-YARISGR-RS-GV / OD-0027494.
🏎️ TOYOTA,Supra GReddy Short Style Body Kit,All variants,4,Kits / Accessories / Trim,0.0/0.0/0.0/0.0,Kits / Accessories / Trim,,,,,,,Manual review,Manual,REVIEW,Body kit / Accessory / Trim requiring manual configuration.
🏎️ TOYOTA,Supra Max-TRD Style Body Kit,All variants,4,Kits / Accessories / Trim,0.0/0.0/0.0/0.0,Kits / Accessories / Trim,,,,,,,Manual review,Manual,REVIEW,Body kit / Accessory / Trim requiring manual configuration.
🏎️ TOYOTA,Supra Ridox + Top Secret Style Body Kit,All variants,16,Kits / Accessories / Trim,0.0/0.0/0.0/0.0/0.0/0.0/0.0/0.0/0.0/0.0/0.0/0.0/0.0/0.0/0.0/0.0,Kits / Accessories / Trim,,,,,,,Manual review,Manual,REVIEW,Body kit / Accessory / Trim requiring manual configuration.
🏎️ MITSUBISHI,Mitsubishi Space Wagon ETi Body Kit,All variants,38,Kits / Accessories / Trim,0.0/0.0/0.0/0.0/0.0/0.0/0.0/0.0/0.0/0.0/0.0/0.0/0.0/0.0/0.0/0.0/0.0/0.0/0.0/0.0/0.0/0.0/0.0/0.0/0.0/0.0/0.0/0.0/0.0/0.0/0.0/0.0/0.0/0.0/0.0/0.0/0.0/0.0,Kits / Accessories / Trim,,,,,,,Manual review,Manual,REVIEW,Body kit / Accessory / Trim requiring manual configuration.
🏎️ MITSUBISHI,Mitsubishi Lancer EVO X Varis Body Kit,All variants,5,Kits / Accessories / Trim,0.0/0.0/0.0/0.0/0.0,Kits / Accessories / Trim,,,,,,,Manual review,Manual,REVIEW,Body kit / Accessory / Trim requiring manual configuration.
🏎️ MITSUBISHI,Mitsubishi Lancer EVO X Step 2 Body Kit,All variants,50,Kits / Accessories / Trim,0.0/0.0/0.0/0.0/0.0/0.0/0.0/0.0/0.0/0.0/0.0/0.0/0.0/0.0/0.0/0.0/0.0/0.0/0.0/0.0/0.0/0.0/0.0/0.0/0.0/0.0/0.0/0.0/0.0/0.0/0.0/0.0/0.0/0.0/0.0/0.0/0.0/0.0/0.0/0.0/0.0/0.0/0.0/0.0/0.0/0.0/0.0/0.0/0.0/0.0,Kits / Accessories / Trim,,,,,,,Manual review,Manual,REVIEW,Body kit / Accessory / Trim requiring manual configuration.
🏎️ MITSUBISHI,Mitsubishi Lancer EVO X Step 1 Body Kit,All variants,44,Kits / Accessories / Trim,0.0/0.0/0.0/0.0/0.0/0.0/0.0/0.0/0.0/0.0/0.0/0.0/0.0/0.0/0.0/0.0/0.0/0.0/0.0/0.0/0.0/0.0/0.0/0.0/0.0/0.0/0.0/0.0/0.0/0.0/0.0/0.0/0.0/0.0/0.0/0.0/0.0/0.0/0.0/0.0/0.0/0.0/0.0/0.0,Kits / Accessories / Trim,,,,,,,Manual review,Manual,REVIEW,Body kit / Accessory / Trim requiring manual configuration.
🏎️ MITSUBISHI,Mitsubishi Lancer EVO X (EX-Body Conversion) V2 Body Kit,All variants,11,Kits / Accessories / Trim,0.0/0.0/0.0/0.0/0.0/0.0/0.0/0.0/0.0/0.0/0.0,Kits / Accessories / Trim,,,,,,,Manual review,Manual,REVIEW,Body kit / Accessory / Trim requiring manual configuration.
🏎️ MITSUBISHI,Mitsubishi GTO 99 ETi Wide Body GT Body Kit,All variants,36,Kits / Accessories / Trim,0.0/0.0/0.0/0.0/0.0/0.0/0.0/0.0/0.0/0.0/0.0/0.0/0.0/0.0/0.0/0.0/0.0/0.0/0.0/0.0/0.0/0.0/0.0/0.0/0.0/0.0/0.0/0.0/0.0/0.0/0.0/0.0/0.0/0.0/0.0/0.0,Kits / Accessories / Trim,,,,,,,Manual review,Manual,REVIEW,Body kit / Accessory / Trim requiring manual configuration.
🏎️ MITSUBISHI,Mitsubishi GTO 99 ETi Wide Body Kit,All variants,30,Kits / Accessories / Trim,0.0/0.0/0.0/0.0/0.0/0.0/0.0/0.0/0.0/0.0/0.0/0.0/0.0/0.0/0.0/0.0/0.0/0.0/0.0/0.0/0.0/0.0/0.0/0.0/0.0/0.0/0.0/0.0/0.0/0.0,Kits / Accessories / Trim,,,,,,,Manual review,Manual,REVIEW,Body kit / Accessory / Trim requiring manual configuration.
🏎️ MITSUBISHI,Mitsubishi GTO 99 ETi Body Kit,All variants,23,Kits / Accessories / Trim,0.0/0.0/0.0/0.0/0.0/0.0/0.0/0.0/0.0/0.0/0.0/0.0/0.0/0.0/0.0/0.0/0.0/0.0/0.0/0.0/0.0/0.0/0.0,Kits / Accessories / Trim,,,,,,,Manual review,Manual,REVIEW,Body kit / Accessory / Trim requiring manual configuration.
🏎️ MITSUBISHI,Mitsubishi GTO 94-97 Body Kit,All variants,11,Kits / Accessories / Trim,0.0/0.0/0.0/0.0/0.0/0.0/0.0/0.0/0.0/0.0/0.0,Kits / Accessories / Trim,,,,,,,Manual review,Manual,REVIEW,Body kit / Accessory / Trim requiring manual configuration.
🏎️ MITSUBISHI,Mitsubishi GTO 94-97 C-West Body Kit,All variants,16,Kits / Accessories / Trim,0.0/0.0/0.0/0.0/0.0/0.0/0.0/0.0/0.0/0.0/0.0/0.0/0.0/0.0/0.0/0.0,Kits / Accessories / Trim,,,,,,,Manual review,Manual,REVIEW,Body kit / Accessory / Trim requiring manual configuration.
🏎️ MITSUBISHI,Mitsubishi GTO 91-93 ETi Kaze Body Kit,All variants,21,Kits / Accessories / Trim,0.0/0.0/0.0/0.0/0.0/0.0/0.0/0.0/0.0/0.0/0.0/0.0/0.0/0.0/0.0/0.0/0.0/0.0/0.0/0.0/0.0,Kits / Accessories / Trim,,,,,,,Manual review,Manual,REVIEW,Body kit / Accessory / Trim requiring manual configuration.
🏎️ MITSUBISHI,Mitsubishi FTO Kaze Body Kit,All variants,11,Kits / Accessories / Trim,0.0/0.0/0.0/0.0/0.0/0.0/0.0/0.0/0.0/0.0/0.0,Kits / Accessories / Trim,,,,,,,Manual review,Manual,REVIEW,Body kit / Accessory / Trim requiring manual configuration.
🏎️ MITSUBISHI,Mitsubishi FTO BOZZ Speed Body Kit,All variants,11,Kits / Accessories / Trim,0.0/0.0/0.0/0.0/0.0/0.0/0.0/0.0/0.0/0.0/0.0,Kits / Accessories / Trim,,,,,,,Manual review,Manual,REVIEW,Body kit / Accessory / Trim requiring manual configuration.
🏎️ MITSUBISHI,Mitsubishi EVO 9 Voltex for Street Body Kit,All variants,14,Kits / Accessories / Trim,0.0/0.0/0.0/0.0/0.0/0.0/0.0/0.0/0.0/0.0/0.0/0.0/0.0/0.0,Kits / Accessories / Trim,,,,,,,Manual review,Manual,REVIEW,Body kit / Accessory / Trim requiring manual configuration.
🏎️ MITSUBISHI,MITSUBISHI EVO9 VARIS Body Kit,All variants,4,Kits / Accessories / Trim,0.0/0.0/0.0/0.0,Kits / Accessories / Trim,,,,,,,Manual review,Manual,REVIEW,Body kit / Accessory / Trim requiring manual configuration.
🏎️ MITSUBISHI,Mitsubishi EVO 7 Monster Body Kit,All variants,5,Kits / Accessories / Trim,0.0/0.0/0.0/0.0/0.0,Kits / Accessories / Trim,,,,,,,Manual review,Manual,REVIEW,Body kit / Accessory / Trim requiring manual configuration.
🏎️ MITSUBISHI,MITSUBISHI EVO7 EVO7 Body Kit,All variants,11,Kits / Accessories / Trim,0.0/0.0/0.0/0.0/0.0/0.0/0.0/0.0/0.0/0.0/0.0,Kits / Accessories / Trim,,,,,,,Manual review,Manual,REVIEW,Body kit / Accessory / Trim requiring manual configuration.
🏎️ MITSUBISHI,Mitsubishi EVO X Voltex Body Kit,All variants,10,Kits / Accessories / Trim,0.0/0.0/0.0/0.0/0.0/0.0/0.0/0.0/0.0/0.0,Kits / Accessories / Trim,,,,,,,Manual review,Manual,REVIEW,Body kit / Accessory / Trim requiring manual configuration.
🏎️ MITSUBISHI,Mitsubishi EVO X Varis (Carbon) Body Kit,All variants,9,Kits / Accessories / Trim,0.0/0.0/0.0/0.0/0.0/0.0/0.0/0.0/0.0,Kits / Accessories / Trim,,,,,,,Manual review,Manual,REVIEW,Body kit / Accessory / Trim requiring manual configuration.
🏎️ MITSUBISHI,Mitsubishi EVO X Varis ABS Body Kit,All variants,14,Kits / Accessories / Trim,0.0/0.0/0.0/0.0/0.0/0.0/0.0/0.0/0.0/0.0/0.0/0.0/0.0/0.0,Kits / Accessories / Trim,,,,,,,Manual review,Manual,REVIEW,Body kit / Accessory / Trim requiring manual configuration.
🏎️ MITSUBISHI,Mitsubishi EVO X Standard Body Kit,All variants,50,Kits / Accessories / Trim,0.0/0.0/0.0/0.0/0.0/0.0/0.0/0.0/0.0/0.0/0.0/0.0/0.0/0.0/0.0/0.0/0.0/0.0/0.0/0.0/0.0/0.0/0.0/0.0/0.0/0.0/0.0/0.0/0.0/0.0/0.0/0.0/0.0/0.0/0.0/0.0/0.0/0.0/0.0/0.0/0.0/0.0/0.0/0.0/0.0/0.0/0.0/0.0/0.0/0.0,Kits / Accessories / Trim,,,,,,,Manual review,Manual,REVIEW,Body kit / Accessory / Trim requiring manual configuration.
🏎️ MITSUBISHI,Mitsubishi EVO X Ralliart Body Kit,All variants,5,Kits / Accessories / Trim,0.0/0.0/0.0/0.0/0.0,Kits / Accessories / Trim,,,,,,,Manual review,Manual,REVIEW,Body kit / Accessory / Trim requiring manual configuration.
🏎️ MITSUBISHI,Mitsubishi EVO X Charge Speed Body Kit,All variants,5,Kits / Accessories / Trim,0.0/0.0/0.0/0.0/0.0,Kits / Accessories / Trim,,,,,,,Manual review,Manual,REVIEW,Body kit / Accessory / Trim requiring manual configuration.
🏎️ MITSUBISHI,Mitsubishi EVO 7/8 Standard Body Kit,All variants,16,Kits / Accessories / Trim,0.0/0.0/0.0/0.0/0.0/0.0/0.0/0.0/0.0/0.0/0.0/0.0/0.0/0.0/0.0/0.0,Kits / Accessories / Trim,,,,,,,Manual review,Manual,REVIEW,Body kit / Accessory / Trim requiring manual configuration.
🏎️ MITSUBISHI,Mitsubishi EVO 7/8 ING+1 Monster Body Kit,All variants,14,Kits / Accessories / Trim,0.0/0.0/0.0/0.0/0.0/0.0/0.0/0.0/0.0/0.0/0.0/0.0/0.0/0.0,Kits / Accessories / Trim,,,,,,,Manual review,Manual,REVIEW,Body kit / Accessory / Trim requiring manual configuration.
🏎️ MITSUBISHI,Mitsubishi EVO 7/8 ING+1 Body Kit,All variants,16,Kits / Accessories / Trim,0.0/0.0/0.0/0.0/0.0/0.0/0.0/0.0/0.0/0.0/0.0/0.0/0.0/0.0/0.0/0.0,Kits / Accessories / Trim,,,,,,,Manual review,Manual,REVIEW,Body kit / Accessory / Trim requiring manual configuration.
🏎️ MITSUBISHI,Mitsubishi EVO 7/8 EVO 8 Body Kit,All variants,10,Kits / Accessories / Trim,0.0/0.0/0.0/0.0/0.0/0.0/0.0/0.0/0.0/0.0,Kits / Accessories / Trim,,,,,,,Manual review,Manual,REVIEW,Body kit / Accessory / Trim requiring manual configuration.
🏎️ MITSUBISHI,Mitsubishi EVO 8/9 Voltex Style Time Attack Kit,All variants,40,Kits / Accessories / Trim,0.0/0.0/0.0/0.0/0.0/0.0/0.0/0.0/0.0/0.0/0.0/0.0/0.0/0.0/0.0/0.0/0.0/0.0/0.0/0.0/0.0/0.0/0.0/0.0/0.0/0.0/0.0/0.0/0.0/0.0/0.0/0.0/0.0/0.0/0.0/0.0/0.0/0.0/0.0/0.0,Kits / Accessories / Trim,,,,,,,Manual review,Manual,REVIEW,Body kit / Accessory / Trim requiring manual configuration.
🏎️ MITSUBISHI,Mitsubishi EVO 8/9 HKS Style Widebody Kit,All variants,50,Kits / Accessories / Trim,0.0/0.0/0.0/0.0/0.0/0.0/0.0/0.0/0.0/0.0/0.0/0.0/0.0/0.0/0.0/0.0/0.0/0.0/0.0/0.0/0.0/0.0/0.0/0.0/0.0/0.0/0.0/0.0/0.0/0.0/0.0/0.0/0.0/0.0/0.0/0.0/0.0/0.0/0.0/0.0/0.0/0.0/0.0/0.0/0.0/0.0/0.0/0.0/0.0/0.0,Kits / Accessories / Trim,,,,,,,Manual review,Manual,REVIEW,Body kit / Accessory / Trim requiring manual configuration.
🏎️ MITSUBISHI,ETi Mitsubishi Space Wagon ETi V2 Carbon Fiber Spoiler,All variants,4,Standard Spoiler / Wing,0.0/0.0/0.0/0.0,Standard Spoiler / Wing,133.0,43.0,26.0,30.0,30.0,30.0,Cleaned category P75,High,UPDATE SITE,Generic standard-wing fallback; exact vehicle evidence preferred. Representative carton: A-DE5-RS-AR2& / OD-0022319. Representative carton: B-YARISGR-RS-GV / OD-0027494.
🏎️ MITSUBISHI,ETi Mitsubishi Space Wagon ETi Carbon Fiber Spoiler,All variants,4,Standard Spoiler / Wing,0.0/0.0/0.0/0.0,Standard Spoiler / Wing,133.0,43.0,26.0,30.0,30.0,30.0,Cleaned category P75,High,UPDATE SITE,Generic standard-wing fallback; exact vehicle evidence preferred. Representative carton: A-DE5-RS-AR2& / OD-0022319. Representative carton: B-YARISGR-RS-GV / OD-0027494.
🏎️ MITSUBISHI,ETi Mitsubishi EVO X Varis Carbon Fiber Spoiler,All variants,4,Standard Spoiler / Wing,0.0/0.0/0.0/0.0,Standard Spoiler / Wing,133.0,43.0,26.0,30.0,30.0,30.0,Cleaned category P75,High,UPDATE SITE,Generic standard-wing fallback; exact vehicle evidence preferred. Representative carton: A-DE5-RS-AR2& / OD-0022319. Representative carton: B-YARISGR-RS-GV / OD-0027494.
🏎️ MITSUBISHI,ETi Mitsubishi EVO X OEM Carbon Fiber Spoiler,All variants,4,Standard Spoiler / Wing,0.0/0.0/0.0/0.0,Standard Spoiler / Wing,133.0,43.0,26.0,30.0,30.0,30.0,Cleaned category P75,High,UPDATE SITE,Generic standard-wing fallback; exact vehicle evidence preferred. Representative carton: A-DE5-RS-AR2& / OD-0022319. Representative carton: B-YARISGR-RS-GV / OD-0027494.
🏎️ MITSUBISHI,ETi Mitsubishi EVO 8 OEM Carbon Fiber Spoiler,All variants,4,Standard Spoiler / Wing,0.0/0.0/0.0/0.0,Standard Spoiler / Wing,133.0,43.0,26.0,30.0,30.0,30.0,Cleaned category P75,High,UPDATE SITE,Generic standard-wing fallback; exact vehicle evidence preferred. Representative carton: A-DE5-RS-AR2& / OD-0022319. Representative carton: B-YARISGR-RS-GV / OD-0027494.
🏎️ MITSUBISHI,ETi Mitsubishi EVO 7 OEM Carbon Fiber Spoiler,All variants,4,Standard Spoiler / Wing,0.0/0.0/0.0/0.0,Standard Spoiler / Wing,133.0,43.0,26.0,30.0,30.0,30.0,Cleaned category P75,High,UPDATE SITE,Generic standard-wing fallback; exact vehicle evidence preferred. Representative carton: A-DE5-RS-AR2& / OD-0022319. Representative carton: B-YARISGR-RS-GV / OD-0027494.
🏎️ MITSUBISHI,ETi Mitsubishi EVO X Carbon Fiber Roof,All variants,4,Kits / Accessories / Trim,0.0/0.0/0.0/0.0,Kits / Accessories / Trim,,,,,,,Manual review,Manual,REVIEW,Body kit / Accessory / Trim requiring manual configuration.
🏎️ MITSUBISHI,ETi Mitsubishi GTO Carbon Fiber Roof,All variants,4,Kits / Accessories / Trim,0.0/0.0/0.0/0.0,Kits / Accessories / Trim,,,,,,,Manual review,Manual,REVIEW,Body kit / Accessory / Trim requiring manual configuration.
🏎️ MITSUBISHI,ETi Mitsubishi GTO (Sunroof) Carbon Fiber Roof,All variants,4,Kits / Accessories / Trim,0.0/0.0/0.0/0.0,Kits / Accessories / Trim,,,,,,,Manual review,Manual,REVIEW,Body kit / Accessory / Trim requiring manual configuration.
🏎️ MITSUBISHI,ETi Mitsubishi EVO X Carbon Fiber Trunk,All variants,8,Trunk / Boot,0.0/0.0/0.0/0.0/0.0/0.0/0.0/0.0,Trunk / Boot,132.0,73.0,42.0,81.0,81.0,81.0,Cleaned category P75,Low,UPDATE SITE,Bimodal by chassis. Use exact vehicle profile only; otherwise retain current value and review. Representative carton: A-E46-TRUNK-OE / OD-0017474.
🏎️ MITSUBISHI,ETi Mitsubishi EVO 7 Carbon Fiber Trunk,All variants,8,Trunk / Boot,0.0/0.0/0.0/0.0/0.0/0.0/0.0/0.0,Trunk / Boot,132.0,73.0,42.0,81.0,81.0,81.0,Cleaned category P75,Low,UPDATE SITE,Bimodal by chassis. Use exact vehicle profile only; otherwise retain current value and review. Representative carton: A-E46-TRUNK-OE / OD-0017474.
🏎️ MITSUBISHI,ETi Mitsubishi Triton 2023 Front Carbon Fiber Doors,All variants,8,Door,0.0/0.0/0.0/0.0/0.0/0.0/0.0/0.0,Door,118.0,62.0,34.0,50.0,50.0,50.0,Cleaned category P75,Low,UPDATE SITE,Only three clean observations. Exact match only; pairs require manual confirmation. Representative carton: A-LP550-DOOR-IN / OD-0026429.
🏎️ MITSUBISHI,ETi Mitsubishi Triton 2022 Rear Carbon Fiber Doors,All variants,8,Door,0.0/0.0/0.0/0.0/0.0/0.0/0.0/0.0,Door,118.0,62.0,34.0,50.0,50.0,50.0,Cleaned category P75,Low,UPDATE SITE,Only three clean observations. Exact match only; pairs require manual confirmation. Representative carton: A-LP550-DOOR-IN / OD-0026429.
🏎️ MITSUBISHI,ETi Mitsubishi Triton 2022 Front Carbon Fiber Doors,All variants,8,Door,0.0/0.0/0.0/0.0/0.0/0.0/0.0/0.0,Door,118.0,62.0,34.0,50.0,50.0,50.0,Cleaned category P75,Low,UPDATE SITE,Only three clean observations. Exact match only; pairs require manual confirmation. Representative carton: A-LP550-DOOR-IN / OD-0026429.
🏎️ MITSUBISHI,ETi Mitsubishi EVO X Rear Carbon Fiber Doors,All variants,8,Door,0.0/0.0/0.0/0.0/0.0/0.0/0.0/0.0,Door,118.0,62.0,34.0,50.0,50.0,50.0,Cleaned category P75,Low,UPDATE SITE,Only three clean observations. Exact match only; pairs require manual confirmation. Representative carton: A-LP550-DOOR-IN / OD-0026429.
🏎️ MITSUBISHI,ETi Mitsubishi EVO 7/8/9 Front Carbon Fiber Doors,All variants,8,Door,0.0/0.0/0.0/0.0/0.0/0.0/0.0/0.0,Door,118.0,62.0,34.0,50.0,50.0,50.0,Cleaned category P75,Low,UPDATE SITE,Only three clean observations. Exact match only; pairs require manual confirmation. Representative carton: A-LP550-DOOR-IN / OD-0026429.
🏎️ MITSUBISHI,ETi Mitsubishi Attack OEM Carbon Fiber Hood,All variants,8,Hood Standard,0.0/0.0/0.0/0.0/0.0/0.0/0.0/0.0,Hood — Standard,170.0,133.0,16.0,73.0,73.0,73.0,Cleaned category P75,High,UPDATE SITE,Retain the established ETi standard hood tier.
🏎️ MITSUBISHI,ETi Mitsubishi Triton 2023 OEM Carbon Fiber Hood,All variants,8,Hood Standard,0.0/0.0/0.0/0.0/0.0/0.0/0.0/0.0,Hood — Standard,170.0,133.0,16.0,73.0,73.0,73.0,Cleaned category P75,High,UPDATE SITE,Retain the established ETi standard hood tier.
🏎️ MITSUBISHI,ETi Mitsubishi Triton 2022 OEM Carbon Fiber Hood,All variants,8,Hood Standard,0.0/0.0/0.0/0.0/0.0/0.0/0.0/0.0,Hood — Standard,170.0,133.0,16.0,73.0,73.0,73.0,Cleaned category P75,High,UPDATE SITE,Retain the established ETi standard hood tier.
🏎️ MITSUBISHI,ETi Mitsubishi Triton OEM Carbon Fiber Hood,All variants,8,Hood Standard,0.0/0.0/0.0/0.0/0.0/0.0/0.0/0.0,Hood — Standard,170.0,133.0,16.0,73.0,73.0,73.0,Cleaned category P75,High,UPDATE SITE,Retain the established ETi standard hood tier.
🏎️ MITSUBISHI,ETi Mitsubishi Space Wagon ETi Carbon Fiber Hood,All variants,8,Hood Standard,0.0/0.0/0.0/0.0/0.0/0.0/0.0/0.0,Hood — Standard,170.0,133.0,16.0,73.0,73.0,73.0,Cleaned category P75,High,UPDATE SITE,Retain the established ETi standard hood tier.
🏎️ MITSUBISHI,ETi Mitsubishi Space Wagon OEM Carbon Fiber Hood,All variants,8,Hood Standard,0.0/0.0/0.0/0.0/0.0/0.0/0.0/0.0,Hood — Standard,170.0,133.0,16.0,73.0,73.0,73.0,Cleaned category P75,High,UPDATE SITE,Retain the established ETi standard hood tier.
🏎️ MITSUBISHI,ETi Mitsubishi Colt 04 ETi Carbon Fiber Hood,All variants,8,Hood Standard,0.0/0.0/0.0/0.0/0.0/0.0/0.0/0.0,Hood — Standard,170.0,133.0,16.0,73.0,73.0,73.0,Cleaned category P75,High,UPDATE SITE,Retain the established ETi standard hood tier.
🏎️ MITSUBISHI,ETi Mitsubishi Colt 94 ETi Carbon Fiber Hood,All variants,8,Hood Standard,0.0/0.0/0.0/0.0/0.0/0.0/0.0/0.0,Hood — Standard,170.0,133.0,16.0,73.0,73.0,73.0,Cleaned category P75,High,UPDATE SITE,Retain the established ETi standard hood tier.
🏎️ MITSUBISHI,ETi Mitsubishi GTO 99 ETi GT2 Carbon Fiber Hood,All variants,8,Hood Standard,0.0/0.0/0.0/0.0/0.0/0.0/0.0/0.0,Hood — Standard,170.0,133.0,16.0,73.0,73.0,73.0,Cleaned category P75,High,UPDATE SITE,Retain the established ETi standard hood tier.
🏎️ MITSUBISHI,ETi Mitsubishi GTO 99 ETi GT Carbon Fiber Hood,All variants,8,Hood Standard,0.0/0.0/0.0/0.0/0.0/0.0/0.0/0.0,Hood — Standard,170.0,133.0,16.0,73.0,73.0,73.0,Cleaned category P75,High,UPDATE SITE,Retain the established ETi standard hood tier.
🏎️ MITSUBISHI,ETi Mitsubishi GTO 99 ETi Carbon Fiber Hood,All variants,8,Hood Standard,0.0/0.0/0.0/0.0/0.0/0.0/0.0/0.0,Hood — Standard,170.0,133.0,16.0,73.0,73.0,73.0,Cleaned category P75,High,UPDATE SITE,Retain the established ETi standard hood tier.
🏎️ MITSUBISHI,ETi Mitsubishi GTO 91-93 ETi Carbon Fiber Hood,All variants,8,Hood Standard,0.0/0.0/0.0/0.0/0.0/0.0/0.0/0.0,Hood — Standard,170.0,133.0,16.0,73.0,73.0,73.0,Cleaned category P75,High,UPDATE SITE,Retain the established ETi standard hood tier.
🏎️ MITSUBISHI,ETi Mitsubishi EVO X Carbon Fiber Hood,All variants,8,Hood Standard,0.0/0.0/0.0/0.0/0.0/0.0/0.0/0.0,Hood — Standard,170.0,133.0,16.0,73.0,73.0,73.0,Cleaned category P75,High,UPDATE SITE,Retain the established ETi standard hood tier.
🏎️ MITSUBISHI,ETi Mitsubishi EVO 8/9 Voltex Carbon Fiber Hood,All variants,8,Hood Standard,0.0/0.0/0.0/0.0/0.0/0.0/0.0/0.0,Hood — Standard,170.0,133.0,16.0,73.0,73.0,73.0,Cleaned category P75,High,UPDATE SITE,Retain the established ETi standard hood tier.
🏎️ MITSUBISHI,ETi Mitsubishi EVO 8/9 Monster Carbon Fiber Hood,All variants,8,Hood Standard,0.0/0.0/0.0/0.0/0.0/0.0/0.0/0.0,Hood — Standard,170.0,133.0,16.0,73.0,73.0,73.0,Cleaned category P75,High,UPDATE SITE,Retain the established ETi standard hood tier.
🏎️ PORSCHE,Porsche Taycan ZYRT Factory Body Kit,All variants,4,Kits / Accessories / Trim,0.0/0.0/0.0/0.0,Kits / Accessories / Trim,,,,,,,Manual review,Manual,REVIEW,Body kit / Accessory / Trim requiring manual configuration.
🏎️ PORSCHE,Porsche Taycan Factory Body Kit,All variants,18,Kits / Accessories / Trim,0.0/0.0/0.0/0.0/0.0/0.0/0.0/0.0/0.0/0.0/0.0/0.0/0.0/0.0/0.0/0.0/0.0/0.0,Kits / Accessories / Trim,,,,,,,Manual review,Manual,REVIEW,Body kit / Accessory / Trim requiring manual configuration.
🏎️ PORSCHE,Porsche Panamera 2015 ETi Body Kit,All variants,6,Kits / Accessories / Trim,0.0/0.0/0.0/0.0/0.0/0.0,Kits / Accessories / Trim,,,,,,,Manual review,Manual,REVIEW,Body kit / Accessory / Trim requiring manual configuration.
🏎️ PORSCHE,Porsche Euro Hour Conversion Body Kit,All variants,10,Kits / Accessories / Trim,0.0/0.0/0.0/0.0/0.0/0.0/0.0/0.0/0.0/0.0,Kits / Accessories / Trim,,,,,,,Manual review,Manual,REVIEW,Body kit / Accessory / Trim requiring manual configuration.
🏎️ PORSCHE,Porsche ETi GT1 Sold As Kit Body Kit,All variants,1,Kits / Accessories / Trim,0.0,Kits / Accessories / Trim,,,,,,,Manual review,Manual,REVIEW,Body kit / Accessory / Trim requiring manual configuration.
🏎️ PORSCHE,Porsche Cayenne Lumma Wide Body Kit,All variants,1,Kits / Accessories / Trim,0.0,Kits / Accessories / Trim,,,,,,,Manual review,Manual,REVIEW,Body kit / Accessory / Trim requiring manual configuration.
🏎️ PORSCHE,Porsche Cayenne Fairy Design Sold As Kit Body Kit,All variants,1,Kits / Accessories / Trim,0.0,Kits / Accessories / Trim,,,,,,,Manual review,Manual,REVIEW,Body kit / Accessory / Trim requiring manual configuration.
🏎️ PORSCHE,Porsche 997 Prior Design Full Kit Body Kit,All variants,5,Kits / Accessories / Trim,0.0/0.0/0.0/0.0/0.0,Kits / Accessories / Trim,,,,,,,Manual review,Manual,REVIEW,Body kit / Accessory / Trim requiring manual configuration.
🏎️ PORSCHE,Porsche 996 GT3 RS Body Kit,All variants,4,Kits / Accessories / Trim,0.0/0.0/0.0/0.0,Kits / Accessories / Trim,,,,,,,Manual review,Manual,REVIEW,Body kit / Accessory / Trim requiring manual configuration.
🏎️ PORSCHE,PORSCHE 991.2 Carrera 2017 GT3 RS ETi Body Kit,All variants,9,Kits / Accessories / Trim,0.0/0.0/0.0/0.0/0.0/0.0/0.0/0.0/0.0,Kits / Accessories / Trim,,,,,,,Manual review,Manual,REVIEW,Body kit / Accessory / Trim requiring manual configuration.
🏎️ PORSCHE,Porsche 986/987 Cayman TechArt Wide Body Sold As Kit Body Kit,All variants,1,Kits / Accessories / Trim,0.0,Kits / Accessories / Trim,,,,,,,Manual review,Manual,REVIEW,Body kit / Accessory / Trim requiring manual configuration.
🏎️ PORSCHE,Porsche 986/987 Cayman Spyder Body Kit,All variants,13,Kits / Accessories / Trim,0.0/0.0/0.0/0.0/0.0/0.0/0.0/0.0/0.0/0.0/0.0/0.0/0.0,Kits / Accessories / Trim,,,,,,,Manual review,Manual,REVIEW,Body kit / Accessory / Trim requiring manual configuration.
🏎️ PORSCHE,Porsche 986/987 Cayman GT3 RS Body Kit,All variants,5,Kits / Accessories / Trim,0.0/0.0/0.0/0.0/0.0,Kits / Accessories / Trim,,,,,,,Manual review,Manual,REVIEW,Body kit / Accessory / Trim requiring manual configuration.
🏎️ PORSCHE,Porsche 986/987 Cayman Full Kit Only Body Kit,All variants,5,Kits / Accessories / Trim,0.0/0.0/0.0/0.0/0.0,Kits / Accessories / Trim,,,,,,,Manual review,Manual,REVIEW,Body kit / Accessory / Trim requiring manual configuration.
🏎️ PORSCHE,Porsche 986/987 Cayman 918 Spyder Replica Body Kit,All variants,1,Kits / Accessories / Trim,0.0,Kits / Accessories / Trim,,,,,,,Manual review,Manual,REVIEW,Body kit / Accessory / Trim requiring manual configuration.
🏎️ PORSCHE,Porsche 981 GT4 Body Kit,All variants,25,Kits / Accessories / Trim,0.0/0.0/0.0/0.0/0.0/0.0/0.0/0.0/0.0/0.0/0.0/0.0/0.0/0.0/0.0/0.0/0.0/0.0/0.0/0.0/0.0/0.0/0.0/0.0/0.0,Kits / Accessories / Trim,,,,,,,Manual review,Manual,REVIEW,Body kit / Accessory / Trim requiring manual configuration.
🏎️ PORSCHE,Porsche 981 GT3 Body Kit,All variants,5,Kits / Accessories / Trim,0.0/0.0/0.0/0.0/0.0,Kits / Accessories / Trim,,,,,,,Manual review,Manual,REVIEW,Body kit / Accessory / Trim requiring manual configuration.
🏎️ PORSCHE,Porsche 981 Factory Body Kit,All variants,16,Kits / Accessories / Trim,0.0/0.0/0.0/0.0/0.0/0.0/0.0/0.0/0.0/0.0/0.0/0.0/0.0/0.0/0.0/0.0,Kits / Accessories / Trim,,,,,,,Manual review,Manual,REVIEW,Body kit / Accessory / Trim requiring manual configuration.
🏎️ PORSCHE,Porsche 981 Face Off 718 Body Kit,All variants,35,Kits / Accessories / Trim,0.0/0.0/0.0/0.0/0.0/0.0/0.0/0.0/0.0/0.0/0.0/0.0/0.0/0.0/0.0/0.0/0.0/0.0/0.0/0.0/0.0/0.0/0.0/0.0/0.0/0.0/0.0/0.0/0.0/0.0/0.0/0.0/0.0/0.0/0.0,Kits / Accessories / Trim,,,,,,,Manual review,Manual,REVIEW,Body kit / Accessory / Trim requiring manual configuration.
🏎️ PORSCHE,Porsche 981 Cayman TechArt Body Kit,All variants,4,Kits / Accessories / Trim,0.0/0.0/0.0/0.0,Kits / Accessories / Trim,,,,,,,Manual review,Manual,REVIEW,Body kit / Accessory / Trim requiring manual configuration.
🏎️ PORSCHE,Porsche 981 Cayman DIF TechArt Body Kit,All variants,14,Kits / Accessories / Trim,0.0/0.0/0.0/0.0/0.0/0.0/0.0/0.0/0.0/0.0/0.0/0.0/0.0/0.0,Kits / Accessories / Trim,,,,,,,Manual review,Manual,REVIEW,Body kit / Accessory / Trim requiring manual configuration.
🏎️ PORSCHE,Porsche 981 Boxster GT4 Body Kit,All variants,14,Kits / Accessories / Trim,0.0/0.0/0.0/0.0/0.0/0.0/0.0/0.0/0.0/0.0/0.0/0.0/0.0/0.0,Kits / Accessories / Trim,,,,,,,Manual review,Manual,REVIEW,Body kit / Accessory / Trim requiring manual configuration.
🏎️ PORSCHE,Porsche 981 AYA Body Kit,All variants,5,Kits / Accessories / Trim,0.0/0.0/0.0/0.0/0.0,Kits / Accessories / Trim,,,,,,,Manual review,Manual,REVIEW,Body kit / Accessory / Trim requiring manual configuration.
🏎️ PORSCHE,Porsche 911 Vattana Body Kit,All variants,5,Kits / Accessories / Trim,0.0/0.0/0.0/0.0/0.0,Kits / Accessories / Trim,,,,,,,Manual review,Manual,REVIEW,Body kit / Accessory / Trim requiring manual configuration.
🏎️ PORSCHE,Porsche 911 GT3 Body Kit,All variants,5,Kits / Accessories / Trim,0.0/0.0/0.0/0.0/0.0,Kits / Accessories / Trim,,,,,,,Manual review,Manual,REVIEW,Body kit / Accessory / Trim requiring manual configuration.
🏎️ PORSCHE,Porsche 718 GT3 Conversion Body Kit,All variants,16,Kits / Accessories / Trim,0.0/0.0/0.0/0.0/0.0/0.0/0.0/0.0/0.0/0.0/0.0/0.0/0.0/0.0/0.0/0.0,Kits / Accessories / Trim,,,,,,,Manual review,Manual,REVIEW,Body kit / Accessory / Trim requiring manual configuration.
🏎️ PORSCHE,Porsche 718 Factory Body Kit,All variants,5,Kits / Accessories / Trim,0.0/0.0/0.0/0.0/0.0,Kits / Accessories / Trim,,,,,,,Manual review,Manual,REVIEW,Body kit / Accessory / Trim requiring manual configuration.
🏎️ PORSCHE,Porsche 718 AYA Body Kit,All variants,5,Kits / Accessories / Trim,0.0/0.0/0.0/0.0/0.0,Kits / Accessories / Trim,,,,,,,Manual review,Manual,REVIEW,Body kit / Accessory / Trim requiring manual configuration.
🏎️ PORSCHE,Porsche 2009 With Wing Body Kit,All variants,1,Kits / Accessories / Trim,0.0,Kits / Accessories / Trim,,,,,,,Manual review,Manual,REVIEW,Body kit / Accessory / Trim requiring manual configuration.
🏎️ PORSCHE,Porsche 2009 Prior Design Full Kit Body Kit,All variants,11,Kits / Accessories / Trim,0.0/0.0/0.0/0.0/0.0/0.0/0.0/0.0/0.0/0.0/0.0,Kits / Accessories / Trim,,,,,,,Manual review,Manual,REVIEW,Body kit / Accessory / Trim requiring manual configuration.
🏎️ PORSCHE,Porsche 2009 Big Wing Body Kit,All variants,1,Kits / Accessories / Trim,0.0,Kits / Accessories / Trim,,,,,,,Manual review,Manual,REVIEW,Body kit / Accessory / Trim requiring manual configuration.
🏎️ BMW,BMW Z4 E89 Hamann Body Kit,All variants,16,Kits / Accessories / Trim,0.0/0.0/0.0/0.0/0.0/0.0/0.0/0.0/0.0/0.0/0.0/0.0/0.0/0.0/0.0/0.0,Kits / Accessories / Trim,,,,,,,Manual review,Manual,REVIEW,Body kit / Accessory / Trim requiring manual configuration.
🏎️ BMW,BMW Z4 E89 GT3 Widebody Body Kit,All variants,43,Kits / Accessories / Trim,0.0/0.0/0.0/0.0/0.0/0.0/0.0/0.0/0.0/0.0/0.0/0.0/0.0/0.0/0.0/0.0/0.0/0.0/0.0/0.0/0.0/0.0/0.0/0.0/0.0/0.0/0.0/0.0/0.0/0.0/0.0/0.0/0.0/0.0/0.0/0.0/0.0/0.0/0.0/0.0/0.0/0.0/0.0,Kits / Accessories / Trim,,,,,,,Manual review,Manual,REVIEW,Body kit / Accessory / Trim requiring manual configuration.
🏎️ BMW,BMW Z4 E89 ETi Body Kit,All variants,11,Kits / Accessories / Trim,0.0/0.0/0.0/0.0/0.0/0.0/0.0/0.0/0.0/0.0/0.0,Kits / Accessories / Trim,,,,,,,Manual review,Manual,REVIEW,Body kit / Accessory / Trim requiring manual configuration.
🏎️ BMW,BMW Wide Body Kit,All variants,5,Kits / Accessories / Trim,0.0/0.0/0.0/0.0/0.0,Kits / Accessories / Trim,,,,,,,Manual review,Manual,REVIEW,Body kit / Accessory / Trim requiring manual configuration.
🏎️ BENZ,Mercedes S-Class W220 Wald Body Kit,All variants,21,Kits / Accessories / Trim,0.0/0.0/0.0/0.0/0.0/0.0/0.0/0.0/0.0/0.0/0.0/0.0/0.0/0.0/0.0/0.0/0.0/0.0/0.0/0.0/0.0,Kits / Accessories / Trim,,,,,,,Manual review,Manual,REVIEW,Body kit / Accessory / Trim requiring manual configuration.
⚪ Other,Mercedes CL-Class C140 2-Door FAB Design Body Kit,All variants,16,Kits / Accessories / Trim,0.0/0.0/0.0/0.0/0.0/0.0/0.0/0.0/0.0/0.0/0.0/0.0/0.0/0.0/0.0/0.0,Kits / Accessories / Trim,,,,,,,Manual review,Manual,REVIEW,Body kit / Accessory / Trim requiring manual configuration.
⚪ Other,Mercedes SLR McLaren Factory Body Kit,All variants,10,Kits / Accessories / Trim,0.0/0.0/0.0/0.0/0.0/0.0/0.0/0.0/0.0/0.0,Kits / Accessories / Trim,,,,,,,Manual review,Manual,REVIEW,Body kit / Accessory / Trim requiring manual configuration.
⚪ Other,Mercedes SL500 R129 AMG Body Kit,All variants,21,Kits / Accessories / Trim,0.0/0.0/0.0/0.0/0.0/0.0/0.0/0.0/0.0/0.0/0.0/0.0/0.0/0.0/0.0/0.0/0.0/0.0/0.0/0.0/0.0,Kits / Accessories / Trim,,,,,,,Manual review,Manual,REVIEW,Body kit / Accessory / Trim requiring manual configuration.
🏎️ BMW,BMW Series 5 Hamann Body Kit,All variants,4,Kits / Accessories / Trim,0.0/0.0/0.0/0.0,Kits / Accessories / Trim,,,,,,,Manual review,Manual,REVIEW,Body kit / Accessory / Trim requiring manual configuration.
🏎️ BMW,BMW Series 3 M-Technic Body Kit,All variants,5,Kits / Accessories / Trim,0.0/0.0/0.0/0.0/0.0,Kits / Accessories / Trim,,,,,,,Manual review,Manual,REVIEW,Body kit / Accessory / Trim requiring manual configuration.
🏎️ BMW,BMW Series 1 Custom Maxima Body Kit,All variants,36,Kits / Accessories / Trim,0.0/0.0/0.0/0.0/0.0/0.0/0.0/0.0/0.0/0.0/0.0/0.0/0.0/0.0/0.0/0.0/0.0/0.0/0.0/0.0/0.0/0.0/0.0/0.0/0.0/0.0/0.0/0.0/0.0/0.0/0.0/0.0/0.0/0.0/0.0/0.0,Kits / Accessories / Trim,,,,,,,Manual review,Manual,REVIEW,Body kit / Accessory / Trim requiring manual configuration.
🏎️ BENZ,Mercedes S-Class W140 Wald Body Kit,All variants,16,Kits / Accessories / Trim,0.0/0.0/0.0/0.0/0.0/0.0/0.0/0.0/0.0/0.0/0.0/0.0/0.0/0.0/0.0/0.0,Kits / Accessories / Trim,,,,,,,Manual review,Manual,REVIEW,Body kit / Accessory / Trim requiring manual configuration.
🏎️ BENZ,Mercedes S-Class W140 Skirt Body Kit,All variants,5,Kits / Accessories / Trim,0.0/0.0/0.0/0.0/0.0,Kits / Accessories / Trim,,,,,,,Manual review,Manual,REVIEW,Body kit / Accessory / Trim requiring manual configuration.
🏎️ BENZ,Mercedes S-Class W140 Lorinser Body Kit,All variants,16,Kits / Accessories / Trim,0.0/0.0/0.0/0.0/0.0/0.0/0.0/0.0/0.0/0.0/0.0/0.0/0.0/0.0/0.0/0.0,Kits / Accessories / Trim,,,,,,,Manual review,Manual,REVIEW,Body kit / Accessory / Trim requiring manual configuration.
🏎️ BENZ,Mercedes S-Class W140 ETi Skirt2 Body Kit,All variants,4,Kits / Accessories / Trim,0.0/0.0/0.0/0.0,Kits / Accessories / Trim,,,,,,,Manual review,Manual,REVIEW,Body kit / Accessory / Trim requiring manual configuration.
🏎️ BENZ,Mercedes S-Class W140 ETi Skirt1 Body Kit,All variants,4,Kits / Accessories / Trim,0.0/0.0/0.0/0.0,Kits / Accessories / Trim,,,,,,,Manual review,Manual,REVIEW,Body kit / Accessory / Trim requiring manual configuration.
🏎️ BENZ,Mercedes S-Class W140 ETi Body Kit,All variants,16,Kits / Accessories / Trim,0.0/0.0/0.0/0.0/0.0/0.0/0.0/0.0/0.0/0.0/0.0/0.0/0.0/0.0/0.0/0.0,Kits / Accessories / Trim,,,,,,,Manual review,Manual,REVIEW,Body kit / Accessory / Trim requiring manual configuration.
🏎️ BENZ,Mercedes S-Class W140 BRABUS Body Kit,All variants,11,Kits / Accessories / Trim,0.0/0.0/0.0/0.0/0.0/0.0/0.0/0.0/0.0/0.0/0.0,Kits / Accessories / Trim,,,,,,,Manual review,Manual,REVIEW,Body kit / Accessory / Trim requiring manual configuration.
🏎️ BMW,BMW M4 Vorsteiner Body Kit,All variants,4,Kits / Accessories / Trim,0.0/0.0/0.0/0.0,Kits / Accessories / Trim,,,,,,,Manual review,Manual,REVIEW,Body kit / Accessory / Trim requiring manual configuration.
🏎️ BMW,BMW M4 Original Factory Body Kit,All variants,50,Kits / Accessories / Trim,0.0/0.0/0.0/0.0/0.0/0.0/0.0/0.0/0.0/0.0/0.0/0.0/0.0/0.0/0.0/0.0/0.0/0.0/0.0/0.0/0.0/0.0/0.0/0.0/0.0/0.0/0.0/0.0/0.0/0.0/0.0/0.0/0.0/0.0/0.0/0.0/0.0/0.0/0.0/0.0/0.0/0.0/0.0/0.0/0.0/0.0/0.0/0.0/0.0/0.0,Kits / Accessories / Trim,,,,,,,Manual review,Manual,REVIEW,Body kit / Accessory / Trim requiring manual configuration.
🏎️ BMW,BMW M4 GTS Standard Body Kit,All variants,4,Kits / Accessories / Trim,0.0/0.0/0.0/0.0,Kits / Accessories / Trim,,,,,,,Manual review,Manual,REVIEW,Body kit / Accessory / Trim requiring manual configuration.
🏎️ BMW,BMW G30 End CC. Body Kit,All variants,4,Kits / Accessories / Trim,0.0/0.0/0.0/0.0,Kits / Accessories / Trim,,,,,,,Manual review,Manual,REVIEW,Body kit / Accessory / Trim requiring manual configuration.
🏎️ BMW,BMW F30 Prior Design Body Kit,All variants,29,Kits / Accessories / Trim,0.0/0.0/0.0/0.0/0.0/0.0/0.0/0.0/0.0/0.0/0.0/0.0/0.0/0.0/0.0/0.0/0.0/0.0/0.0/0.0/0.0/0.0/0.0/0.0/0.0/0.0/0.0/0.0/0.0,Kits / Accessories / Trim,,,,,,,Manual review,Manual,REVIEW,Body kit / Accessory / Trim requiring manual configuration.
🏎️ BMW,BMW F10 ETi M-Sport (Original) Body Kit,All variants,15,Kits / Accessories / Trim,0.0/0.0/0.0/0.0/0.0/0.0/0.0/0.0/0.0/0.0/0.0/0.0/0.0/0.0/0.0,Kits / Accessories / Trim,,,,,,,Manual review,Manual,REVIEW,Body kit / Accessory / Trim requiring manual configuration.
🏎️ BMW,BMW F10 Conversion G30 Body Kit,All variants,11,Kits / Accessories / Trim,0.0/0.0/0.0/0.0/0.0/0.0/0.0/0.0/0.0/0.0/0.0,Kits / Accessories / Trim,,,,,,,Manual review,Manual,REVIEW,Body kit / Accessory / Trim requiring manual configuration.
🏎️ BMW,BMW E92 M3 Body Kit,All variants,21,Kits / Accessories / Trim,0.0/0.0/0.0/0.0/0.0/0.0/0.0/0.0/0.0/0.0/0.0/0.0/0.0/0.0/0.0/0.0/0.0/0.0/0.0/0.0/0.0,Kits / Accessories / Trim,,,,,,,Manual review,Manual,REVIEW,Body kit / Accessory / Trim requiring manual configuration.
🏎️ BMW,BMW E90 M3 Body Kit,All variants,10,Kits / Accessories / Trim,0.0/0.0/0.0/0.0/0.0/0.0/0.0/0.0/0.0/0.0,Kits / Accessories / Trim,,,,,,,Manual review,Manual,REVIEW,Body kit / Accessory / Trim requiring manual configuration.
🏎️ BMW,BMW E90 Alpina (for Long) Body Kit,All variants,4,Kits / Accessories / Trim,0.0/0.0/0.0/0.0,Kits / Accessories / Trim,,,,,,,Manual review,Manual,REVIEW,Body kit / Accessory / Trim requiring manual configuration.
🏎️ BMW,BMW E66 Alpina Body Kit,All variants,10,Kits / Accessories / Trim,0.0/0.0/0.0/0.0/0.0/0.0/0.0/0.0/0.0/0.0,Kits / Accessories / Trim,,,,,,,Manual review,Manual,REVIEW,Body kit / Accessory / Trim requiring manual configuration.
🏎️ BMW,BMW E65 Hamann Body Kit,All variants,30,Kits / Accessories / Trim,0.0/0.0/0.0/0.0/0.0/0.0/0.0/0.0/0.0/0.0/0.0/0.0/0.0/0.0/0.0/0.0/0.0/0.0/0.0/0.0/0.0/0.0/0.0/0.0/0.0/0.0/0.0/0.0/0.0/0.0,Kits / Accessories / Trim,,,,,,,Manual review,Manual,REVIEW,Body kit / Accessory / Trim requiring manual configuration.
🏎️ BMW,BMW E60 M-Technic Body Kit,All variants,4,Kits / Accessories / Trim,0.0/0.0/0.0/0.0,Kits / Accessories / Trim,,,,,,,Manual review,Manual,REVIEW,Body kit / Accessory / Trim requiring manual configuration.
🏎️ BMW,BMW E60 Hamann Body Kit,All variants,4,Kits / Accessories / Trim,0.0/0.0/0.0/0.0,Kits / Accessories / Trim,,,,,,,Manual review,Manual,REVIEW,Body kit / Accessory / Trim requiring manual configuration.
🏎️ BMW,BMW E60 ETi Widebody Body Kit,All variants,39,Kits / Accessories / Trim,0.0/0.0/0.0/0.0/0.0/0.0/0.0/0.0/0.0/0.0/0.0/0.0/0.0/0.0/0.0/0.0/0.0/0.0/0.0/0.0/0.0/0.0/0.0/0.0/0.0/0.0/0.0/0.0/0.0/0.0/0.0/0.0/0.0/0.0/0.0/0.0/0.0/0.0/0.0,Kits / Accessories / Trim,,,,,,,Manual review,Manual,REVIEW,Body kit / Accessory / Trim requiring manual configuration.
🏎️ BMW,BMW E60 Add-On Body Kit,All variants,16,Kits / Accessories / Trim,0.0/0.0/0.0/0.0/0.0/0.0/0.0/0.0/0.0/0.0/0.0/0.0/0.0/0.0/0.0/0.0,Kits / Accessories / Trim,,,,,,,Manual review,Manual,REVIEW,Body kit / Accessory / Trim requiring manual configuration.
🏎️ BMW,BMW E60 AC Body Kit,All variants,5,Kits / Accessories / Trim,0.0/0.0/0.0/0.0/0.0,Kits / Accessories / Trim,,,,,,,Manual review,Manual,REVIEW,Body kit / Accessory / Trim requiring manual configuration.
🏎️ BMW,BMW E46 M-Coupe Body Kit,All variants,21,Kits / Accessories / Trim,0.0/0.0/0.0/0.0/0.0/0.0/0.0/0.0/0.0/0.0/0.0/0.0/0.0/0.0/0.0/0.0/0.0/0.0/0.0/0.0/0.0,Kits / Accessories / Trim,,,,,,,Manual review,Manual,REVIEW,Body kit / Accessory / Trim requiring manual configuration.
🏎️ BMW,BMW E46 M3 Body Kit,All variants,25,Kits / Accessories / Trim,0.0/0.0/0.0/0.0/0.0/0.0/0.0/0.0/0.0/0.0/0.0/0.0/0.0/0.0/0.0/0.0/0.0/0.0/0.0/0.0/0.0/0.0/0.0/0.0/0.0,Kits / Accessories / Trim,,,,,,,Manual review,Manual,REVIEW,Body kit / Accessory / Trim requiring manual configuration.
🏎️ BMW,BMW E46 HAMANN (GTR) Body Kit,All variants,26,Kits / Accessories / Trim,0.0/0.0/0.0/0.0/0.0/0.0/0.0/0.0/0.0/0.0/0.0/0.0/0.0/0.0/0.0/0.0/0.0/0.0/0.0/0.0/0.0/0.0/0.0/0.0/0.0/0.0,Kits / Accessories / Trim,,,,,,,Manual review,Manual,REVIEW,Body kit / Accessory / Trim requiring manual configuration.
🏎️ BMW,BMW E46 CSL Body Kit,All variants,25,Kits / Accessories / Trim,0.0/0.0/0.0/0.0/0.0/0.0/0.0/0.0/0.0/0.0/0.0/0.0/0.0/0.0/0.0/0.0/0.0/0.0/0.0/0.0/0.0/0.0/0.0/0.0/0.0,Kits / Accessories / Trim,,,,,,,Manual review,Manual,REVIEW,Body kit / Accessory / Trim requiring manual configuration.
🏎️ BMW,BMW E46 Alpina (for Long) Body Kit,All variants,4,Kits / Accessories / Trim,0.0/0.0/0.0/0.0,Kits / Accessories / Trim,,,,,,,Manual review,Manual,REVIEW,Body kit / Accessory / Trim requiring manual configuration.
🏎️ BMW,BMW E46 AC Skirt Body Kit,All variants,25,Kits / Accessories / Trim,0.0/0.0/0.0/0.0/0.0/0.0/0.0/0.0/0.0/0.0/0.0/0.0/0.0/0.0/0.0/0.0/0.0/0.0/0.0/0.0/0.0/0.0/0.0/0.0/0.0,Kits / Accessories / Trim,,,,,,,Manual review,Manual,REVIEW,Body kit / Accessory / Trim requiring manual configuration.
🏎️ BMW,BMW E38 AC Skirt Body Kit,All variants,15,Kits / Accessories / Trim,0.0/0.0/0.0/0.0/0.0/0.0/0.0/0.0/0.0/0.0/0.0/0.0/0.0/0.0/0.0,Kits / Accessories / Trim,,,,,,,Manual review,Manual,REVIEW,Body kit / Accessory / Trim requiring manual configuration.
🏎️ BMW,BMW E30 2-Door Pandem Wide Body Kit,All variants,30,Kits / Accessories / Trim,0.0/0.0/0.0/0.0/0.0/0.0/0.0/0.0/0.0/0.0/0.0/0.0/0.0/0.0/0.0/0.0/0.0/0.0/0.0/0.0/0.0/0.0/0.0/0.0/0.0/0.0/0.0/0.0/0.0/0.0,Kits / Accessories / Trim,,,,,,,Manual review,Manual,REVIEW,Body kit / Accessory / Trim requiring manual configuration.
🏎️ BMW,BMW I8 Vorsteiner Body Kit,All variants,4,Kits / Accessories / Trim,0.0/0.0/0.0/0.0,Kits / Accessories / Trim,,,,,,,Manual review,Manual,REVIEW,Body kit / Accessory / Trim requiring manual configuration.
🏎️ BMW,BMW I8 AC Body Kit,All variants,26,Kits / Accessories / Trim,0.0/0.0/0.0/0.0/0.0/0.0/0.0/0.0/0.0/0.0/0.0/0.0/0.0/0.0/0.0/0.0/0.0/0.0/0.0/0.0/0.0/0.0/0.0/0.0/0.0/0.0,Kits / Accessories / Trim,,,,,,,Manual review,Manual,REVIEW,Body kit / Accessory / Trim requiring manual configuration.
🏎️ BMW,BMW Add-On (Carbon) Body Kit,All variants,4,Kits / Accessories / Trim,0.0/0.0/0.0/0.0,Kits / Accessories / Trim,,,,,,,Manual review,Manual,REVIEW,Body kit / Accessory / Trim requiring manual configuration.
🏎️ BMW,BMW 640/645 GT Widebody Body Kit,All variants,30,Kits / Accessories / Trim,0.0/0.0/0.0/0.0/0.0/0.0/0.0/0.0/0.0/0.0/0.0/0.0/0.0/0.0/0.0/0.0/0.0/0.0/0.0/0.0/0.0/0.0/0.0/0.0/0.0/0.0/0.0/0.0/0.0/0.0,Kits / Accessories / Trim,,,,,,,Manual review,Manual,REVIEW,Body kit / Accessory / Trim requiring manual configuration.
🏎️ BMW,ETi BMW S1 Style Wide Flare Carbon Fiber Fender,All variants,4,Front Fender,0.0/0.0/0.0/0.0,Front Fender,119.0,84.0,36.0,72.0,72.0,72.0,Cleaned category P75,Low,UPDATE SITE,Highly chassis-dependent. Use exact vehicle profile only; otherwise retain current value and review. Representative carton: A-EVO8-FF-VA / OD-0022537.
🏎️ BMW,ETi BMW Z4 E89 GT-wing GT3 185x40 Carbon Fiber Spoiler,All variants,4,Standard Spoiler / Wing,0.0/0.0/0.0/0.0,Standard Spoiler / Wing,133.0,43.0,26.0,30.0,30.0,30.0,Cleaned category P75,High,UPDATE SITE,Generic standard-wing fallback; exact vehicle evidence preferred. Representative carton: A-DE5-RS-AR2& / OD-0022319. Representative carton: B-YARISGR-RS-GV / OD-0027494.
🏎️ BMW,ETi BMW F12 Series6 Convertible (Carbon) Carbon Fiber Roof,All variants,4,Kits / Accessories / Trim,0.0/0.0/0.0/0.0,Kits / Accessories / Trim,,,,,,,Manual review,Manual,REVIEW,Body kit / Accessory / Trim requiring manual configuration.
🏎️ BMW,ETi BMW G30 M5 Carbon Fiber Roof,All variants,4,Kits / Accessories / Trim,0.0/0.0/0.0/0.0,Kits / Accessories / Trim,,,,,,,Manual review,Manual,REVIEW,Body kit / Accessory / Trim requiring manual configuration.
🏎️ BMW,ETi BMW F30 M3 Carbon Fiber Roof,All variants,4,Kits / Accessories / Trim,0.0/0.0/0.0/0.0,Kits / Accessories / Trim,,,,,,,Manual review,Manual,REVIEW,Body kit / Accessory / Trim requiring manual configuration.
🏎️ BMW,ETi BMW F32 M4 Original Carbon Fiber Roof,All variants,4,Kits / Accessories / Trim,0.0/0.0/0.0/0.0,Kits / Accessories / Trim,,,,,,,Manual review,Manual,REVIEW,Body kit / Accessory / Trim requiring manual configuration.
🏎️ BMW,ETi BMW E36 2D Sunroof Carbon Fiber Roof,All variants,4,Kits / Accessories / Trim,0.0/0.0/0.0/0.0,Kits / Accessories / Trim,,,,,,,Manual review,Manual,REVIEW,Body kit / Accessory / Trim requiring manual configuration.
🏎️ BMW,ETi BMW E60 Carbon Fiber Roof,All variants,4,Kits / Accessories / Trim,0.0/0.0/0.0/0.0,Kits / Accessories / Trim,,,,,,,Manual review,Manual,REVIEW,Body kit / Accessory / Trim requiring manual configuration.
🏎️ BMW,ETi BMW E89 OEM Carbon Fiber Trunk,All variants,4,Trunk / Boot,0.0/0.0/0.0/0.0,Trunk / Boot,132.0,73.0,42.0,81.0,81.0,81.0,Cleaned category P75,Low,UPDATE SITE,Bimodal by chassis. Use exact vehicle profile only; otherwise retain current value and review. Representative carton: A-E46-TRUNK-OE / OD-0017474.
🏎️ BMW,ETi BMW E92 M3 Carbon Fiber Trunk,All variants,4,Trunk / Boot,0.0/0.0/0.0/0.0,Trunk / Boot,132.0,73.0,42.0,81.0,81.0,81.0,Cleaned category P75,Low,UPDATE SITE,Bimodal by chassis. Use exact vehicle profile only; otherwise retain current value and review. Representative carton: A-E46-TRUNK-OE / OD-0017474.
🏎️ BMW,ETi BMW E36 2D OEM Carbon Fiber Trunk,All variants,4,Trunk / Boot,0.0/0.0/0.0/0.0,Trunk / Boot,132.0,73.0,42.0,81.0,81.0,81.0,Cleaned category P75,Low,UPDATE SITE,Bimodal by chassis. Use exact vehicle profile only; otherwise retain current value and review. Representative carton: A-E46-TRUNK-OE / OD-0017474.
🏎️ BMW,ETi BMW E60 Lumma Carbon Fiber Trunk,All variants,4,Trunk / Boot,0.0/0.0/0.0/0.0,Trunk / Boot,132.0,73.0,42.0,81.0,81.0,81.0,Cleaned category P75,Low,UPDATE SITE,Bimodal by chassis. Use exact vehicle profile only; otherwise retain current value and review. Representative carton: A-E46-TRUNK-OE / OD-0017474.
🏎️ BMW,ETi BMW E60 OEM Carbon Fiber Trunk,All variants,4,Trunk / Boot,0.0/0.0/0.0/0.0,Trunk / Boot,132.0,73.0,42.0,81.0,81.0,81.0,Cleaned category P75,Low,UPDATE SITE,Bimodal by chassis. Use exact vehicle profile only; otherwise retain current value and review. Representative carton: A-E46-TRUNK-OE / OD-0017474.
🏎️ BMW,ETi BMW S1 Race Version Rear Carbon Fiber Doors,All variants,4,Door,0.0/0.0/0.0/0.0,Door,118.0,62.0,34.0,50.0,50.0,50.0,Cleaned category P75,Low,UPDATE SITE,Only three clean observations. Exact match only; pairs require manual confirmation. Representative carton: A-LP550-DOOR-IN / OD-0026429.
🏎️ BMW,ETi BMW E90 Vorsteiner Carbon Fiber Hood,All variants,4,Hood Standard,0.0/0.0/0.0/0.0,Hood — Standard,170.0,133.0,16.0,73.0,73.0,73.0,Cleaned category P75,High,UPDATE SITE,Retain the established ETi standard hood tier.
🏎️ BMW,ETi BMW G30 Vorsteiner Carbon Fiber Hood,All variants,4,Hood Standard,0.0/0.0/0.0/0.0,Hood — Standard,170.0,133.0,16.0,73.0,73.0,73.0,Cleaned category P75,High,UPDATE SITE,Retain the established ETi standard hood tier.
🏎️ BMW,ETi BMW S6 Vorsteiner Carbon Fiber Hood,All variants,4,Hood Standard,0.0/0.0/0.0/0.0,Hood — Standard,170.0,133.0,16.0,73.0,73.0,73.0,Cleaned category P75,High,UPDATE SITE,Retain the established ETi standard hood tier.
🏎️ BMW,ETi BMW S6 OEM Carbon Fiber Hood,All variants,4,Hood Standard,0.0/0.0/0.0/0.0,Hood — Standard,170.0,133.0,16.0,73.0,73.0,73.0,Cleaned category P75,High,UPDATE SITE,Retain the established ETi standard hood tier.
🏎️ BMW,ETi BMW F30 M3 GTS Carbon Fiber Hood,All variants,4,Hood Standard,0.0/0.0/0.0/0.0,Hood — Standard,170.0,133.0,16.0,73.0,73.0,73.0,Cleaned category P75,High,UPDATE SITE,Retain the established ETi standard hood tier.
🏎️ BMW,ETi BMW E90 MC M3 Carbon Fiber Hood,All variants,4,Hood Standard,0.0/0.0/0.0/0.0,Hood — Standard,170.0,133.0,16.0,73.0,73.0,73.0,Cleaned category P75,High,UPDATE SITE,Retain the established ETi standard hood tier.
🏎️ BMW,ETi BMW E93 ETi Carbon Fiber Hood,All variants,4,Hood Standard,0.0/0.0/0.0/0.0,Hood — Standard,170.0,133.0,16.0,73.0,73.0,73.0,Cleaned category P75,High,UPDATE SITE,Retain the established ETi standard hood tier.
🏎️ BMW,ETi BMW E93 OEM Carbon Fiber Hood,All variants,4,Hood Standard,0.0/0.0/0.0/0.0,Hood — Standard,170.0,133.0,16.0,73.0,73.0,73.0,Cleaned category P75,High,UPDATE SITE,Retain the established ETi standard hood tier.
🏎️ BMW,ETi BMW E89 Z4 GT3 Carbon Fiber Hood,All variants,4,Hood Standard,0.0/0.0/0.0/0.0,Hood — Standard,170.0,133.0,16.0,73.0,73.0,73.0,Cleaned category P75,High,UPDATE SITE,Retain the established ETi standard hood tier.
🏎️ BMW,ETi BMW E89 Z4 DUKE Dynamite Carbon Fiber Hood,All variants,4,Hood Standard,0.0/0.0/0.0/0.0,Hood — Standard,170.0,133.0,16.0,73.0,73.0,73.0,Cleaned category P75,High,UPDATE SITE,Retain the established ETi standard hood tier.
🏎️ BMW,ETi BMW E60 ETi Carbon Fiber Hood,All variants,4,Hood Standard,0.0/0.0/0.0/0.0,Hood — Standard,170.0,133.0,16.0,73.0,73.0,73.0,Cleaned category P75,High,UPDATE SITE,Retain the established ETi standard hood tier.
🏎️ BMW,ETi BMW E60 M5 Carbon Fiber Hood,All variants,4,Hood Standard,0.0/0.0/0.0/0.0,Hood — Standard,170.0,133.0,16.0,73.0,73.0,73.0,Cleaned category P75,High,UPDATE SITE,Retain the established ETi standard hood tier.
🏎️ BMW,ETi BMW E60 OEM Carbon Fiber Hood,All variants,4,Hood Standard,0.0/0.0/0.0/0.0,Hood — Standard,170.0,133.0,16.0,73.0,73.0,73.0,Cleaned category P75,High,UPDATE SITE,Retain the established ETi standard hood tier.
🏎️ MITSUBISHI,ETi MITSUBISHI EVO10 CHARGE SPEED Carbon Fiber Hood,All variants,4,Hood Standard,0.0/0.0/0.0/0.0,Hood — Standard,170.0,133.0,16.0,73.0,73.0,73.0,Cleaned category P75,High,UPDATE SITE,Retain the established ETi standard hood tier.
🏎️ MITSUBISHI,ETi Mitsubishi Evo 8/9 Time Attack Full Body Kit (Voltex),All variants,1,Kits / Accessories / Trim,0.0,Kits / Accessories / Trim,,,,,,,Manual review,Manual,REVIEW,Body kit / Accessory / Trim requiring manual configuration.
🏎️ MAZDA,Mazda RX-8 SE3P RB-Style Body Kit,All variants,39,Kits / Accessories / Trim,0.0/0.0/0.0/0.0/0.0/0.0/0.0/0.0/0.0/0.0/0.0/0.0/0.0/0.0/0.0/0.0/0.0/0.0/0.0/0.0/0.0/0.0/0.0/0.0/0.0/0.0/0.0/0.0/0.0/0.0/0.0/0.0/0.0/0.0/0.0/0.0/0.0/0.0/0.0,Kits / Accessories / Trim,,,,,,,Manual review,Manual,REVIEW,Body kit / Accessory / Trim requiring manual configuration.
🏎️ MAZDA,Mazda RX-8 Widebody Body Kit (Complete),All variants,5,Kits / Accessories / Trim,0.0/0.0/0.0/0.0/0.0,Kits / Accessories / Trim,,,,,,,Manual review,Manual,REVIEW,Body kit / Accessory / Trim requiring manual configuration.
🏎️ MAZDA,Mazda RX-8 Veilside Body Kit (4-Piece),All variants,16,Kits / Accessories / Trim,0.0/0.0/0.0/0.0/0.0/0.0/0.0/0.0/0.0/0.0/0.0/0.0/0.0/0.0/0.0/0.0,Kits / Accessories / Trim,,,,,,,Manual review,Manual,REVIEW,Body kit / Accessory / Trim requiring manual configuration.
🏎️ MAZDA,Mazda RX-8 RE-Style Grille,All variants,5,Kits / Accessories / Trim,0.0/0.0/0.0/0.0/0.0,Kits / Accessories / Trim,,,,,,,Manual review,Manual,REVIEW,Body kit / Accessory / Trim requiring manual configuration.
🏎️ MAZDA,Mazda RX-8 RE-Amemiya Add-On (Veilside) Body Kit,All variants,10,Kits / Accessories / Trim,0.0/0.0/0.0/0.0/0.0/0.0/0.0/0.0/0.0/0.0,Kits / Accessories / Trim,,,,,,,Manual review,Manual,REVIEW,Body kit / Accessory / Trim requiring manual configuration.
🏎️ MAZDA,Mazda RX-8 Race Car Widebody Body Kit,All variants,16,Kits / Accessories / Trim,0.0/0.0/0.0/0.0/0.0/0.0/0.0/0.0/0.0/0.0/0.0/0.0/0.0/0.0/0.0/0.0,Kits / Accessories / Trim,,,,,,,Manual review,Manual,REVIEW,Body kit / Accessory / Trim requiring manual configuration.
🏎️ MAZDA,Mazda RX-8 R-Magic Body Kit,All variants,15,Kits / Accessories / Trim,0.0/0.0/0.0/0.0/0.0/0.0/0.0/0.0/0.0/0.0/0.0/0.0/0.0/0.0/0.0,Kits / Accessories / Trim,,,,,,,Manual review,Manual,REVIEW,Body kit / Accessory / Trim requiring manual configuration.
🏎️ MAZDA,Mazda RX-8 Odula Body Kit,All variants,11,Kits / Accessories / Trim,0.0/0.0/0.0/0.0/0.0/0.0/0.0/0.0/0.0/0.0/0.0,Kits / Accessories / Trim,,,,,,,Manual review,Manual,REVIEW,Body kit / Accessory / Trim requiring manual configuration.
🏎️ MAZDA,Mazda RX-8 Minor Change Body Kit,All variants,5,Kits / Accessories / Trim,0.0/0.0/0.0/0.0/0.0,Kits / Accessories / Trim,,,,,,,Manual review,Manual,REVIEW,Body kit / Accessory / Trim requiring manual configuration.
🏎️ MAZDA,Mazda RX-8 ING+1 Body Kit (4-Piece),All variants,16,Kits / Accessories / Trim,0.0/0.0/0.0/0.0/0.0/0.0/0.0/0.0/0.0/0.0/0.0/0.0/0.0/0.0/0.0/0.0,Kits / Accessories / Trim,,,,,,,Manual review,Manual,REVIEW,Body kit / Accessory / Trim requiring manual configuration.
🏎️ MAZDA,Mazda RX-8 ETi+R-Magic Body Kit,All variants,5,Kits / Accessories / Trim,0.0/0.0/0.0/0.0/0.0,Kits / Accessories / Trim,,,,,,,Manual review,Manual,REVIEW,Body kit / Accessory / Trim requiring manual configuration.
🏎️ MAZDA,Mazda RX-8 ETi Body Kit,All variants,10,Kits / Accessories / Trim,0.0/0.0/0.0/0.0/0.0/0.0/0.0/0.0/0.0/0.0,Kits / Accessories / Trim,,,,,,,Manual review,Manual,REVIEW,Body kit / Accessory / Trim requiring manual configuration.
🏎️ MAZDA,Mazda RX-8 Carbon Fiber Roof,All variants,4,Kits / Accessories / Trim,0.0/0.0/0.0/0.0,Kits / Accessories / Trim,,,,,,,Manual review,Manual,REVIEW,Body kit / Accessory / Trim requiring manual configuration.
🏎️ MAZDA,Mazda RX-8 Rear Carbon Fiber Doors,All variants,4,Door,0.0/0.0/0.0/0.0,Door,118.0,62.0,34.0,50.0,50.0,50.0,Cleaned category P75,Low,UPDATE SITE,Only three clean observations. Exact match only; pairs require manual confirmation. Representative carton: A-LP550-DOOR-IN / OD-0026429.
🏎️ MAZDA,Mazda RX-8 Front Carbon Fiber Doors,All variants,4,Door,0.0/0.0/0.0/0.0,Door,118.0,62.0,34.0,50.0,50.0,50.0,Cleaned category P75,Low,UPDATE SITE,Only three clean observations. Exact match only; pairs require manual confirmation. Representative carton: A-LP550-DOOR-IN / OD-0026429.
🏎️ MAZDA,Mazda RX-8 R-Magic Carbon Fiber Hood,All variants,4,Hood Standard,0.0/0.0/0.0/0.0,Hood — Standard,170.0,133.0,16.0,73.0,73.0,73.0,Cleaned category P75,High,UPDATE SITE,Retain the established ETi standard hood tier.
🏎️ MAZDA,Mazda RX-8 RE-2 Headlight Cover Carbon Fiber Hood,All variants,4,Hood Standard,0.0/0.0/0.0/0.0,Hood — Standard,170.0,133.0,16.0,73.0,73.0,73.0,Cleaned category P75,High,UPDATE SITE,Retain the established ETi standard hood tier.
🏎️ MAZDA,Mazda RX-8 RE-2 Carbon Fiber Hood,All variants,4,Hood Standard,0.0/0.0/0.0/0.0,Hood — Standard,170.0,133.0,16.0,73.0,73.0,73.0,Cleaned category P75,High,UPDATE SITE,Retain the established ETi standard hood tier.
🏎️ MAZDA,Mazda RX-8 OEM-Style Carbon Fiber Hood,All variants,4,Hood Standard,0.0/0.0/0.0/0.0,Hood — Standard,170.0,133.0,16.0,73.0,73.0,73.0,Cleaned category P75,High,UPDATE SITE,Retain the established ETi standard hood tier.
🏎️ MAZDA,ETi Mazda RX-8 Titanium Oil Cap,All variants,2,Kits / Accessories / Trim,0.0/0.0,Kits / Accessories / Trim,,,,,,,Manual review,Manual,REVIEW,Body kit / Accessory / Trim requiring manual configuration.
🏎️ MAZDA,Mazda RX-8 Fender Fins Add-On,All variants,5,Front Fender,0.0/0.0/0.0/0.0/0.0,Front Fender,119.0,84.0,36.0,72.0,72.0,72.0,Cleaned category P75,Low,UPDATE SITE,Highly chassis-dependent. Use exact vehicle profile only; otherwise retain current value and review. Representative carton: A-EVO8-FF-VA / OD-0022537.
🏎️ MAZDA,Mazda RX-8 Dash Mount Triple Gauge Pod (RHD 60mm),All variants,5,Kits / Accessories / Trim,0.0/0.0/0.0/0.0/0.0,Kits / Accessories / Trim,,,,,,,Manual review,Manual,REVIEW,Body kit / Accessory / Trim requiring manual configuration.
🏎️ MAZDA,Mazda RX-8 SE3P Early Aero Mirror (LHD),All variants,5,Kits / Accessories / Trim,0.0/0.0/0.0/0.0/0.0,Kits / Accessories / Trim,,,,,,,Manual review,Manual,REVIEW,Body kit / Accessory / Trim requiring manual configuration.
🏎️ MAZDA,Mazda RX-8 (Late 09-12) R3 TK-Style 3-Piece Front Lip,All variants,4,Front Lip / Splitter,0.0/0.0/0.0/0.0,Front Lip / Splitter,177.0,57.0,17.0,35.0,35.0,35.0,Cleaned category P75,High,UPDATE SITE,Cleaned P75 of actual single-unit cartons. Representative carton: B-R34-FL-HSM / OD-0027251.
🏎️ MAZDA,Mazda RX-8 SE3P RE-Style Vented Carbon Fiber Hood,All variants,5,Hood Standard,0.0/0.0/0.0/0.0/0.0,Hood — Standard,170.0,133.0,16.0,73.0,73.0,73.0,Cleaned category P75,High,UPDATE SITE,Retain the established ETi standard hood tier.
🏎️ MAZDA,ETi Mazda RX-7 (FD3S) Carbon Fiber OEM Dash,All variants,4,Kits / Accessories / Trim,0.0/0.0/0.0/0.0,Kits / Accessories / Trim,,,,,,,Manual review,Manual,REVIEW,Body kit / Accessory / Trim requiring manual configuration.
🏎️ MAZDA,ETi Mazda RX-7 (FD3S) Carbon Fiber Rear Trunk Trim Kit (12-Piece),All variants,4,Trunk / Boot,0.0/0.0/0.0/0.0,Trunk / Boot,132.0,73.0,42.0,81.0,81.0,81.0,Cleaned category P75,Low,UPDATE SITE,Bimodal by chassis. Use exact vehicle profile only; otherwise retain current value and review. Representative carton: A-E46-TRUNK-OE / OD-0017474.
🏎️ TOYOTA,ETi Toyota Supra MK4 (JZA80) CFD-Developed Carbon Cowl Panel,All variants,3,Kits / Accessories / Trim,0.0/0.0/0.0,Kits / Accessories / Trim,,,,,,,Manual review,Manual,REVIEW,Body kit / Accessory / Trim requiring manual configuration.
🏎️ HONDA,HONDA ACCORD 2003 ETI STANDARD BODY KIT,All variants,8,Kits / Accessories / Trim,0.0/0.0/0.0/0.0/0.0/0.0/0.0/0.0,Kits / Accessories / Trim,,,,,,,Manual review,Manual,REVIEW,Body kit / Accessory / Trim requiring manual configuration.
🏎️ HONDA,ETi Honda Civic 2006 Standard Body Kit,All variants,4,Kits / Accessories / Trim,0.0/0.0/0.0/0.0,Kits / Accessories / Trim,,,,,,,Manual review,Manual,REVIEW,Body kit / Accessory / Trim requiring manual configuration.
🏎️ HONDA,Honda Civic EK Big Eye 99 C-West Style Body Kit,All variants,5,Kits / Accessories / Trim,0.0/0.0/0.0/0.0/0.0,Kits / Accessories / Trim,,,,,,,Manual review,Manual,REVIEW,Body kit / Accessory / Trim requiring manual configuration.
🏎️ HONDA,ETi Honda Dimension Carbon Fiber Body Kit,All variants,5,Kits / Accessories / Trim,0.0/0.0/0.0/0.0/0.0,Kits / Accessories / Trim,,,,,,,Manual review,Manual,REVIEW,Body kit / Accessory / Trim requiring manual configuration.
🏎️ HONDA,Honda Dimension ETi 2 Body Kit,All variants,4,Kits / Accessories / Trim,0.0/0.0/0.0/0.0,Kits / Accessories / Trim,,,,,,,Manual review,Manual,REVIEW,Body kit / Accessory / Trim requiring manual configuration.
🏎️ HONDA,Honda Integra Type R Style Body Kit,All variants,5,Kits / Accessories / Trim,0.0/0.0/0.0/0.0/0.0,Kits / Accessories / Trim,,,,,,,Manual review,Manual,REVIEW,Body kit / Accessory / Trim requiring manual configuration.
🏎️ HONDA,Honda Jazz MC J's Racing Style' Body Kit,All variants,4,Kits / Accessories / Trim,0.0/0.0/0.0/0.0,Kits / Accessories / Trim,,,,,,,Manual review,Manual,REVIEW,Body kit / Accessory / Trim requiring manual configuration.
🏎️ TOYOTA,Toyota Supra MK5 (A90) Dry Carbon Wing,All variants,4,Standard Spoiler / Wing,0.0/0.0/0.0/0.0,Standard Spoiler / Wing,133.0,43.0,26.0,30.0,30.0,30.0,Cleaned category P75,High,UPDATE SITE,Generic standard-wing fallback; exact vehicle evidence preferred. Representative carton: A-DE5-RS-AR2& / OD-0022319. Representative carton: B-YARISGR-RS-GV / OD-0027494.
🏎️ TOYOTA,ETi Toyota Supra MK5 (A90) Carbon Fiber Hood Vent Scoop Covers,All variants,5,Hood Large,0.0/0.0/0.0/0.0/0.0,Hood — Large,161.0,151.0,20.0,98.0,98.0,98.0,Cleaned category P75,High,UPDATE SITE,Retain the established ETi large hood tier.
🏎️ TOYOTA,FT86 GT86 Scion FR-S TRD Style Rear Bumper Lip,All variants,4,Front Lip / Splitter,0.0/0.0/0.0/0.0,Front Lip / Splitter,177.0,57.0,17.0,35.0,35.0,35.0,Cleaned category P75,High,UPDATE SITE,Cleaned P75 of actual single-unit cartons. Representative carton: B-R34-FL-HSM / OD-0027251.
🏎️ TOYOTA,FT86 GT86 FR-S TRD Style Front Bumper Lip,All variants,4,Front Lip / Splitter,0.0/0.0/0.0/0.0,Front Lip / Splitter,177.0,57.0,17.0,35.0,35.0,35.0,Cleaned category P75,High,UPDATE SITE,Cleaned P75 of actual single-unit cartons. Representative carton: B-R34-FL-HSM / OD-0027251.
🏎️ TOYOTA,"FT86 Center Console- Fits Toyota GT86, Subaru BRZ, Scion FR-S",All variants,5,Kits / Accessories / Trim,0.0/0.0/0.0/0.0/0.0,Kits / Accessories / Trim,,,,,,,Manual review,Manual,REVIEW,Body kit / Accessory / Trim requiring manual configuration.
🏎️ TOYOTA,ETi Toyota Yaris OEM Carbon Fiber Hood,All variants,4,Hood Standard,0.0/0.0/0.0/0.0,Hood — Standard,170.0,133.0,16.0,73.0,73.0,73.0,Cleaned category P75,High,UPDATE SITE,Retain the established ETi standard hood tier.
🏎️ TOYOTA,ETi Toyota Yaris C-One Carbon Fiber Hood,All variants,4,Hood Standard,0.0/0.0/0.0/0.0,Hood — Standard,170.0,133.0,16.0,73.0,73.0,73.0,Cleaned category P75,High,UPDATE SITE,Retain the established ETi standard hood tier.
🏎️ TOYOTA,ETi Toyota Celica (Round Headlight) ETi Carbon Fiber Hood,All variants,4,Hood Standard,0.0/0.0/0.0/0.0,Hood — Standard,170.0,133.0,16.0,73.0,73.0,73.0,Cleaned category P75,High,UPDATE SITE,Retain the established ETi standard hood tier.
🏎️ TOYOTA,ETi Toyota Chaser JP 95-00 ETi Carbon Fiber Hood,All variants,4,Hood Standard,0.0/0.0/0.0/0.0,Hood — Standard,170.0,133.0,16.0,73.0,73.0,73.0,Cleaned category P75,High,UPDATE SITE,Retain the established ETi standard hood tier.
🏎️ TOYOTA,ETi Toyota Soarer TOM'S Carbon Fiber Hood,All variants,4,Hood Standard,0.0/0.0/0.0/0.0,Hood — Standard,170.0,133.0,16.0,73.0,73.0,73.0,Cleaned category P75,High,UPDATE SITE,Retain the established ETi standard hood tier.
🏎️ TOYOTA,ETi Toyota FT86 Varis Carbon Fiber Hood,All variants,4,Hood Large,0.0/0.0/0.0/0.0,Hood — Large,161.0,151.0,20.0,98.0,98.0,98.0,Cleaned category P75,High,UPDATE SITE,Retain the established ETi large hood tier.
🏎️ TOYOTA,ETi Toyota Lexus GS300 OEM Carbon Fiber Hood,All variants,4,Hood Standard,0.0/0.0/0.0/0.0,Hood — Standard,170.0,133.0,16.0,73.0,73.0,73.0,Cleaned category P75,High,UPDATE SITE,Retain the established ETi standard hood tier.
🏎️ TOYOTA,ETi Toyota Lexus GS300 ETi Carbon Fiber Hood,All variants,4,Hood Standard,0.0/0.0/0.0/0.0,Hood — Standard,170.0,133.0,16.0,73.0,73.0,73.0,Cleaned category P75,High,UPDATE SITE,Retain the established ETi standard hood tier.
🏎️ TOYOTA,ETi Toyota Land Cruiser ETi Carbon Fiber Hood,All variants,4,Hood Standard,0.0/0.0/0.0/0.0,Hood — Standard,170.0,133.0,16.0,73.0,73.0,73.0,Cleaned category P75,High,UPDATE SITE,Retain the established ETi standard hood tier.
🏎️ TOYOTA,ETi Toyota Headlight Covers TRD Carbon Fiber Hood,All variants,4,Hood Standard,0.0/0.0/0.0/0.0,Hood — Standard,170.0,133.0,16.0,73.0,73.0,73.0,Cleaned category P75,High,UPDATE SITE,Retain the established ETi standard hood tier.
🏎️ TOYOTA,ETi Toyota Lexus Aristo OEM Carbon Fiber Trunk,All variants,4,Trunk / Boot,0.0/0.0/0.0/0.0,Trunk / Boot,132.0,73.0,42.0,81.0,81.0,81.0,Cleaned category P75,Low,UPDATE SITE,Bimodal by chassis. Use exact vehicle profile only; otherwise retain current value and review. Representative carton: A-E46-TRUNK-OE / OD-0017474.
🏎️ TOYOTA,ETi Toyota Yaris OEM Carbon Fiber Trunk,All variants,4,Trunk / Boot,0.0/0.0/0.0/0.0,Trunk / Boot,132.0,73.0,42.0,81.0,81.0,81.0,Cleaned category P75,Low,UPDATE SITE,Bimodal by chassis. Use exact vehicle profile only; otherwise retain current value and review. Representative carton: A-E46-TRUNK-OE / OD-0017474.
🏎️ TOYOTA,ETi Lexus Aristo GS300 Carbon Fiber Roof,All variants,4,Kits / Accessories / Trim,0.0/0.0/0.0/0.0,Kits / Accessories / Trim,,,,,,,Manual review,Manual,REVIEW,Body kit / Accessory / Trim requiring manual configuration.
🏎️ TOYOTA,Toyota Alphard 30 TRD Body Kit,All variants,4,Kits / Accessories / Trim,0.0/0.0/0.0/0.0,Kits / Accessories / Trim,,,,,,,Manual review,Manual,REVIEW,Body kit / Accessory / Trim requiring manual configuration.
🏎️ TOYOTA,Toyota Altezza D-Speed Body Kit,All variants,4,Kits / Accessories / Trim,0.0/0.0/0.0/0.0,Kits / Accessories / Trim,,,,,,,Manual review,Manual,REVIEW,Body kit / Accessory / Trim requiring manual configuration.
🏎️ TOYOTA,Toyota Lexus GS300 ETi Body Kit,All variants,4,Kits / Accessories / Trim,0.0/0.0/0.0/0.0,Kits / Accessories / Trim,,,,,,,Manual review,Manual,REVIEW,Body kit / Accessory / Trim requiring manual configuration.
🏎️ TOYOTA,Toyota Lexus LS 430 ETi Body Kit,All variants,5,Kits / Accessories / Trim,0.0/0.0/0.0/0.0/0.0,Kits / Accessories / Trim,,,,,,,Manual review,Manual,REVIEW,Body kit / Accessory / Trim requiring manual configuration.
🏎️ TOYOTA,Toyota Lexus LS 430 Vertex Body Kit,All variants,26,Kits / Accessories / Trim,0.0/0.0/0.0/0.0/0.0/0.0/0.0/0.0/0.0/0.0/0.0/0.0/0.0/0.0/0.0/0.0/0.0/0.0/0.0/0.0/0.0/0.0/0.0/0.0/0.0/0.0,Kits / Accessories / Trim,,,,,,,Manual review,Manual,REVIEW,Body kit / Accessory / Trim requiring manual configuration.
🏎️ TOYOTA,Toyota MRS Factory Body Kit,All variants,4,Kits / Accessories / Trim,0.0/0.0/0.0/0.0,Kits / Accessories / Trim,,,,,,,Manual review,Manual,REVIEW,Body kit / Accessory / Trim requiring manual configuration.
🏎️ TOYOTA,Toyota Soarer TOM'S Body Kit,All variants,10,Kits / Accessories / Trim,0.0/0.0/0.0/0.0/0.0/0.0/0.0/0.0/0.0/0.0,Kits / Accessories / Trim,,,,,,,Manual review,Manual,REVIEW,Body kit / Accessory / Trim requiring manual configuration.
🏎️ TOYOTA,Toyota Wish ETi Skirt Body Kit,All variants,29,Kits / Accessories / Trim,0.0/0.0/0.0/0.0/0.0/0.0/0.0/0.0/0.0/0.0/0.0/0.0/0.0/0.0/0.0/0.0/0.0/0.0/0.0/0.0/0.0/0.0/0.0/0.0/0.0/0.0/0.0/0.0/0.0,Kits / Accessories / Trim,,,,,,,Manual review,Manual,REVIEW,Body kit / Accessory / Trim requiring manual configuration.
🏎️ TOYOTA,Toyota Wish JP Body Kit,All variants,4,Kits / Accessories / Trim,0.0/0.0/0.0/0.0,Kits / Accessories / Trim,,,,,,,Manual review,Manual,REVIEW,Body kit / Accessory / Trim requiring manual configuration.
🏎️ TOYOTA,Toyota Yaris C-One Full RS Body Kit,All variants,26,Kits / Accessories / Trim,0.0/0.0/0.0/0.0/0.0/0.0/0.0/0.0/0.0/0.0/0.0/0.0/0.0/0.0/0.0/0.0/0.0/0.0/0.0/0.0/0.0/0.0/0.0/0.0/0.0/0.0,Kits / Accessories / Trim,,,,,,,Manual review,Manual,REVIEW,Body kit / Accessory / Trim requiring manual configuration.
🏎️ TOYOTA,Toyota Yaris C-One Skirt Body Kit,All variants,20,Kits / Accessories / Trim,0.0/0.0/0.0/0.0/0.0/0.0/0.0/0.0/0.0/0.0/0.0/0.0/0.0/0.0/0.0/0.0/0.0/0.0/0.0/0.0,Kits / Accessories / Trim,,,,,,,Manual review,Manual,REVIEW,Body kit / Accessory / Trim requiring manual configuration.
🏎️ TOYOTA,Toyota Yaris ING+1 Body Kit,All variants,16,Kits / Accessories / Trim,0.0/0.0/0.0/0.0/0.0/0.0/0.0/0.0/0.0/0.0/0.0/0.0/0.0/0.0/0.0/0.0,Kits / Accessories / Trim,,,,,,,Manual review,Manual,REVIEW,Body kit / Accessory / Trim requiring manual configuration.
🏎️ TOYOTA,Toyota Yaris Ken Style Body Kit,All variants,4,Kits / Accessories / Trim,0.0/0.0/0.0/0.0,Kits / Accessories / Trim,,,,,,,Manual review,Manual,REVIEW,Body kit / Accessory / Trim requiring manual configuration.
🏎️ TOYOTA,Toyota Yaris RS Body Kit,All variants,20,Kits / Accessories / Trim,0.0/0.0/0.0/0.0/0.0/0.0/0.0/0.0/0.0/0.0/0.0/0.0/0.0/0.0/0.0/0.0/0.0/0.0/0.0/0.0,Kits / Accessories / Trim,,,,,,,Manual review,Manual,REVIEW,Body kit / Accessory / Trim requiring manual configuration.
🏎️ TOYOTA,TOYOTA MRS tail light bulbs 997 Body Kit,All variants,5,Kits / Accessories / Trim,0.0/0.0/0.0/0.0/0.0,Kits / Accessories / Trim,,,,,,,Manual review,Manual,REVIEW,Body kit / Accessory / Trim requiring manual configuration.
🏎️ NISSAN,Nissan 350Z Ings Style Hood,All variants,4,Hood Standard,0.0/0.0/0.0/0.0,Hood — Standard,170.0,133.0,16.0,73.0,73.0,73.0,Cleaned category P75,High,UPDATE SITE,Retain the established ETi standard hood tier.
🏎️ NISSAN,Nissan 350Z Seido Style Rear Diffuser,All variants,4,Rear Diffuser,0.0/0.0/0.0/0.0,Rear Diffuser,151.0,51.0,21.0,33.0,33.0,33.0,Cleaned category P75,Low,UPDATE SITE,Cleaned P75; full diffusers only. Representative carton: B-987-DIF-EPAGT / OD-0018908.
🏎️ NISSAN,Nissan 350Z Nismo Style V1 Front Bumper,All variants,5,Front Bumper,0.0/0.0/0.0/0.0/0.0,Front Bumper,200.0,80.0,60.0,192.0,192.0,192.0,Cleaned category P75,Low,UPDATE SITE,Partner sample is too sparse and variable for bulk replacement. Retain current site value pending chassis-level confirmation. Representative carton: P-ELTRA23-FB-NPER / OD-0020758.
🏎️ NISSAN,Nissan 350Z Amuse Style Widebody Kit,All variants,1,Kits / Accessories / Trim,0.0,Kits / Accessories / Trim,,,,,,,Manual review,Manual,REVIEW,Body kit / Accessory / Trim requiring manual configuration.
🏎️ NISSAN,Nissan 370Z Allure Style GT Wing,All variants,4,Standard Spoiler / Wing,0.0/0.0/0.0/0.0,Standard Spoiler / Wing,133.0,43.0,26.0,30.0,30.0,30.0,Cleaned category P75,High,UPDATE SITE,Generic standard-wing fallback; exact vehicle evidence preferred. Representative carton: A-DE5-RS-AR2& / OD-0022319. Representative carton: B-YARISGR-RS-GV / OD-0027494.
🏎️ NISSAN,Nissan 350Z MCR Style Hood,All variants,4,Hood Standard,0.0/0.0/0.0/0.0,Hood — Standard,170.0,133.0,16.0,73.0,73.0,73.0,Cleaned category P75,High,UPDATE SITE,Retain the established ETi standard hood tier.
⚪ Other,"R35 GTR CBA DBA WA Style Front Bumper(with Side Vents, fog lamp hole)",All variants,5,Front Bumper,0.0/0.0/0.0/0.0/0.0,Front Bumper,200.0,80.0,60.0,192.0,192.0,192.0,Cleaned category P75,Low,UPDATE SITE,Partner sample is too sparse and variable for bulk replacement. Retain current site value pending chassis-level confirmation. Representative carton: P-ELTRA23-FB-NPER / OD-0020758.
⚪ Other,R35 GTR RSW STYLE LHD DOOR MIRROR INNER PANEL,All variants,4,Door,0.0/0.0/0.0/0.0,Door,118.0,62.0,34.0,50.0,50.0,50.0,Cleaned category P75,Low,UPDATE SITE,Only three clean observations. Exact match only; pairs require manual confirmation. Representative carton: A-LP550-DOOR-IN / OD-0026429.
⚪ Other,R35 GTR CBA WA Style Rear Bumper Diffuser Addon,All variants,4,Rear Diffuser,0.0/0.0/0.0/0.0,Rear Diffuser,151.0,51.0,21.0,33.0,33.0,33.0,Cleaned category P75,Low,UPDATE SITE,Cleaned P75; full diffusers only. Representative carton: B-987-DIF-EPAGT / OD-0018908.
⚪ Other,R35 GTR Wald Style Front Bumper Nose Cover,All variants,5,Front Bumper,0.0/0.0/0.0/0.0/0.0,Front Bumper,200.0,80.0,60.0,192.0,192.0,192.0,Cleaned category P75,Low,UPDATE SITE,Partner sample is too sparse and variable for bulk replacement. Retain current site value pending chassis-level confirmation. Representative carton: P-ELTRA23-FB-NPER / OD-0020758.
⚪ Other,R35 GTR OEM Style Hood Scoop Vents 2pcs,All variants,5,Hood Standard,0.0/0.0/0.0/0.0/0.0,Hood — Standard,170.0,133.0,16.0,73.0,73.0,73.0,Cleaned category P75,High,UPDATE SITE,Retain the established ETi standard hood tier.
⚪ Other,R35 GTR OEM Style Hood Vents With Air Tunnel (Pair),All variants,5,Hood Standard,0.0/0.0/0.0/0.0/0.0,Hood — Standard,170.0,133.0,16.0,73.0,73.0,73.0,Cleaned category P75,High,UPDATE SITE,Retain the established ETi standard hood tier.
⚪ Other,R33 GTR GTS B-Pillar Cover Trim,All variants,5,Kits / Accessories / Trim,0.0/0.0/0.0/0.0/0.0,Kits / Accessories / Trim,,,,,,,Manual review,Manual,REVIEW,Body kit / Accessory / Trim requiring manual configuration.
⚪ Other,R33 GTR Border Style Front Bumper 4pcs Canard,All variants,4,Canards,0.0/0.0/0.0/0.0,Canards,66.0,24.0,22.0,7.0,7.0,7.0,Cleaned category P75,High,UPDATE SITE,Cleaned P75; prevents full-bumper inheritance. Representative carton: A-G70-CANA-EPA / OD-0018524.
⚪ Other,R33 GTR GTS Rear Lamp Light Cover 2pcs,All variants,5,Kits / Accessories / Trim,0.0/0.0/0.0/0.0/0.0,Kits / Accessories / Trim,,,,,,,Manual review,Manual,REVIEW,Body kit / Accessory / Trim requiring manual configuration.
⚪ Other,R33 GTR OEM Style Front Bumper Grille,All variants,5,Front Bumper,0.0/0.0/0.0/0.0/0.0,Front Bumper,200.0,80.0,60.0,192.0,192.0,192.0,Cleaned category P75,Low,UPDATE SITE,Partner sample is too sparse and variable for bulk replacement. Retain current site value pending chassis-level confirmation. Representative carton: P-ELTRA23-FB-NPER / OD-0020758.
⚪ Other,R33 GTS GTR RHD A-Pillar Double Gauge Pod 52mm/60mm,All variants,5,Kits / Accessories / Trim,0.0/0.0/0.0/0.0/0.0,Kits / Accessories / Trim,,,,,,,Manual review,Manual,REVIEW,Body kit / Accessory / Trim requiring manual configuration.
⚪ Other,R33 GTST GTR Drift Wing Spoiler,All variants,4,Standard Spoiler / Wing,0.0/0.0/0.0/0.0,Standard Spoiler / Wing,133.0,43.0,26.0,30.0,30.0,30.0,Cleaned category P75,High,UPDATE SITE,Generic standard-wing fallback; exact vehicle evidence preferred. Representative carton: A-DE5-RS-AR2& / OD-0022319. Representative carton: B-YARISGR-RS-GV / OD-0027494.
⚪ Other,R33 GTR Bee-R Style GT Spoiler Wing,All variants,4,Standard Spoiler / Wing,0.0/0.0/0.0/0.0,Standard Spoiler / Wing,133.0,43.0,26.0,30.0,30.0,30.0,Cleaned category P75,High,UPDATE SITE,Generic standard-wing fallback; exact vehicle evidence preferred. Representative carton: A-DE5-RS-AR2& / OD-0022319. Representative carton: B-YARISGR-RS-GV / OD-0027494.
🏎️ NISSAN,ETi Aluminum Performance Radiator – Nissan Skyline R34 GTR & GTT,All variants,1,Kits / Accessories / Trim,0.0,Kits / Accessories / Trim,,,,,,,Manual review,Manual,REVIEW,Body kit / Accessory / Trim requiring manual configuration.
⚪ Other,R34 GTR Rear Bumper Exhaust Heatshield (OEM Style Rear Bumper Only),All variants,5,Rear Bumper,0.0/0.0/0.0/0.0/0.0,Rear Bumper,200.0,80.0,60.0,192.0,192.0,192.0,Cleaned category P75,Low,UPDATE SITE,Only one defensible clean observation. Retain current site value pending confirmation. Representative carton: H-G35-RB-KEN / OD-0020514.
⚪ Other,R34 GTT GTR JUN Style Spoiler Wing Higher Legs (20.5 cm),All variants,4,Standard Spoiler / Wing,0.0/0.0/0.0/0.0,Standard Spoiler / Wing,133.0,43.0,26.0,30.0,30.0,30.0,Cleaned category P75,High,UPDATE SITE,Generic standard-wing fallback; exact vehicle evidence preferred. Representative carton: A-DE5-RS-AR2& / OD-0022319. Representative carton: B-YARISGR-RS-GV / OD-0027494.
⚪ Other,R34 GTR GTT Carbon Fiber B Pillar Cover 2pcs,All variants,5,Kits / Accessories / Trim,0.0/0.0/0.0/0.0/0.0,Kits / Accessories / Trim,,,,,,,Manual review,Manual,REVIEW,Body kit / Accessory / Trim requiring manual configuration.
⚪ Other,R34 GTR Nismo Style Front Lip (must be fitted with R34 GTR NI Style Front Bumper),All variants,4,Front Lip / Splitter,0.0/0.0/0.0/0.0,Front Lip / Splitter,177.0,57.0,17.0,35.0,35.0,35.0,Cleaned category P75,High,UPDATE SITE,Cleaned P75 of actual single-unit cartons. Representative carton: B-R34-FL-HSM / OD-0027251.
⚪ Other,R34 GTR AS Front Lip with Undertray,All variants,4,Front Lip / Splitter,0.0/0.0/0.0/0.0,Front Lip / Splitter,177.0,57.0,17.0,35.0,35.0,35.0,Cleaned category P75,High,UPDATE SITE,Cleaned P75 of actual single-unit cartons. Representative carton: B-R34-FL-HSM / OD-0027251.
⚪ Other,R34 GTR OEM Style Front Bumper Nismo Style Bottom Lip with Undertray,All variants,4,Front Lip / Splitter,0.0/0.0/0.0/0.0,Front Lip / Splitter,177.0,57.0,17.0,35.0,35.0,35.0,Cleaned category P75,High,UPDATE SITE,Cleaned P75 of actual single-unit cartons. Representative carton: B-R34-FL-HSM / OD-0027251.
⚪ Other,R34 GTR OEM Style Standard Front Bumper Bottom Lip,All variants,4,Front Lip / Splitter,0.0/0.0/0.0/0.0,Front Lip / Splitter,177.0,57.0,17.0,35.0,35.0,35.0,Cleaned category P75,High,UPDATE SITE,Cleaned P75 of actual single-unit cartons. Representative carton: B-R34-FL-HSM / OD-0027251.
⚪ Other,R34 GTR OEM Style Front Bumper (4pcs Canard),All variants,4,Canards,0.0/0.0/0.0/0.0,Canards,66.0,24.0,22.0,7.0,7.0,7.0,Cleaned category P75,High,UPDATE SITE,Cleaned P75; prevents full-bumper inheritance. Representative carton: A-G70-CANA-EPA / OD-0018524.
⚪ Other,R32 GTR OEM Front Bumper TBO Style Design Canard (4 pcs),All variants,4,Canards,0.0/0.0/0.0/0.0,Canards,66.0,24.0,22.0,7.0,7.0,7.0,Cleaned category P75,High,UPDATE SITE,Cleaned P75; prevents full-bumper inheritance. Representative carton: A-G70-CANA-EPA / OD-0018524.
⚪ Other,R32 GTR GTS Door Sill without Logo,All variants,5,Door,0.0/0.0/0.0/0.0/0.0,Door,118.0,62.0,34.0,50.0,50.0,50.0,Cleaned category P75,Low,UPDATE SITE,Only three clean observations. Exact match only; pairs require manual confirmation. Representative carton: A-LP550-DOOR-IN / OD-0026429.
⚪ Other,R32 GTR BNR32 JUN Style Front Bumper Lip Splitter (GTR Only),All variants,4,Front Lip / Splitter,0.0/0.0/0.0/0.0,Front Lip / Splitter,177.0,57.0,17.0,35.0,35.0,35.0,Cleaned category P75,High,UPDATE SITE,Cleaned P75 of actual single-unit cartons. Representative carton: B-R34-FL-HSM / OD-0027251.
⚪ Other,R32 GTR TS Rear Carbon Fiber Diffuser with 2 Middle Fins 4 side Diffuser (7pcs),All variants,4,Rear Diffuser,0.0/0.0/0.0/0.0,Rear Diffuser,151.0,51.0,21.0,33.0,33.0,33.0,Cleaned category P75,Low,UPDATE SITE,Cleaned P75; full diffusers only. Representative carton: B-987-DIF-EPAGT / OD-0018908.
⚪ Other,R32 GTR OEM Rear Spoiler Fujimura Style Rocket Dancer Gurney Flap Full Carbon,All variants,5,Standard Spoiler / Wing,0.0/0.0/0.0/0.0/0.0,Standard Spoiler / Wing,133.0,43.0,26.0,30.0,30.0,30.0,Cleaned category P75,High,UPDATE SITE,Generic standard-wing fallback; exact vehicle evidence preferred. Representative carton: A-DE5-RS-AR2& / OD-0022319. Representative carton: B-YARISGR-RS-GV / OD-0027494.
🏎️ NISSAN,Nissan Juke OEM Style + FRP VENT R35 Carbon Fiber Hood,All variants,4,Hood Standard,0.0/0.0/0.0/0.0,Hood — Standard,170.0,133.0,16.0,73.0,73.0,73.0,Cleaned category P75,High,UPDATE SITE,Retain the established ETi standard hood tier.
🏎️ NISSAN,Nissan Navara OEM Style Carbon Fiber Hood,All variants,4,Hood Standard,0.0/0.0/0.0/0.0,Hood — Standard,170.0,133.0,16.0,73.0,73.0,73.0,Cleaned category P75,High,UPDATE SITE,Retain the established ETi standard hood tier.
🏎️ NISSAN,Nissan R33 Headlight Covers GTR Nismo Style Carbon Fiber Hood,All variants,4,Hood Standard,0.0/0.0/0.0/0.0,Hood — Standard,170.0,133.0,16.0,73.0,73.0,73.0,Cleaned category P75,High,UPDATE SITE,Retain the established ETi standard hood tier.
🏎️ NISSAN,Nissan R35 08-15 VENT OEM Style FRP Carbon Fiber Hood,All variants,4,Hood Standard,0.0/0.0/0.0/0.0,Hood — Standard,170.0,133.0,16.0,73.0,73.0,73.0,Cleaned category P75,High,UPDATE SITE,Retain the established ETi standard hood tier.
🏎️ NISSAN,Nissan 350Z OEM Style Carbon Fiber Hood,All variants,4,Hood Standard,0.0/0.0/0.0/0.0,Hood — Standard,170.0,133.0,16.0,73.0,73.0,73.0,Cleaned category P75,High,UPDATE SITE,Retain the established ETi standard hood tier.
🏎️ NISSAN,Nissan 350Z Ings Style Carbon Fiber Hood,All variants,4,Hood Standard,0.0/0.0/0.0/0.0,Hood — Standard,170.0,133.0,16.0,73.0,73.0,73.0,Cleaned category P75,High,UPDATE SITE,Retain the established ETi standard hood tier.
🏎️ NISSAN,Nissan 350Z Veilside Style Carbon Fiber Hood,All variants,4,Hood Standard,0.0/0.0/0.0/0.0,Hood — Standard,170.0,133.0,16.0,73.0,73.0,73.0,Cleaned category P75,High,UPDATE SITE,Retain the established ETi standard hood tier.
🏎️ NISSAN,Nissan 350Z Top Secret Style Carbon Fiber Hood,All variants,4,Hood Standard,0.0/0.0/0.0/0.0,Hood — Standard,170.0,133.0,16.0,73.0,73.0,73.0,Cleaned category P75,High,UPDATE SITE,Retain the established ETi standard hood tier.
🏎️ NISSAN,Nissan 350Z MC OEM Style Carbon Fiber Hood,All variants,4,Hood Standard,0.0/0.0/0.0/0.0,Hood — Standard,170.0,133.0,16.0,73.0,73.0,73.0,Cleaned category P75,High,UPDATE SITE,Retain the established ETi standard hood tier.
🏎️ NISSAN,ETi NISSAN 350Z MC ETi Carbon Fiber Hood,All variants,4,Hood Standard,0.0/0.0/0.0/0.0,Hood — Standard,170.0,133.0,16.0,73.0,73.0,73.0,Cleaned category P75,High,UPDATE SITE,Retain the established ETi standard hood tier.
🏎️ NISSAN,Nissan 350Z MC MCR Style Carbon Fiber Hood,All variants,4,Hood Standard,0.0/0.0/0.0/0.0,Hood — Standard,170.0,133.0,16.0,73.0,73.0,73.0,Cleaned category P75,High,UPDATE SITE,Retain the established ETi standard hood tier.
🏎️ NISSAN,Nissan 350Z MC Calsonic Style Carbon Fiber Hood,All variants,4,Hood Standard,0.0/0.0/0.0/0.0,Hood — Standard,170.0,133.0,16.0,73.0,73.0,73.0,Cleaned category P75,High,UPDATE SITE,Retain the established ETi standard hood tier.
🏎️ NISSAN,ETi Nissan 350Z MC Superleggera Carbon Fiber Hood,All variants,4,Hood Standard,0.0/0.0/0.0/0.0,Hood — Standard,170.0,133.0,16.0,73.0,73.0,73.0,Cleaned category P75,High,UPDATE SITE,Retain the established ETi standard hood tier.
🏎️ NISSAN,Nissan 370Z OEM Style Carbon Fiber Hood,All variants,4,Hood Standard,0.0/0.0/0.0/0.0,Hood — Standard,170.0,133.0,16.0,73.0,73.0,73.0,Cleaned category P75,High,UPDATE SITE,Retain the established ETi standard hood tier.
🏎️ NISSAN,Nissan 370Z MCR Style Hood,All variants,4,Hood Standard,0.0/0.0/0.0/0.0,Hood — Standard,170.0,133.0,16.0,73.0,73.0,73.0,Cleaned category P75,High,UPDATE SITE,Retain the established ETi standard hood tier.
🏎️ NISSAN,Nissan 370Z Top Secret Style Carbon Fiber Hood,All variants,4,Hood Standard,0.0/0.0/0.0/0.0,Hood — Standard,170.0,133.0,16.0,73.0,73.0,73.0,Cleaned category P75,High,UPDATE SITE,Retain the established ETi standard hood tier.
🏎️ NISSAN,ETi NISSAN 370Z ETi Carbon Fiber Hood,All variants,4,Hood Standard,0.0/0.0/0.0/0.0,Hood — Standard,170.0,133.0,16.0,73.0,73.0,73.0,Cleaned category P75,High,UPDATE SITE,Retain the established ETi standard hood tier.
🏎️ NISSAN,Nissan 370Z Varis Style Carbon Fiber Hood,All variants,4,Hood Large,0.0/0.0/0.0/0.0,Hood — Large,161.0,151.0,20.0,98.0,98.0,98.0,Cleaned category P75,High,UPDATE SITE,Retain the established ETi large hood tier.
🏎️ NISSAN,ETi NISSAN JUKE Door Panel Carbon Fiber Doors,All variants,4,Door,0.0/0.0/0.0/0.0,Door,118.0,62.0,34.0,50.0,50.0,50.0,Cleaned category P75,Low,UPDATE SITE,Only three clean observations. Exact match only; pairs require manual confirmation. Representative carton: A-LP550-DOOR-IN / OD-0026429.
🏎️ NISSAN,ETi Nissan 300ZX Carbon Fiber Doors,All variants,4,Door,0.0/0.0/0.0/0.0,Door,118.0,62.0,34.0,50.0,50.0,50.0,Cleaned category P75,Low,UPDATE SITE,Only three clean observations. Exact match only; pairs require manual confirmation. Representative carton: A-LP550-DOOR-IN / OD-0026429.
🏎️ NISSAN,ETi NISSAN S14 Rear Seat Carbon Fiber Doors,All variants,4,Door,0.0/0.0/0.0/0.0,Door,118.0,62.0,34.0,50.0,50.0,50.0,Cleaned category P75,Low,UPDATE SITE,Only three clean observations. Exact match only; pairs require manual confirmation. Representative carton: A-LP550-DOOR-IN / OD-0026429.
🏎️ NISSAN,ETi Nissan 350Z Carbon Fiber Roof,All variants,4,Kits / Accessories / Trim,0.0/0.0/0.0/0.0,Kits / Accessories / Trim,,,,,,,Manual review,Manual,REVIEW,Body kit / Accessory / Trim requiring manual configuration.
🏎️ NISSAN,ETi Nissan 370Z Carbon Fiber Roof,All variants,4,Kits / Accessories / Trim,0.0/0.0/0.0/0.0,Kits / Accessories / Trim,,,,,,,Manual review,Manual,REVIEW,Body kit / Accessory / Trim requiring manual configuration.
🏎️ NISSAN,ETi NISSAN SKYLINE R32 FOR RACE Carbon Fiber Dashboard,All variants,4,Kits / Accessories / Trim,0.0/0.0/0.0/0.0,Kits / Accessories / Trim,,,,,,,Manual review,Manual,REVIEW,Body kit / Accessory / Trim requiring manual configuration.
🏎️ NISSAN,ETi Nissan 300ZX Body Kit,All variants,11,Kits / Accessories / Trim,0.0/0.0/0.0/0.0/0.0/0.0/0.0/0.0/0.0/0.0/0.0,Kits / Accessories / Trim,,,,,,,Manual review,Manual,REVIEW,Body kit / Accessory / Trim requiring manual configuration.
🏎️ NISSAN,Nissan 300ZX God Father Widebody Kit,All variants,46,Kits / Accessories / Trim,0.0/0.0/0.0/0.0/0.0/0.0/0.0/0.0/0.0/0.0/0.0/0.0/0.0/0.0/0.0/0.0/0.0/0.0/0.0/0.0/0.0/0.0/0.0/0.0/0.0/0.0/0.0/0.0/0.0/0.0/0.0/0.0/0.0/0.0/0.0/0.0/0.0/0.0/0.0/0.0/0.0/0.0/0.0/0.0/0.0/0.0,Kits / Accessories / Trim,,,,,,,Manual review,Manual,REVIEW,Body kit / Accessory / Trim requiring manual configuration.
🏎️ NISSAN,Nissan 300ZX Trust Style Body Kit,All variants,5,Kits / Accessories / Trim,0.0/0.0/0.0/0.0/0.0,Kits / Accessories / Trim,,,,,,,Manual review,Manual,REVIEW,Body kit / Accessory / Trim requiring manual configuration.
🏎️ NISSAN,Nissan 350Z Amuse Style CSL Body Kit,All variants,20,Kits / Accessories / Trim,0.0/0.0/0.0/0.0/0.0/0.0/0.0/0.0/0.0/0.0/0.0/0.0/0.0/0.0/0.0/0.0/0.0/0.0/0.0/0.0,Kits / Accessories / Trim,,,,,,,Manual review,Manual,REVIEW,Body kit / Accessory / Trim requiring manual configuration.
🏎️ NISSAN,Nissan 350Z Amuse Style V2 370Z Body Kit,All variants,16,Kits / Accessories / Trim,0.0/0.0/0.0/0.0/0.0/0.0/0.0/0.0/0.0/0.0/0.0/0.0/0.0/0.0/0.0/0.0,Kits / Accessories / Trim,,,,,,,Manual review,Manual,REVIEW,Body kit / Accessory / Trim requiring manual configuration.
🏎️ NISSAN,Nissan 350Z Amuse Style Widebody Body Kit,All variants,11,Kits / Accessories / Trim,0.0/0.0/0.0/0.0/0.0/0.0/0.0/0.0/0.0/0.0/0.0,Kits / Accessories / Trim,,,,,,,Manual review,Manual,REVIEW,Body kit / Accessory / Trim requiring manual configuration.
🏎️ NISSAN,Nissan 350Z Calsonic Style Body Kit,All variants,47,Kits / Accessories / Trim,0.0/0.0/0.0/0.0/0.0/0.0/0.0/0.0/0.0/0.0/0.0/0.0/0.0/0.0/0.0/0.0/0.0/0.0/0.0/0.0/0.0/0.0/0.0/0.0/0.0/0.0/0.0/0.0/0.0/0.0/0.0/0.0/0.0/0.0/0.0/0.0/0.0/0.0/0.0/0.0/0.0/0.0/0.0/0.0/0.0/0.0/0.0,Kits / Accessories / Trim,,,,,,,Manual review,Manual,REVIEW,Body kit / Accessory / Trim requiring manual configuration.
🏎️ NISSAN,Nissan 350Z ETi Amuse Style Body Kit,All variants,5,Kits / Accessories / Trim,0.0/0.0/0.0/0.0/0.0,Kits / Accessories / Trim,,,,,,,Manual review,Manual,REVIEW,Body kit / Accessory / Trim requiring manual configuration.
🏎️ NISSAN,NISSAN 350Z EXIT Body Kit,All variants,11,Kits / Accessories / Trim,0.0/0.0/0.0/0.0/0.0/0.0/0.0/0.0/0.0/0.0/0.0,Kits / Accessories / Trim,,,,,,,Manual review,Manual,REVIEW,Body kit / Accessory / Trim requiring manual configuration.
🏎️ NISSAN,Nissan 350Z Face-Off 370Z Body Kit,All variants,40,Kits / Accessories / Trim,0.0/0.0/0.0/0.0/0.0/0.0/0.0/0.0/0.0/0.0/0.0/0.0/0.0/0.0/0.0/0.0/0.0/0.0/0.0/0.0/0.0/0.0/0.0/0.0/0.0/0.0/0.0/0.0/0.0/0.0/0.0/0.0/0.0/0.0/0.0/0.0/0.0/0.0/0.0/0.0,Kits / Accessories / Trim,,,,,,,Manual review,Manual,REVIEW,Body kit / Accessory / Trim requiring manual configuration.
🏎️ NISSAN,Nissan 350Z Ings+1 Style Body Kit,All variants,20,Kits / Accessories / Trim,0.0/0.0/0.0/0.0/0.0/0.0/0.0/0.0/0.0/0.0/0.0/0.0/0.0/0.0/0.0/0.0/0.0/0.0/0.0/0.0,Kits / Accessories / Trim,,,,,,,Manual review,Manual,REVIEW,Body kit / Accessory / Trim requiring manual configuration.
🏎️ NISSAN,Nissan 350Z Ings+1 Style Full Bumper Body Kit,All variants,16,Kits / Accessories / Trim,0.0/0.0/0.0/0.0/0.0/0.0/0.0/0.0/0.0/0.0/0.0/0.0/0.0/0.0/0.0/0.0,Kits / Accessories / Trim,,,,,,,Manual review,Manual,REVIEW,Body kit / Accessory / Trim requiring manual configuration.
🏎️ NISSAN,Nissan 350Z MCR For Nismo Style Body Kit,All variants,9,Kits / Accessories / Trim,0.0/0.0/0.0/0.0/0.0/0.0/0.0/0.0/0.0,Kits / Accessories / Trim,,,,,,,Manual review,Manual,REVIEW,Body kit / Accessory / Trim requiring manual configuration.
🏎️ NISSAN,Nissan 350Z NBK Widebody Body Kit,All variants,11,Kits / Accessories / Trim,0.0/0.0/0.0/0.0/0.0/0.0/0.0/0.0/0.0/0.0/0.0,Kits / Accessories / Trim,,,,,,,Manual review,Manual,REVIEW,Body kit / Accessory / Trim requiring manual configuration.
🏎️ NISSAN,Nissan 350Z Nismo Style 380 Body Kit,All variants,15,Kits / Accessories / Trim,0.0/0.0/0.0/0.0/0.0/0.0/0.0/0.0/0.0/0.0/0.0/0.0/0.0/0.0/0.0,Kits / Accessories / Trim,,,,,,,Manual review,Manual,REVIEW,Body kit / Accessory / Trim requiring manual configuration.
🏎️ NISSAN,Nissan 350Z Nismo Style V1 Body Kit,All variants,16,Kits / Accessories / Trim,0.0/0.0/0.0/0.0/0.0/0.0/0.0/0.0/0.0/0.0/0.0/0.0/0.0/0.0/0.0/0.0,Kits / Accessories / Trim,,,,,,,Manual review,Manual,REVIEW,Body kit / Accessory / Trim requiring manual configuration.
🏎️ NISSAN,Nissan 350Z Seido Style Widebody Kit,All variants,43,Kits / Accessories / Trim,0.0/0.0/0.0/0.0/0.0/0.0/0.0/0.0/0.0/0.0/0.0/0.0/0.0/0.0/0.0/0.0/0.0/0.0/0.0/0.0/0.0/0.0/0.0/0.0/0.0/0.0/0.0/0.0/0.0/0.0/0.0/0.0/0.0/0.0/0.0/0.0/0.0/0.0/0.0/0.0/0.0/0.0/0.0,Kits / Accessories / Trim,,,,,,,Manual review,Manual,REVIEW,Body kit / Accessory / Trim requiring manual configuration.
🏎️ NISSAN,NISSAN 350Z Standard Body Kit,All variants,5,Kits / Accessories / Trim,0.0/0.0/0.0/0.0/0.0,Kits / Accessories / Trim,,,,,,,Manual review,Manual,REVIEW,Body kit / Accessory / Trim requiring manual configuration.
🏎️ NISSAN,NISSAN 350Z Super Leggera Body Kit,All variants,25,Kits / Accessories / Trim,0.0/0.0/0.0/0.0/0.0/0.0/0.0/0.0/0.0/0.0/0.0/0.0/0.0/0.0/0.0/0.0/0.0/0.0/0.0/0.0/0.0/0.0/0.0/0.0/0.0,Kits / Accessories / Trim,,,,,,,Manual review,Manual,REVIEW,Body kit / Accessory / Trim requiring manual configuration.
🏎️ NISSAN,Nissan 350Z Top Secret Style Body Kit,All variants,4,Kits / Accessories / Trim,0.0/0.0/0.0/0.0,Kits / Accessories / Trim,,,,,,,Manual review,Manual,REVIEW,Body kit / Accessory / Trim requiring manual configuration.
🏎️ NISSAN,Nissan 350Z Top Secret Style long nose Body Kit,All variants,5,Kits / Accessories / Trim,0.0/0.0/0.0/0.0/0.0,Kits / Accessories / Trim,,,,,,,Manual review,Manual,REVIEW,Body kit / Accessory / Trim requiring manual configuration.
🏎️ NISSAN,Nissan 350Z Top Secret Style Widebody Body Kit,All variants,35,Kits / Accessories / Trim,0.0/0.0/0.0/0.0/0.0/0.0/0.0/0.0/0.0/0.0/0.0/0.0/0.0/0.0/0.0/0.0/0.0/0.0/0.0/0.0/0.0/0.0/0.0/0.0/0.0/0.0/0.0/0.0/0.0/0.0/0.0/0.0/0.0/0.0/0.0,Kits / Accessories / Trim,,,,,,,Manual review,Manual,REVIEW,Body kit / Accessory / Trim requiring manual configuration.
🏎️ NISSAN,Nissan 350Z Varis Style Body Kit,All variants,4,Kits / Accessories / Trim,0.0/0.0/0.0/0.0,Kits / Accessories / Trim,,,,,,,Manual review,Manual,REVIEW,Body kit / Accessory / Trim requiring manual configuration.
🏎️ NISSAN,Nissan 350Z Veilside Style skirt kit 6pcs Body Kit,All variants,14,Kits / Accessories / Trim,0.0/0.0/0.0/0.0/0.0/0.0/0.0/0.0/0.0/0.0/0.0/0.0/0.0/0.0,Kits / Accessories / Trim,,,,,,,Manual review,Manual,REVIEW,Body kit / Accessory / Trim requiring manual configuration.
🏎️ NISSAN,Nissan 350Z Vertex Style (long Nose) Body Kit,All variants,11,Kits / Accessories / Trim,0.0/0.0/0.0/0.0/0.0/0.0/0.0/0.0/0.0/0.0/0.0,Kits / Accessories / Trim,,,,,,,Manual review,Manual,REVIEW,Body kit / Accessory / Trim requiring manual configuration.
🏎️ NISSAN,Nissan 370Z Add-On Amuse Style Widebody Body Kit,All variants,4,Kits / Accessories / Trim,0.0/0.0/0.0/0.0,Kits / Accessories / Trim,,,,,,,Manual review,Manual,REVIEW,Body kit / Accessory / Trim requiring manual configuration.
🏎️ NISSAN,Nissan 370Z Allure Style Widebody Kit,All variants,44,Kits / Accessories / Trim,0.0/0.0/0.0/0.0/0.0/0.0/0.0/0.0/0.0/0.0/0.0/0.0/0.0/0.0/0.0/0.0/0.0/0.0/0.0/0.0/0.0/0.0/0.0/0.0/0.0/0.0/0.0/0.0/0.0/0.0/0.0/0.0/0.0/0.0/0.0/0.0/0.0/0.0/0.0/0.0/0.0/0.0/0.0/0.0,Kits / Accessories / Trim,,,,,,,Manual review,Manual,REVIEW,Body kit / Accessory / Trim requiring manual configuration.
🏎️ NISSAN,Nissan 370Z Amuse Style Widebody Body Kit,All variants,39,Kits / Accessories / Trim,0.0/0.0/0.0/0.0/0.0/0.0/0.0/0.0/0.0/0.0/0.0/0.0/0.0/0.0/0.0/0.0/0.0/0.0/0.0/0.0/0.0/0.0/0.0/0.0/0.0/0.0/0.0/0.0/0.0/0.0/0.0/0.0/0.0/0.0/0.0/0.0/0.0/0.0/0.0,Kits / Accessories / Trim,,,,,,,Manual review,Manual,REVIEW,Body kit / Accessory / Trim requiring manual configuration.
🏎️ NISSAN,Nissan 370Z ETi Amuse Style Body Kit,All variants,30,Kits / Accessories / Trim,0.0/0.0/0.0/0.0/0.0/0.0/0.0/0.0/0.0/0.0/0.0/0.0/0.0/0.0/0.0/0.0/0.0/0.0/0.0/0.0/0.0/0.0/0.0/0.0/0.0/0.0/0.0/0.0/0.0/0.0,Kits / Accessories / Trim,,,,,,,Manual review,Manual,REVIEW,Body kit / Accessory / Trim requiring manual configuration.
🏎️ NISSAN,ETi Nissan 370Z Body Kit,All variants,21,Kits / Accessories / Trim,0.0/0.0/0.0/0.0/0.0/0.0/0.0/0.0/0.0/0.0/0.0/0.0/0.0/0.0/0.0/0.0/0.0/0.0/0.0/0.0/0.0,Kits / Accessories / Trim,,,,,,,Manual review,Manual,REVIEW,Body kit / Accessory / Trim requiring manual configuration.
🏎️ NISSAN,ETi Nissan 370Z diffuser Body Kit,All variants,4,Kits / Accessories / Trim,0.0/0.0/0.0/0.0,Kits / Accessories / Trim,,,,,,,Manual review,Manual,REVIEW,Body kit / Accessory / Trim requiring manual configuration.
🏎️ NISSAN,ETi Nissan 370Z (Pink) Widebody W3 Body Kit,All variants,38,Kits / Accessories / Trim,0.0/0.0/0.0/0.0/0.0/0.0/0.0/0.0/0.0/0.0/0.0/0.0/0.0/0.0/0.0/0.0/0.0/0.0/0.0/0.0/0.0/0.0/0.0/0.0/0.0/0.0/0.0/0.0/0.0/0.0/0.0/0.0/0.0/0.0/0.0/0.0/0.0/0.0,Kits / Accessories / Trim,,,,,,,Manual review,Manual,REVIEW,Body kit / Accessory / Trim requiring manual configuration.
🏎️ NISSAN,ETi Nissan 370Z Raikou Widebody W2 Body Kit,All variants,47,Kits / Accessories / Trim,0.0/0.0/0.0/0.0/0.0/0.0/0.0/0.0/0.0/0.0/0.0/0.0/0.0/0.0/0.0/0.0/0.0/0.0/0.0/0.0/0.0/0.0/0.0/0.0/0.0/0.0/0.0/0.0/0.0/0.0/0.0/0.0/0.0/0.0/0.0/0.0/0.0/0.0/0.0/0.0/0.0/0.0/0.0/0.0/0.0/0.0/0.0,Kits / Accessories / Trim,,,,,,,Manual review,Manual,REVIEW,Body kit / Accessory / Trim requiring manual configuration.
🏎️ NISSAN,NISSAN 370Z FACTORY Body Kit,All variants,16,Kits / Accessories / Trim,0.0/0.0/0.0/0.0/0.0/0.0/0.0/0.0/0.0/0.0/0.0/0.0/0.0/0.0/0.0/0.0,Kits / Accessories / Trim,,,,,,,Manual review,Manual,REVIEW,Body kit / Accessory / Trim requiring manual configuration.
🏎️ NISSAN,Nissan 370Z Mine's Style Body Kit,All variants,9,Kits / Accessories / Trim,0.0/0.0/0.0/0.0/0.0/0.0/0.0/0.0/0.0,Kits / Accessories / Trim,,,,,,,Manual review,Manual,REVIEW,Body kit / Accessory / Trim requiring manual configuration.
🏎️ NISSAN,Nissan 370Z Varis Style Body Kit,All variants,48,Kits / Accessories / Trim,0.0/0.0/0.0/0.0/0.0/0.0/0.0/0.0/0.0/0.0/0.0/0.0/0.0/0.0/0.0/0.0/0.0/0.0/0.0/0.0/0.0/0.0/0.0/0.0/0.0/0.0/0.0/0.0/0.0/0.0/0.0/0.0/0.0/0.0/0.0/0.0/0.0/0.0/0.0/0.0/0.0/0.0/0.0/0.0/0.0/0.0/0.0/0.0,Kits / Accessories / Trim,,,,,,,Manual review,Manual,REVIEW,Body kit / Accessory / Trim requiring manual configuration.
🏎️ NISSAN,Nissan Juke Nismo Style Design Body Kit,All variants,5,Kits / Accessories / Trim,0.0/0.0/0.0/0.0/0.0,Kits / Accessories / Trim,,,,,,,Manual review,Manual,REVIEW,Body kit / Accessory / Trim requiring manual configuration.
🏎️ NISSAN,ETi Nissan Navara Body Kit,All variants,5,Kits / Accessories / Trim,0.0/0.0/0.0/0.0/0.0,Kits / Accessories / Trim,,,,,,,Manual review,Manual,REVIEW,Body kit / Accessory / Trim requiring manual configuration.
🏎️ NISSAN,Nissan S15 (Oats) Vertex Style Body Kit,All variants,4,Kits / Accessories / Trim,0.0/0.0/0.0/0.0,Kits / Accessories / Trim,,,,,,,Manual review,Manual,REVIEW,Body kit / Accessory / Trim requiring manual configuration.
🏎️ NISSAN,Nissan Skyline R35 Do-Luck Style Body Kit,All variants,4,Kits / Accessories / Trim,0.0/0.0/0.0/0.0,Kits / Accessories / Trim,,,,,,,Manual review,Manual,REVIEW,Body kit / Accessory / Trim requiring manual configuration.
🏎️ NISSAN,Nissan Skyline R35 MC Nismo Style Body Kit,All variants,5,Kits / Accessories / Trim,0.0/0.0/0.0/0.0/0.0,Kits / Accessories / Trim,,,,,,,Manual review,Manual,REVIEW,Body kit / Accessory / Trim requiring manual configuration.
🏎️ BENZ,Mercedes ETi Benz W211 Carbon Fiber Roof,All variants,4,Kits / Accessories / Trim,0.0/0.0/0.0/0.0,Kits / Accessories / Trim,,,,,,,Manual review,Manual,REVIEW,Body kit / Accessory / Trim requiring manual configuration.
🏎️ BENZ,Mercedes ETi Benz W205 C-Class ETi Carbon Fiber Hood,All variants,4,Hood Standard,0.0/0.0/0.0/0.0,Hood — Standard,170.0,133.0,16.0,73.0,73.0,73.0,Cleaned category P75,High,UPDATE SITE,Retain the established ETi standard hood tier.
🏎️ BENZ,Mercedes ETi Benz W205 C-Class OEM Carbon Fiber Hood,All variants,4,Hood Standard,0.0/0.0/0.0/0.0,Hood — Standard,170.0,133.0,16.0,73.0,73.0,73.0,Cleaned category P75,High,UPDATE SITE,Retain the established ETi standard hood tier.
🏎️ BENZ,Mercedes ETi Benz W212 ETi Carbon Fiber Hood,All variants,4,Hood Standard,0.0/0.0/0.0/0.0,Hood — Standard,170.0,133.0,16.0,73.0,73.0,73.0,Cleaned category P75,High,UPDATE SITE,Retain the established ETi standard hood tier.
🏎️ BENZ,Mercedes ETi Benz W212 OEM Carbon Fiber Hood,All variants,4,Hood Standard,0.0/0.0/0.0/0.0,Hood — Standard,170.0,133.0,16.0,73.0,73.0,73.0,Cleaned category P75,High,UPDATE SITE,Retain the established ETi standard hood tier.
🏎️ MAZDA,Mazda 3 Varis Style Body Kit,All variants,5,Kits / Accessories / Trim,0.0/0.0/0.0/0.0/0.0,Kits / Accessories / Trim,,,,,,,Manual review,Manual,REVIEW,Body kit / Accessory / Trim requiring manual configuration.
🏎️ MAZDA,ETi Mazda RX-7 (FD3S) Dry Carbon Rear Seat & Bin Delete Kit,All variants,5,Kits / Accessories / Trim,0.0/0.0/0.0/0.0/0.0,Kits / Accessories / Trim,,,,,,,Manual review,Manual,REVIEW,Body kit / Accessory / Trim requiring manual configuration.
🏎️ TOYOTA,ETi Supra MKIV Rear Diffuser,All variants,2,Rear Diffuser,0.0/0.0,Rear Diffuser,151.0,51.0,21.0,33.0,33.0,33.0,Cleaned category P75,Low,UPDATE SITE,Cleaned P75; full diffusers only. Representative carton: B-987-DIF-EPAGT / OD-0018908.
🏎️ MAZDA,MAZDA RX7 FD VERTEX Body Kit,All variants,20,Kits / Accessories / Trim,0.0/0.0/0.0/0.0/0.0/0.0/0.0/0.0/0.0/0.0/0.0/0.0/0.0/0.0/0.0/0.0/0.0/0.0/0.0/0.0,Kits / Accessories / Trim,,,,,,,Manual review,Manual,REVIEW,Body kit / Accessory / Trim requiring manual configuration.
🏎️ MAZDA,MAZDA MAZDA3 RE-Amemiya Body Kit,All variants,5,Kits / Accessories / Trim,0.0/0.0/0.0/0.0/0.0,Kits / Accessories / Trim,,,,,,,Manual review,Manual,REVIEW,Body kit / Accessory / Trim requiring manual configuration.
🏎️ TOYOTA,TOYOTA SUPRA GRACER/Greddy Body Kit,All variants,4,Kits / Accessories / Trim,0.0/0.0/0.0/0.0,Kits / Accessories / Trim,,,,,,,Manual review,Manual,REVIEW,Body kit / Accessory / Trim requiring manual configuration.
🏎️ HONDA,ETi HONDA EK99 OEM Carbon Fiber Trunk,All variants,4,Trunk / Boot,0.0/0.0/0.0/0.0,Trunk / Boot,132.0,73.0,42.0,81.0,81.0,81.0,Cleaned category P75,Low,UPDATE SITE,Bimodal by chassis. Use exact vehicle profile only; otherwise retain current value and review. Representative carton: A-E46-TRUNK-OE / OD-0017474.
🏎️ MAZDA,ETi MAZDA MX5 ETi Carbon Fiber Hood,All variants,4,Hood Standard,0.0/0.0/0.0/0.0,Hood — Standard,170.0,133.0,16.0,73.0,73.0,73.0,Cleaned category P75,High,UPDATE SITE,Retain the established ETi standard hood tier.
🏎️ MAZDA,MAZDA RX8 RE Body Kit,All variants,5,Kits / Accessories / Trim,0.0/0.0/0.0/0.0/0.0,Kits / Accessories / Trim,,,,,,,Manual review,Manual,REVIEW,Body kit / Accessory / Trim requiring manual configuration.
🏎️ NISSAN,NISSAN 370Z ETi Alluri wide body W1 Body Kit,All variants,47,Kits / Accessories / Trim,0.0/0.0/0.0/0.0/0.0/0.0/0.0/0.0/0.0/0.0/0.0/0.0/0.0/0.0/0.0/0.0/0.0/0.0/0.0/0.0/0.0/0.0/0.0/0.0/0.0/0.0/0.0/0.0/0.0/0.0/0.0/0.0/0.0/0.0/0.0/0.0/0.0/0.0/0.0/0.0/0.0/0.0/0.0/0.0/0.0/0.0/0.0,Kits / Accessories / Trim,,,,,,,Manual review,Manual,REVIEW,Body kit / Accessory / Trim requiring manual configuration.
🏎️ NISSAN,NISSAN 350Z Nismo370(2017) Body Kit,All variants,25,Kits / Accessories / Trim,0.0/0.0/0.0/0.0/0.0/0.0/0.0/0.0/0.0/0.0/0.0/0.0/0.0/0.0/0.0/0.0/0.0/0.0/0.0/0.0/0.0/0.0/0.0/0.0/0.0,Kits / Accessories / Trim,,,,,,,Manual review,Manual,REVIEW,Body kit / Accessory / Trim requiring manual configuration.
🏎️ MAZDA,ETi Mazda RX-7 (FD3S) Odula Style Wing,All variants,4,Standard Spoiler / Wing,0.0/0.0/0.0/0.0,Standard Spoiler / Wing,133.0,43.0,26.0,30.0,30.0,30.0,Cleaned category P75,High,UPDATE SITE,Generic standard-wing fallback; exact vehicle evidence preferred. Representative carton: A-DE5-RS-AR2& / OD-0022319. Representative carton: B-YARISGR-RS-GV / OD-0027494.
🏎️ MAZDA,ETi MAZDA2 2 ETi Carbon Fiber Spoiler,All variants,4,Standard Spoiler / Wing,0.0/0.0/0.0/0.0,Standard Spoiler / Wing,133.0,43.0,26.0,30.0,30.0,30.0,Cleaned category P75,High,UPDATE SITE,Generic standard-wing fallback; exact vehicle evidence preferred. Representative carton: A-DE5-RS-AR2& / OD-0022319. Representative carton: B-YARISGR-RS-GV / OD-0027494.
🏎️ TOYOTA,TOYOTA SUPRA W1 ETi Wide Body Body Kit,All variants,44,Kits / Accessories / Trim,0.0/0.0/0.0/0.0/0.0/0.0/0.0/0.0/0.0/0.0/0.0/0.0/0.0/0.0/0.0/0.0/0.0/0.0/0.0/0.0/0.0/0.0/0.0/0.0/0.0/0.0/0.0/0.0/0.0/0.0/0.0/0.0/0.0/0.0/0.0/0.0/0.0/0.0/0.0/0.0/0.0/0.0/0.0/0.0,Kits / Accessories / Trim,,,,,,,Manual review,Manual,REVIEW,Body kit / Accessory / Trim requiring manual configuration.
🏎️ PORSCHE,Porsche GT2 OEM Carbon Fiber Hood,All variants,4,Hood Standard,0.0/0.0/0.0/0.0,Hood — Standard,170.0,133.0,16.0,73.0,73.0,73.0,Cleaned category P75,High,UPDATE SITE,Retain the established ETi standard hood tier.
🏎️ PORSCHE,Porsche Cayenne OEM Carbon Fiber Hood,All variants,4,Hood Standard,0.0/0.0/0.0/0.0,Hood — Standard,170.0,133.0,16.0,73.0,73.0,73.0,Cleaned category P75,High,UPDATE SITE,Retain the established ETi standard hood tier.
🏎️ PORSCHE,Porsche Cayenne TechArt Carbon Fiber Hood,All variants,4,Hood Standard,0.0/0.0/0.0/0.0,Hood — Standard,170.0,133.0,16.0,73.0,73.0,73.0,Cleaned category P75,High,UPDATE SITE,Retain the established ETi standard hood tier.
🏎️ HONDA,ETi HONDA CIVIC EG 3DOOR  Carbon Fiber Doors,All variants,4,Door,0.0/0.0/0.0/0.0,Door,118.0,62.0,34.0,50.0,50.0,50.0,Cleaned category P75,Low,UPDATE SITE,Only three clean observations. Exact match only; pairs require manual confirmation. Representative carton: A-LP550-DOOR-IN / OD-0026429.
🏎️ HONDA,ETi HONDA CIVIC EK9  Carbon Fiber Doors,All variants,4,Door,0.0/0.0/0.0/0.0,Door,118.0,62.0,34.0,50.0,50.0,50.0,Cleaned category P75,Low,UPDATE SITE,Only three clean observations. Exact match only; pairs require manual confirmation. Representative carton: A-LP550-DOOR-IN / OD-0026429.
🏎️ HONDA,ETi HONDA EP3  Carbon Fiber Doors,All variants,4,Door,0.0/0.0/0.0/0.0,Door,118.0,62.0,34.0,50.0,50.0,50.0,Cleaned category P75,Low,UPDATE SITE,Only three clean observations. Exact match only; pairs require manual confirmation. Representative carton: A-LP550-DOOR-IN / OD-0026429.
🏎️ HONDA,ETi HONDA EP3 INT DOOR Carbon Fiber Doors,All variants,4,Door,0.0/0.0/0.0/0.0,Door,118.0,62.0,34.0,50.0,50.0,50.0,Cleaned category P75,Low,UPDATE SITE,Only three clean observations. Exact match only; pairs require manual confirmation. Representative carton: A-LP550-DOOR-IN / OD-0026429.
🏎️ HONDA,ETi HONDA DC5  Carbon Fiber Doors,All variants,4,Door,0.0/0.0/0.0/0.0,Door,118.0,62.0,34.0,50.0,50.0,50.0,Cleaned category P75,Low,UPDATE SITE,Only three clean observations. Exact match only; pairs require manual confirmation. Representative carton: A-LP550-DOOR-IN / OD-0026429.
🏎️ MITSUBISHI,ETi Mitsubishi EVO 6 Rear Carbon Fiber Doors,All variants,4,Door,0.0/0.0/0.0/0.0,Door,118.0,62.0,34.0,50.0,50.0,50.0,Cleaned category P75,Low,UPDATE SITE,Only three clean observations. Exact match only; pairs require manual confirmation. Representative carton: A-LP550-DOOR-IN / OD-0026429.
🏎️ MITSUBISHI,ETi Mitsubishi EVO 7/8/9 Rear Carbon Fiber Doors,All variants,4,Door,0.0/0.0/0.0/0.0,Door,118.0,62.0,34.0,50.0,50.0,50.0,Cleaned category P75,Low,UPDATE SITE,Only three clean observations. Exact match only; pairs require manual confirmation. Representative carton: A-LP550-DOOR-IN / OD-0026429.
🏎️ MAZDA,ETi MAZDA RX7 FRONT Carbon Fiber Doors,All variants,4,Door,0.0/0.0/0.0/0.0,Door,118.0,62.0,34.0,50.0,50.0,50.0,Cleaned category P75,Low,UPDATE SITE,Only three clean observations. Exact match only; pairs require manual confirmation. Representative carton: A-LP550-DOOR-IN / OD-0026429.
🏎️ MAZDA,ETi MAZDA RX7 INT DOOR Carbon Fiber Doors,All variants,4,Door,0.0/0.0/0.0/0.0,Door,118.0,62.0,34.0,50.0,50.0,50.0,Cleaned category P75,Low,UPDATE SITE,Only three clean observations. Exact match only; pairs require manual confirmation. Representative carton: A-LP550-DOOR-IN / OD-0026429.
🏎️ MITSUBISHI,ETi Mitsubishi EVO 10 Carbon Fiber Trunk,All variants,5,Trunk / Boot,0.0/0.0/0.0/0.0/0.0,Trunk / Boot,132.0,73.0,42.0,81.0,81.0,81.0,Cleaned category P75,Low,UPDATE SITE,Bimodal by chassis. Use exact vehicle profile only; otherwise retain current value and review. Representative carton: A-E46-TRUNK-OE / OD-0017474.
🏎️ MITSUBISHI,ETi Mitsubishi EVO 10 Carbon Fiber Roof,All variants,5,Kits / Accessories / Trim,0.0/0.0/0.0/0.0/0.0,Kits / Accessories / Trim,,,,,,,Manual review,Manual,REVIEW,Body kit / Accessory / Trim requiring manual configuration.
🏎️ MAZDA,ETi Mazda RX-7 (FD3S) 99 Spec Wing Ends,All variants,4,Standard Spoiler / Wing,0.0/0.0/0.0/0.0,Standard Spoiler / Wing,133.0,43.0,26.0,30.0,30.0,30.0,Cleaned category P75,High,UPDATE SITE,Generic standard-wing fallback; exact vehicle evidence preferred. Representative carton: A-DE5-RS-AR2& / OD-0022319. Representative carton: B-YARISGR-RS-GV / OD-0027494.
🏎️ MAZDA,ETi Mazda RX-7 (FD3S) 99 Spec Wing Insert End Caps,All variants,4,Standard Spoiler / Wing,0.0/0.0/0.0/0.0,Standard Spoiler / Wing,133.0,43.0,26.0,30.0,30.0,30.0,Cleaned category P75,High,UPDATE SITE,Generic standard-wing fallback; exact vehicle evidence preferred. Representative carton: A-DE5-RS-AR2& / OD-0022319. Representative carton: B-YARISGR-RS-GV / OD-0027494.
🏎️ MAZDA,ETi Mazda RX-7 (FD3S) Duckbill Wing Spoiler,All variants,4,Duckbill / Small Spoiler,0.0/0.0/0.0/0.0,Duckbill / Small Spoiler,133.0,41.0,14.0,16.0,16.0,16.0,Cleaned category P75,High,UPDATE SITE,Small spoiler class uses RS cartons at or below 20 volumetric kg. Representative carton: A-DE5-RS-AR2& / OD-0022319. Representative carton: A-G70-RS-EPA2 / OD-0027297.
🏎️ MAZDA,ETi Mazda RX-7 (FD3S) 99 Spec Wing Ends,All variants,4,Standard Spoiler / Wing,0.0/0.0/0.0/0.0,Standard Spoiler / Wing,133.0,43.0,26.0,30.0,30.0,30.0,Cleaned category P75,High,UPDATE SITE,Generic standard-wing fallback; exact vehicle evidence preferred. Representative carton: A-DE5-RS-AR2& / OD-0022319. Representative carton: B-YARISGR-RS-GV / OD-0027494.
🏎️ MAZDA,ETi Mazda RX-7 (FD3S) 99 Spec Wing Insert End Caps,All variants,4,Standard Spoiler / Wing,0.0/0.0/0.0/0.0,Standard Spoiler / Wing,133.0,43.0,26.0,30.0,30.0,30.0,Cleaned category P75,High,UPDATE SITE,Generic standard-wing fallback; exact vehicle evidence preferred. Representative carton: A-DE5-RS-AR2& / OD-0022319. Representative carton: B-YARISGR-RS-GV / OD-0027494.
🏎️ MAZDA,ETi Mazda RX-7 (FD3S) Duckbill Wing Spoiler,All variants,4,Duckbill / Small Spoiler,0.0/0.0/0.0/0.0,Duckbill / Small Spoiler,133.0,41.0,14.0,16.0,16.0,16.0,Cleaned category P75,High,UPDATE SITE,Small spoiler class uses RS cartons at or below 20 volumetric kg. Representative carton: A-DE5-RS-AR2& / OD-0022319. Representative carton: A-G70-RS-EPA2 / OD-0027297.
🏎️ MAZDA,Racing Dash – Mazda RX-7 FD3S (LHD & RHD),All variants,5,Kits / Accessories / Trim,0.0/0.0/0.0/0.0/0.0,Kits / Accessories / Trim,,,,,,,Manual review,Manual,REVIEW,Body kit / Accessory / Trim requiring manual configuration.
⚪ Other,R34 GTT Z-Tune Front Bumper Lip,All variants,4,Front Lip / Splitter,0.0/0.0/0.0/0.0,Front Lip / Splitter,177.0,57.0,17.0,35.0,35.0,35.0,Cleaned category P75,High,UPDATE SITE,Cleaned P75 of actual single-unit cartons. Representative carton: B-R34-FL-HSM / OD-0027251.
🏎️ MITSUBISHI,ETi Mitsubishi EVO 9 JP-Style Carbon Fiber Front Lip Bumper,All variants,4,Front Lip / Splitter,0.0/0.0/0.0/0.0,Front Lip / Splitter,177.0,57.0,17.0,35.0,35.0,35.0,Cleaned category P75,High,UPDATE SITE,Cleaned P75 of actual single-unit cartons. Representative carton: B-R34-FL-HSM / OD-0027251.
🏎️ MAZDA,Mazda RX-8 Pandem V3 Widebody Kit,All variants,32,Kits / Accessories / Trim,0.0/0.0/0.0/0.0/0.0/0.0/0.0/0.0/0.0/0.0/0.0/0.0/0.0/0.0/0.0/0.0/0.0/0.0/0.0/0.0/0.0/0.0/0.0/0.0/0.0/0.0/0.0/0.0/0.0/0.0/0.0/0.0,Kits / Accessories / Trim,,,,,,,Manual review,Manual,REVIEW,Body kit / Accessory / Trim requiring manual configuration.
🏎️ MAZDA,Mazda RX-8 R-Magic Wide Body Kit,All variants,43,Kits / Accessories / Trim,0.0/0.0/0.0/0.0/0.0/0.0/0.0/0.0/0.0/0.0/0.0/0.0/0.0/0.0/0.0/0.0/0.0/0.0/0.0/0.0/0.0/0.0/0.0/0.0/0.0/0.0/0.0/0.0/0.0/0.0/0.0/0.0/0.0/0.0/0.0/0.0/0.0/0.0/0.0/0.0/0.0/0.0/0.0,Kits / Accessories / Trim,,,,,,,Manual review,Manual,REVIEW,Body kit / Accessory / Trim requiring manual configuration.
🏎️ MAZDA,Mazda RX-7 FD3S Tokyo Drift Wide Body Kit,All variants,50,Kits / Accessories / Trim,0.0/0.0/0.0/0.0/0.0/0.0/0.0/0.0/0.0/0.0/0.0/0.0/0.0/0.0/0.0/0.0/0.0/0.0/0.0/0.0/0.0/0.0/0.0/0.0/0.0/0.0/0.0/0.0/0.0/0.0/0.0/0.0/0.0/0.0/0.0/0.0/0.0/0.0/0.0/0.0/0.0/0.0/0.0/0.0/0.0/0.0/0.0/0.0/0.0/0.0,Kits / Accessories / Trim,,,,,,,Manual review,Manual,REVIEW,Body kit / Accessory / Trim requiring manual configuration.
🏎️ MAZDA,Mazda3 RE-Amemiya Rear Spoiler,All variants,4,Standard Spoiler / Wing,0.0/0.0/0.0/0.0,Standard Spoiler / Wing,133.0,43.0,26.0,30.0,30.0,30.0,Cleaned category P75,High,UPDATE SITE,Generic standard-wing fallback; exact vehicle evidence preferred. Representative carton: A-DE5-RS-AR2& / OD-0022319. Representative carton: B-YARISGR-RS-GV / OD-0027494.
🏎️ MAZDA,Mazda3 Mazdaspeed Style Front Grille,All variants,5,Kits / Accessories / Trim,0.0/0.0/0.0/0.0/0.0,Kits / Accessories / Trim,,,,,,,Manual review,Manual,REVIEW,Body kit / Accessory / Trim requiring manual configuration.
⚪ Other,Triton 2022,All variants,15,Kits / Accessories / Trim,0.0/0.0/0.0/0.0/0.0/0.0/0.0/0.0/0.0/0.0/0.0/0.0/0.0/0.0/0.0,Kits / Accessories / Trim,,,,,,,Manual review,Manual,REVIEW,Body kit / Accessory / Trim requiring manual configuration.
🏎️ MITSUBISHI,EVO 7-8 Monster,All variants,20,Kits / Accessories / Trim,0.0/0.0/0.0/0.0/0.0/0.0/0.0/0.0/0.0/0.0/0.0/0.0/0.0/0.0/0.0/0.0/0.0/0.0/0.0/0.0,Kits / Accessories / Trim,,,,,,,Manual review,Manual,REVIEW,Body kit / Accessory / Trim requiring manual configuration.
🏎️ MITSUBISHI,EVO8(EVO 7-8) VOLTEX for EVO8,All variants,20,Kits / Accessories / Trim,0.0/0.0/0.0/0.0/0.0/0.0/0.0/0.0/0.0/0.0/0.0/0.0/0.0/0.0/0.0/0.0/0.0/0.0/0.0/0.0,Kits / Accessories / Trim,,,,,,,Manual review,Manual,REVIEW,Body kit / Accessory / Trim requiring manual configuration.
🏎️ MITSUBISHI,EVO9 VOLTEX Cyber For Race,All variants,50,Kits / Accessories / Trim,0.0/0.0/0.0/0.0/0.0/0.0/0.0/0.0/0.0/0.0/0.0/0.0/0.0/0.0/0.0/0.0/0.0/0.0/0.0/0.0/0.0/0.0/0.0/0.0/0.0/0.0/0.0/0.0/0.0/0.0/0.0/0.0/0.0/0.0/0.0/0.0/0.0/0.0/0.0/0.0/0.0/0.0/0.0/0.0/0.0/0.0/0.0/0.0/0.0/0.0,Kits / Accessories / Trim,,,,,,,Manual review,Manual,REVIEW,Body kit / Accessory / Trim requiring manual configuration.
🏎️ MITSUBISHI,EVO10 EVO10,All variants,50,Kits / Accessories / Trim,0.0/0.0/0.0/0.0/0.0/0.0/0.0/0.0/0.0/0.0/0.0/0.0/0.0/0.0/0.0/0.0/0.0/0.0/0.0/0.0/0.0/0.0/0.0/0.0/0.0/0.0/0.0/0.0/0.0/0.0/0.0/0.0/0.0/0.0/0.0/0.0/0.0/0.0/0.0/0.0/0.0/0.0/0.0/0.0/0.0/0.0/0.0/0.0/0.0/0.0,Kits / Accessories / Trim,,,,,,,Manual review,Manual,REVIEW,Body kit / Accessory / Trim requiring manual configuration.
⚪ Other,200 SX S15 Conversion,All variants,50,Kits / Accessories / Trim,0.0/0.0/0.0/0.0/0.0/0.0/0.0/0.0/0.0/0.0/0.0/0.0/0.0/0.0/0.0/0.0/0.0/0.0/0.0/0.0/0.0/0.0/0.0/0.0/0.0/0.0/0.0/0.0/0.0/0.0/0.0/0.0/0.0/0.0/0.0/0.0/0.0/0.0/0.0/0.0/0.0/0.0/0.0/0.0/0.0/0.0/0.0/0.0/0.0/0.0,Kits / Accessories / Trim,,,,,,,Manual review,Manual,REVIEW,Body kit / Accessory / Trim requiring manual configuration.
